,genename,length,group,Cpg_number,log_gene_length,log_CpG,promoter_CpG_number,log_promoter_CpG
1,Scmh1,"124,907",Group1,828,5.1,2.92,65,1.81
2,Fer,"243,478",Group1,"1,731",5.39,3.24,13,1.11
3,Xpo6,"98,788",Group1,788,4.99,2.9,30,1.48
4,Dlat,"25,149",Group1,339,4.4,2.53,44,1.64
5,Ccnd2,"27,033",Group1,488,4.43,2.69,92,1.96
6,Gpr107,"66,461",Group1,800,4.82,2.9,38,1.58
7,Nalcn,"350,512",Group1,"1,861",5.54,3.27,8,0.9
8,Cdh4,"456,944",Group1,"5,578",5.66,3.75,45,1.65
9,Ccm2,"49,859",Group1,630,4.7,2.8,44,1.64
10,Pparg,"129,450",Group1,744,5.11,2.87,30,1.48
11,Tom1l2,"126,193",Group1,"1,159",5.1,3.06,49,1.69
12,Gabra2,"138,254",Group1,735,5.14,2.87,53,1.72
13,Myo18a,"102,736",Group1,"1,642",5.01,3.22,30,1.48
14,Oprm1,"279,694",Group1,"1,740",5.45,3.24,9,0.95
15,Kcnn3,"154,970",Group1,"1,888",5.19,3.28,32,1.51
16,Epn2,"62,440",Group1,498,4.8,2.7,30,1.48
17,Sec24b,"78,796",Group1,"1,119",4.9,3.05,25,1.4
18,Luzp1,"85,021",Group1,604,4.93,2.78,37,1.57
19,Mcm3ap,"46,932",Group1,626,4.67,2.8,47,1.67
20,Gmcl1,"41,617",Group1,417,4.62,2.62,50,1.7
21,Agpat3,"83,313",Group1,"1,029",4.92,3.01,28,1.45
22,Snd1,"460,025",Group1,"4,344",5.66,3.64,14,1.15
23,Ell2,"65,609",Group1,535,4.82,2.73,16,1.2
24,Ergic1,"95,444",Group1,"1,293",4.98,3.11,38,1.58
25,7-Sep,"56,134",Group1,377,4.75,2.58,69,1.84
26,Nup214,"79,541",Group1,864,4.9,2.94,47,1.67
27,Ltbp1,"386,946",Group1,"3,857",5.59,3.59,40,1.6
28,Siae,"93,959",Group1,733,4.97,2.87,11,1.04
29,Grik3,"223,475",Group1,"3,391",5.35,3.53,137,2.14
30,Sipa1l2,"151,747",Group1,"2,061",5.18,3.31,111,2.05
31,Ap4e1,"59,194",Group1,563,4.77,2.75,36,1.56
32,Kmt2a,"77,943",Group1,"1,179",4.89,3.07,135,2.13
33,Ddb2,"25,412",Group1,185,4.41,2.27,33,1.52
34,Ppard,"68,717",Group1,"1,191",4.84,3.08,59,1.77
35,Peg3,"26,541",Group1,364,4.42,2.56,45,1.65
36,Lmf1,"83,654",Group1,"1,179",4.92,3.07,37,1.57
37,Rgs20,"160,711",Group1,"1,221",5.21,3.09,26,1.41
38,Akap8l,"29,158",Group1,356,4.46,2.55,38,1.58
39,Prkd1,"307,869",Group1,"2,172",5.49,3.34,72,1.86
40,Baz1b,"58,867",Group1,621,4.77,2.79,67,1.83
41,Tbc1d8,"107,265",Group1,"1,443",5.03,3.16,40,1.6
42,Slc2a3,"73,833",Group1,967,4.87,2.99,68,1.83
43,Grk5,"202,806",Group1,"1,224",5.31,3.09,27,1.43
44,Dlgap1,"852,342",Group1,"7,566",5.93,3.88,26,1.41
45,Pld3,"21,220",Group1,354,4.33,2.55,49,1.69
46,Grik5,"62,499",Group1,929,4.8,2.97,57,1.76
47,Crtc1,"57,226",Group1,696,4.76,2.84,53,1.72
48,Man1a,"171,826",Group1,"1,468",5.24,3.17,10,1
49,Mast2,"157,423",Group1,"1,085",5.2,3.04,63,1.8
50,Nfat5,"86,049",Group1,487,4.93,2.69,59,1.77
51,Ppfia3,"27,899",Group1,590,4.45,2.77,93,1.97
52,Hlf,"54,361",Group1,850,4.74,2.93,53,1.72
53,Grm3,"239,631",Group1,"1,224",5.38,3.09,49,1.69
54,Ssbp2,"243,148",Group1,"1,912",5.39,3.28,18,1.26
55,Brinp2,"111,059",Group1,994,5.05,3,27,1.43
56,Cacna1e,"493,772",Group1,"3,795",5.69,3.58,40,1.6
57,Cacna1b,"159,267",Group1,"1,582",5.2,3.2,51,1.71
58,Etv1,"91,106",Group1,774,4.96,2.89,65,1.81
59,Pde1c,"499,301",Group1,"3,038",5.7,3.48,28,1.45
60,Utp20,"80,199",Group1,950,4.9,2.98,24,1.38
61,Cul3,"75,559",Group1,497,4.88,2.7,89,1.95
62,Large,"538,943",Group1,"3,551",5.73,3.55,83,1.92
63,Chn2,"262,258",Group1,"2,738",5.42,3.44,33,1.52
64,Hdac9,"869,517",Group1,"5,999",5.94,3.78,22,1.34
65,Srpk1,"34,875",Group1,513,4.54,2.71,38,1.58
66,Prkacb,"83,418",Group1,890,4.92,2.95,61,1.79
67,Chd5,"51,545",Group1,"1,111",4.71,3.05,54,1.73
68,Slc1a2,"132,127",Group1,"1,191",5.12,3.08,37,1.57
69,Eif2ak4,"86,618",Group1,882,4.94,2.95,35,1.54
70,Igf1r,"280,843",Group1,"4,006",5.45,3.6,244,2.39
71,Reep5,"28,528",Group1,446,4.46,2.65,51,1.71
72,Ncoa2,"234,980",Group1,"2,789",5.37,3.45,81,1.91
73,Smpd4,"25,476",Group1,271,4.41,2.43,31,1.49
74,Clint1,"58,576",Group1,654,4.77,2.82,53,1.72
75,Neurl1a,"80,622",Group1,"1,311",4.91,3.12,43,1.63
76,Tmem110,"51,622",Group1,718,4.71,2.86,27,1.43
77,Qrich1,"43,359",Group1,420,4.64,2.62,29,1.46
78,RP23-92G13.7,"56,137",Group1,626,4.75,2.8,28,1.45
79,Sulf2,"82,576",Group1,"1,512",4.92,3.18,33,1.52
80,Stx1a,"27,620",Group1,501,4.44,2.7,34,1.53
81,Mark3,"81,700",Group1,810,4.91,2.91,57,1.76
82,Gabrb2,"209,273",Group1,"1,109",5.32,3.04,43,1.63
83,Zmiz1,"207,560",Group1,"2,794",5.32,3.45,127,2.1
84,Ift43,"79,920",Group1,"1,157",4.9,3.06,25,1.4
85,Fhl2,"73,912",Group1,783,4.87,2.89,7,0.85
86,Clstn3,"34,037",Group1,434,4.53,2.64,30,1.48
87,Cers4,"38,656",Group1,304,4.59,2.48,23,1.36
88,Elavl2,"150,024",Group1,"1,360",5.18,3.13,25,1.4
89,Pou2f2,"92,384",Group1,"1,583",4.97,3.2,79,1.9
90,Rbfox1,"1,526,173",Group1,"9,969",6.18,4,45,1.65
91,Man1a2,"123,297",Group1,863,5.09,2.94,122,2.09
92,Nf2,"83,693",Group1,825,4.92,2.92,38,1.58
93,Ap1b1,"55,969",Group1,565,4.75,2.75,18,1.26
94,Mkl2,"161,050",Group1,"1,255",5.21,3.1,45,1.65
95,Mcu,"169,710",Group1,"2,160",5.23,3.33,38,1.58
96,Pou6f2,"276,590",Group1,"1,918",5.44,3.28,23,1.36
97,Snap47,"44,054",Group1,514,4.64,2.71,24,1.38
98,Gabra1,"51,993",Group1,332,4.72,2.52,24,1.38
99,Pdhx,"52,440",Group1,459,4.72,2.66,57,1.76
100,Sptbn4,"91,305",Group1,"1,657",4.96,3.22,75,1.88
101,Evi5,"130,314",Group1,"1,045",5.11,3.02,10,1
102,Med15,"81,685",Group1,603,4.91,2.78,44,1.64
103,Adgrl1,"41,851",Group1,808,4.62,2.91,74,1.87
104,Etv5,"58,412",Group1,952,4.77,2.98,74,1.87
105,Ptprs,"64,059",Group1,"1,519",4.81,3.18,60,1.78
106,Tango2,"47,280",Group1,477,4.67,2.68,79,1.9
107,Prdm15,"60,385",Group1,593,4.78,2.77,33,1.52
108,Klhl3,"113,366",Group1,"1,738",5.05,3.24,46,1.66
109,Dnajc7,"37,352",Group1,525,4.57,2.72,23,1.36
110,Bicc1,"236,870",Group1,"2,872",5.37,3.46,85,1.93
111,Ankrd28,"131,885",Group1,936,5.12,2.97,80,1.9
112,Wdfy2,"123,833",Group1,"1,158",5.09,3.06,54,1.73
113,Camta1,"944,556",Group1,"13,614",5.98,4.13,114,2.06
114,Kif1a,"86,489",Group1,"1,089",4.94,3.04,44,1.64
115,Fam120b,"37,383",Group1,477,4.57,2.68,30,1.48
116,Efr3a,"86,784",Group1,705,4.94,2.85,27,1.43
117,Actn1,"92,826",Group1,"1,203",4.97,3.08,60,1.78
118,Sash1,"163,853",Group1,"2,463",5.21,3.39,54,1.73
119,Arnt,"62,854",Group1,508,4.8,2.71,29,1.46
120,Zfp318,"37,191",Group1,397,4.57,2.6,61,1.79
121,Arnt2,"163,900",Group1,"1,335",5.21,3.13,33,1.52
122,Tnr,"407,962",Group1,"2,970",5.61,3.47,8,0.9
123,Fam184b,"109,911",Group1,809,5.04,2.91,27,1.43
124,Lcorl,"160,436",Group1,"1,174",5.21,3.07,48,1.68
125,Cacna1d,"451,518",Group1,"4,916",5.65,3.69,21,1.32
126,Syt14,"144,544",Group1,862,5.16,2.94,48,1.68
127,E2f3,"79,490",Group1,"1,285",4.9,3.11,49,1.69
128,Ppfibp1,"143,540",Group1,"1,301",5.16,3.11,72,1.86
129,Atxn10,"126,969",Group1,"1,300",5.1,3.11,24,1.38
130,Pacsin2,"89,001",Group1,985,4.95,2.99,41,1.61
131,Scube1,"120,024",Group1,"1,730",5.08,3.24,71,1.85
132,Cyth1,"116,575",Group1,"1,432",5.07,3.16,47,1.67
133,Vps53,"133,423",Group1,"1,156",5.13,3.06,40,1.6
134,Nlk,"130,207",Group1,871,5.11,2.94,49,1.69
135,Cacnb4,"248,513",Group1,"2,607",5.4,3.42,26,1.41
136,Rarb,"388,319",Group1,"2,495",5.59,3.4,4,0.6
137,Rab11fip4,"106,813",Group1,"1,536",5.03,3.19,67,1.83
138,Rhot1,"58,890",Group1,554,4.77,2.74,29,1.46
139,Rhbdl3,"55,045",Group1,715,4.74,2.85,56,1.75
140,Pitpna,"40,709",Group1,457,4.61,2.66,42,1.62
141,Ppp2r5c,"135,944",Group1,"2,178",5.13,3.34,95,1.98
142,B4galt5,"50,741",Group1,757,4.71,2.88,76,1.88
143,Cadps2,"576,650",Group1,"4,567",5.76,3.66,78,1.89
144,Cyth3,"87,805",Group1,"1,082",4.94,3.03,43,1.63
145,Med13l,"204,761",Group1,"2,584",5.31,3.41,179,2.25
146,Vmp1,"99,973",Group1,809,5,2.91,49,1.69
147,Stk4,"85,204",Group1,"1,205",4.93,3.08,17,1.23
148,Anxa6,"54,339",Group1,602,4.74,2.78,42,1.62
149,Mapt,"100,702",Group1,"1,438",5,3.16,68,1.83
150,Kansl1,"135,634",Group1,956,5.13,2.98,108,2.03
151,Myo1b,"166,308",Group1,"1,891",5.22,3.28,21,1.32
152,Appbp2,"47,870",Group1,506,4.68,2.7,41,1.61
153,Tada2a,"50,682",Group1,527,4.7,2.72,53,1.72
154,Dync1h1,"65,495",Group1,"1,319",4.82,3.12,59,1.77
155,Acsl1,"65,016",Group1,926,4.81,2.97,45,1.65
156,Abca5,"68,349",Group1,700,4.83,2.85,45,1.65
157,Wwc1,"142,129",Group1,"2,014",5.15,3.3,48,1.68
158,Arrb1,"71,307",Group1,910,4.85,2.96,46,1.66
159,Nars2,"113,255",Group1,809,5.05,2.91,26,1.41
160,Scrn1,"65,318",Group1,804,4.82,2.91,23,1.36
161,Cacng2,"128,282",Group1,"1,645",5.11,3.22,34,1.53
162,Atp6v0a1,"54,269",Group1,762,4.73,2.88,36,1.56
163,Sema6a,"133,274",Group1,"1,753",5.12,3.24,88,1.94
164,Akt3,"238,132",Group1,"1,252",5.38,3.1,116,2.06
165,Rgs17,"96,739",Group1,801,4.99,2.9,49,1.69
166,Stxbp5,"145,534",Group1,"1,454",5.16,3.16,79,1.9
167,Pcmt1,"51,765",Group1,636,4.71,2.8,103,2.01
168,Lrp11,"35,685",Group1,457,4.55,2.66,35,1.54
169,Aig1,"221,928",Group1,"2,007",5.35,3.3,40,1.6
170,Utrn,"487,179",Group1,"4,363",5.69,3.64,52,1.72
171,Grm1,"396,299",Group1,"2,552",5.6,3.41,11,1.04
172,Slc16a10,"108,728",Group1,"1,046",5.04,3.02,30,1.48
173,Rev3l,"143,095",Group1,"1,177",5.16,3.07,125,2.1
174,Arfgef3,"162,112",Group1,"1,286",5.21,3.11,16,1.2
175,Reps1,"69,296",Group1,747,4.84,2.87,104,2.02
176,Fam184a,"117,980",Group1,"1,050",5.07,3.02,62,1.79
177,Reep3,"87,758",Group1,"1,281",4.94,3.11,73,1.86
178,Mgat4c,"709,984",Group1,"3,353",5.85,3.53,8,0.9
179,Ptprk,"522,579",Group1,"3,459",5.72,3.54,64,1.81
180,Lama2,"639,724",Group1,"3,375",5.81,3.53,7,0.85
181,Lin7a,"149,790",Group1,"1,174",5.18,3.07,29,1.46
182,Ppp1r12a,"122,284",Group1,"1,150",5.09,3.06,90,1.95
183,Lims1,"101,227",Group1,763,5.01,2.88,42,1.62
184,Arid5b,"186,222",Group1,"2,429",5.27,3.39,70,1.85
185,Uhrf1bp1l,"74,882",Group1,795,4.87,2.9,23,1.36
186,Kitl,"84,788",Group1,879,4.93,2.94,30,1.48
187,Sgk1,"117,721",Group1,"1,367",5.07,3.14,24,1.38
188,Hbs1l,"72,921",Group1,871,4.86,2.94,32,1.51
189,Epb41l2,"163,723",Group1,"1,851",5.21,3.27,45,1.65
190,Ahi1,"127,884",Group1,"1,421",5.11,3.15,53,1.72
191,Pde7b,"327,076",Group1,"3,051",5.51,3.48,39,1.59
192,Map7,"133,121",Group1,"1,886",5.12,3.28,23,1.36
193,Stx7,"40,922",Group1,489,4.61,2.69,21,1.32
194,Pex7,"53,791",Group1,567,4.73,2.75,17,1.23
195,Tmcc3,"279,009",Group1,"3,809",5.45,3.58,34,1.53
196,Cep83,"102,201",Group1,721,5.01,2.86,55,1.74
197,Herc4,"74,070",Group1,670,4.87,2.83,41,1.61
198,Slc16a7,"170,197",Group1,"1,628",5.23,3.21,48,1.68
199,Micu1,"161,657",Group1,"2,101",5.21,3.32,27,1.43
200,Srgap1,"266,326",Group1,"3,669",5.43,3.56,122,2.09
201,Usp15,"91,991",Group1,"1,107",4.96,3.04,70,1.85
202,Ptprr,"256,721",Group1,"2,351",5.41,3.37,37,1.57
203,Cobl,"228,354",Group1,"1,463",5.36,3.17,49,1.69
204,Nav3,"774,947",Group1,"5,453",5.89,3.74,21,1.32
205,Cabin1,"118,231",Group1,"1,433",5.07,3.16,51,1.71
206,Vps13d,"222,385",Group1,"1,822",5.35,3.26,33,1.52
207,Dip2a,"85,864",Group1,"1,314",4.93,3.12,66,1.82
208,Hcfc2,"46,270",Group1,433,4.67,2.64,11,1.04
209,Adarb1,"127,546",Group1,"1,410",5.11,3.15,66,1.82
210,Fbxw11,"104,094",Group1,977,5.02,2.99,64,1.81
211,Acsl6,"60,960",Group1,715,4.79,2.85,21,1.32
212,Cyfip2,"119,011",Group1,"1,785",5.08,3.25,31,1.49
213,Sgcd,"1,092,718",Group1,"5,866",6.04,3.77,48,1.68
214,Mapk9,"39,672",Group1,428,4.6,2.63,47,1.67
215,Rasgef1c,"79,161",Group1,994,4.9,3,46,1.66
216,Rnf130,"79,414",Group1,639,4.9,2.81,78,1.89
217,Ascc2,"47,954",Group1,590,4.68,2.77,23,1.36
218,Adcy1,"115,019",Group1,"1,338",5.06,3.13,67,1.83
219,Osbp2,"160,174",Group1,"1,987",5.2,3.3,42,1.62
220,Gabrg2,"90,656",Group1,463,4.96,2.67,10,1
221,Ogdh,"65,011",Group1,643,4.81,2.81,37,1.57
222,Rps6kb1,"45,936",Group1,391,4.66,2.59,47,1.67
223,Galnt10,"142,074",Group1,"2,262",5.15,3.35,71,1.85
224,Acaca,"271,981",Group1,"2,237",5.43,3.35,89,1.95
225,Bzw2,"66,247",Group1,850,4.82,2.93,38,1.58
226,Atxn7l1,"225,494",Group1,"2,830",5.35,3.45,75,1.88
227,Rock2,"92,930",Group1,594,4.97,2.77,92,1.96
228,Snx13,"100,295",Group1,645,5,2.81,72,1.86
229,Nrcam,"273,081",Group1,"2,181",5.44,3.34,46,1.66
230,Abca8b,"63,657",Group1,498,4.8,2.7,17,1.23
231,Map2k6,"126,402",Group1,"1,676",5.1,3.22,43,1.63
232,Itsn2,"121,326",Group1,"1,094",5.08,3.04,17,1.23
233,Rnf144a,"114,292",Group1,"1,167",5.06,3.07,33,1.52
234,Mboat2,"133,520",Group1,"1,642",5.13,3.22,15,1.18
235,Ncoa1,"229,822",Group1,"1,597",5.36,3.2,60,1.78
236,Adcy3,"80,424",Group1,"1,091",4.91,3.04,25,1.4
237,Efr3b,"76,363",Group1,943,4.88,2.97,43,1.63
238,Dnmt3a,"108,438",Group1,"1,651",5.04,3.22,20,1.3
239,Sntg2,"198,895",Group1,"1,539",5.3,3.19,27,1.43
240,Pxdn,"80,052",Group1,"1,007",4.9,3,27,1.43
241,Map3k3,"70,835",Group1,568,4.85,2.75,66,1.82
242,Asic2,"1,088,290",Group1,"9,439",6.04,3.97,44,1.64
243,Ern1,"93,204",Group1,798,4.97,2.9,43,1.63
244,Nf1,"241,921",Group1,"1,840",5.38,3.26,65,1.81
245,Cep112,"435,425",Group1,"3,024",5.64,3.48,47,1.67
246,Pafah1b1,"50,723",Group1,419,4.71,2.62,13,1.11
247,Ankfy1,"82,142",Group1,588,4.91,2.77,33,1.52
248,Ube2o,"43,709",Group1,703,4.64,2.85,52,1.72
249,RP23-207N15.3,"53,532",Group1,469,4.73,2.67,39,1.59
250,Rabep1,"98,329",Group1,754,4.99,2.88,27,1.43
251,Kif1c,"31,418",Group1,486,4.5,2.69,74,1.87
252,Cpd,"68,596",Group1,663,4.84,2.82,33,1.52
253,Spag9,"129,996",Group1,970,5.11,2.99,71,1.85
254,Cacna1g,"65,809",Group1,"1,053",4.82,3.02,76,1.88
255,Myh10,"125,075",Group1,"1,653",5.1,3.22,39,1.59
256,Stat5b,"69,995",Group1,"1,097",4.85,3.04,52,1.72
257,Eftud2,"42,514",Group1,601,4.63,2.78,45,1.65
258,Sel1l,"43,116",Group1,601,4.63,2.78,34,1.53
259,Npas3,"823,500",Group1,"7,402",5.92,3.87,106,2.03
260,Ralgapa1,"218,273",Group1,"1,438",5.34,3.16,30,1.48
261,Nova1,"124,414",Group1,825,5.09,2.92,144,2.16
262,Ppp2r5e,"145,366",Group1,"1,165",5.16,3.07,79,1.9
263,Sptb,"130,061",Group1,"2,054",5.11,3.31,49,1.69
264,Fut8,"238,215",Group1,"1,276",5.38,3.11,34,1.53
265,Atl1,"73,805",Group1,765,4.87,2.88,36,1.56
266,Rtn1,"197,304",Group1,"2,296",5.3,3.36,17,1.23
267,Clmn,"101,961",Group1,"1,486",5.01,3.17,45,1.65
268,Hif1a,"46,157",Group1,417,4.66,2.62,20,1.3
269,Galnt16,"112,697",Group1,"1,274",5.05,3.11,29,1.46
270,Wdr37,"68,943",Group1,696,4.84,2.84,8,0.9
271,Esyt2,"109,856",Group1,678,5.04,2.83,59,1.77
272,Tdp1,"70,704",Group1,"1,000",4.85,3,82,1.91
273,Rps6ka5,"178,546",Group1,"1,288",5.25,3.11,24,1.38
274,Pfkp,"69,011",Group1,768,4.84,2.89,41,1.61
275,Unc79,"235,208",Group1,"2,648",5.37,3.42,36,1.56
276,Ppp4r4,"81,550",Group1,653,4.91,2.81,37,1.57
277,Tshz3,"75,437",Group1,"1,164",4.88,3.07,162,2.21
278,Rgs6,"573,766",Group1,"5,208",5.76,3.72,25,1.4
279,Dpf3,"273,973",Group1,"3,034",5.44,3.48,60,1.78
280,Numb,"127,902",Group1,930,5.11,2.97,42,1.62
281,Ylpm1,"74,196",Group1,621,4.87,2.79,33,1.52
282,Cyp46a1,"27,855",Group1,405,4.44,2.61,94,1.97
283,Evl,"133,798",Group1,"1,286",5.13,3.11,45,1.65
284,Meg3,"30,727",Group1,460,4.49,2.66,57,1.76
285,Tecpr2,"83,132",Group1,866,4.92,2.94,65,1.81
286,Traf3,"100,785",Group1,"1,357",5,3.13,100,2
287,Cdc42bpb,"84,744",Group1,"1,819",4.93,3.26,92,1.96
288,Hecw1,"296,792",Group1,"1,468",5.47,3.17,23,1.36
289,Ryr2,"553,845",Group1,"4,108",5.74,3.61,42,1.62
290,Amph,"202,718",Group1,"1,675",5.31,3.22,14,1.15
291,Lrrc16a,"268,453",Group1,"2,665",5.43,3.43,80,1.9
292,Gcnt2,"101,140",Group1,"1,264",5,3.1,23,1.36
293,Hivep1,"140,518",Group1,"1,536",5.15,3.19,87,1.94
294,Cap2,"148,435",Group1,"1,884",5.17,3.28,25,1.4
295,Kif13a,"180,782",Group1,"2,619",5.26,3.42,93,1.97
296,Fars2,"608,870",Group1,"4,432",5.78,3.65,48,1.68
297,Shc3,"138,380",Group1,"1,420",5.14,3.15,32,1.51
298,Sema4d,"108,220",Group1,"1,571",5.03,3.2,21,1.32
299,AC130827.2,"361,205",Group1,"3,176",5.56,3.5,32,1.51
300,Sfxn1,"36,475",Group1,533,4.56,2.73,47,1.67
301,Fam193b,"31,806",Group1,409,4.5,2.61,41,1.61
302,Ptdss1,"65,573",Group1,516,4.82,2.71,32,1.51
303,Adcy2,"379,500",Group1,"2,898",5.58,3.46,41,1.61
304,Agtpbp1,"139,487",Group1,"1,687",5.14,3.23,115,2.06
305,Tppp,"26,348",Group1,324,4.42,2.51,42,1.62
306,Nsun2,"102,036",Group1,"1,607",5.01,3.21,73,1.86
307,Mctp1,"647,277",Group1,"3,530",5.81,3.55,69,1.84
308,Slf1,"92,387",Group1,502,4.97,2.7,45,1.65
309,Arhgef28,"306,972",Group1,"3,723",5.49,3.57,49,1.69
310,Col4a3bp,"97,551",Group1,741,4.99,2.87,41,1.61
311,Iqgap2,"264,747",Group1,"2,923",5.42,3.47,73,1.86
312,Pde8b,"225,884",Group1,"2,163",5.35,3.34,25,1.4
313,Pde4d,"1,503,515",Group1,"12,022",6.18,4.08,23,1.36
314,Rab3c,"226,811",Group1,"1,835",5.36,3.26,23,1.36
315,Zfyve16,"43,762",Group1,322,4.64,2.51,52,1.72
316,Rasgrf2,"251,258",Group1,"1,596",5.4,3.2,53,1.72
317,Erbb2ip,"101,729",Group1,663,5.01,2.82,208,2.32
318,Rnf180,"164,816",Group1,"1,293",5.22,3.11,23,1.36
319,Parp8,"170,719",Group1,"1,679",5.23,3.23,77,1.89
320,Emb,"65,881",Group1,771,4.82,2.89,23,1.36
321,Hcn1,"385,100",Group1,"2,111",5.59,3.32,25,1.4
322,Slc4a7,"97,663",Group1,735,4.99,2.87,9,0.95
323,Ptprg,"688,511",Group1,"6,343",5.84,3.8,87,1.94
324,RP23-466M3.1,"235,050",Group1,"1,888",5.37,3.28,42,1.62
325,Thrb,"377,831",Group1,"2,058",5.58,3.31,42,1.62
326,Ecd,"28,271",Group1,369,4.45,2.57,45,1.65
327,Camk2g,"59,215",Group1,843,4.77,2.93,52,1.72
328,Vcl,"104,280",Group1,780,5.02,2.89,56,1.75
329,Txndc16,"86,865",Group1,808,4.94,2.91,45,1.65
330,Samd4,"222,963",Group1,"2,758",5.35,3.44,84,1.92
331,Ktn1,"91,448",Group1,898,4.96,2.95,26,1.41
332,Slc35f4,"227,529",Group1,"1,421",5.36,3.15,12,1.08
333,Slmap,"121,765",Group1,"1,072",5.09,3.03,28,1.45
334,Arhgef3,"289,014",Group1,"3,083",5.46,3.49,49,1.69
335,Mapk8,"69,262",Group1,457,4.84,2.66,61,1.79
336,Cryl1,"123,538",Group1,"1,374",5.09,3.14,34,1.53
337,Zdhhc20,"57,575",Group1,511,4.76,2.71,41,1.61
338,Extl3,"97,797",Group1,"1,333",4.99,3.12,43,1.63
339,Atp8a2,"558,641",Group1,"5,638",5.75,3.75,19,1.28
340,Cacna2d3,"816,923",Group1,"6,001",5.91,3.78,147,2.17
341,Mipep,"120,907",Group1,"1,409",5.08,3.15,35,1.54
342,Enox1,"564,999",Group1,"6,281",5.75,3.8,73,1.86
343,Klhl1,"416,368",Group1,"2,045",5.62,3.31,18,1.26
344,Ppp3cc,"71,608",Group1,593,4.85,2.77,48,1.68
345,Gfra2,"89,720",Group1,771,4.95,2.89,87,1.94
346,Rb1,"142,151",Group1,"1,253",5.15,3.1,97,1.99
347,Gpc5,"1,432,966",Group1,"8,467",6.16,3.93,29,1.46
348,Slc7a8,"59,739",Group1,775,4.78,2.89,34,1.53
349,Acin1,"44,772",Group1,627,4.65,2.8,24,1.38
350,Oxct1,"128,963",Group1,"1,184",5.11,3.07,33,1.52
351,Pdzd2,"380,215",Group1,"4,885",5.58,3.69,46,1.66
352,Zfr,"67,854",Group1,556,4.83,2.75,60,1.78
353,Sema5a,"451,533",Group1,"3,164",5.65,3.5,53,1.72
354,Ctnnd2,"856,750",Group1,"7,346",5.93,3.87,48,1.68
355,Sdc2,"114,214",Group1,543,5.06,2.73,13,1.11
356,Trio,"295,199",Group1,"4,689",5.47,3.67,57,1.76
357,11-Mar,"100,530",Group1,791,5,2.9,52,1.72
358,Retreg1,"130,509",Group1,"1,735",5.12,3.24,40,1.6
359,Zfpm2,"449,559",Group1,"2,866",5.65,3.46,40,1.6
360,Oxr1,"413,568",Group1,"3,075",5.62,3.49,67,1.83
361,Csmd3,"1,211,428",Group1,"5,126",6.08,3.71,40,1.6
362,Cdh10,"195,291",Group1,"1,169",5.29,3.07,27,1.43
363,Matn2,"129,598",Group1,908,5.11,2.96,32,1.51
364,Stk3,"303,427",Group1,"2,073",5.48,3.32,13,1.11
365,Mtss1,"140,773",Group1,"2,387",5.15,3.38,92,1.96
366,Adcy8,"225,214",Group1,"1,426",5.35,3.15,70,1.85
367,Asap1,"296,064",Group1,"3,371",5.47,3.53,31,1.49
368,Fam49b,"131,383",Group1,"1,376",5.12,3.14,53,1.72
369,Syngr1,"28,169",Group1,487,4.45,2.69,65,1.81
370,Cacna1i,"111,043",Group1,"1,710",5.05,3.23,36,1.56
371,Deptor,"146,956",Group1,"1,649",5.17,3.22,26,1.41
372,Enpp2,"113,993",Group1,"1,033",5.06,3.01,25,1.4
373,Efcab6,"198,669",Group1,"2,707",5.3,3.43,20,1.3
374,Myh9,"81,590",Group1,"1,412",4.91,3.15,59,1.77
375,Nell2,"453,331",Group1,"4,163",5.66,3.62,32,1.51
376,3-Sep,"19,683",Group1,302,4.29,2.48,27,1.43
377,Shisa9,"286,791",Group1,"1,794",5.46,3.25,59,1.77
378,Il1rap,"148,415",Group1,978,5.17,2.99,51,1.71
379,Fgf12,"592,972",Group1,"4,513",5.77,3.65,48,1.68
380,Ptk2,"218,180",Group1,"1,505",5.34,3.18,49,1.69
381,Shank3,"60,640",Group1,"1,302",4.78,3.11,105,2.02
382,Kif21a,"116,674",Group1,"1,620",5.07,3.21,48,1.68
383,Alcam,"205,080",Group1,"1,577",5.31,3.2,26,1.41
384,Cblb,"176,825",Group1,"1,795",5.25,3.25,11,1.04
385,Sidt1,"93,018",Group1,936,4.97,2.97,28,1.45
386,Gbe1,"255,769",Group1,"2,382",5.41,3.38,21,1.32
387,Zbtb20,"766,723",Group1,"5,258",5.88,3.72,68,1.83
388,Ncam2,"426,133",Group1,"2,168",5.63,3.34,48,1.68
389,Dlg1,"211,688",Group1,"1,589",5.33,3.2,40,1.6
390,Senp5,"43,617",Group1,486,4.64,2.69,25,1.4
391,Fgd4,"183,634",Group1,"1,022",5.26,3.01,20,1.3
392,Lrch3,"101,549",Group1,960,5.01,2.98,39,1.59
393,Snx4,"48,829",Group1,508,4.69,2.71,42,1.62
394,Stxbp5l,"270,022",Group1,"1,247",5.43,3.1,38,1.58
395,Dgkg,"188,762",Group1,"2,064",5.28,3.31,40,1.6
396,Cxadr,"58,287",Group1,958,4.77,2.98,32,1.51
397,Usp25,"103,076",Group1,"1,108",5.01,3.04,45,1.65
398,Robo1,"737,791",Group1,"6,651",5.87,3.82,12,1.08
399,App,"224,083",Group1,"2,780",5.35,3.44,54,1.73
400,Arl13b,"53,357",Group1,448,4.73,2.65,23,1.36
401,Brwd1,"90,338",Group1,"1,081",4.96,3.03,112,2.05
402,Grik1,"394,367",Group1,"2,927",5.6,3.47,33,1.52
403,Dopey2,"98,688",Group1,"1,504",4.99,3.18,54,1.73
404,Rcan1,"78,916",Group1,"1,398",4.9,3.15,21,1.32
405,Synj1,"75,218",Group1,871,4.88,2.94,54,1.73
406,Prpf40b,"21,933",Group1,310,4.34,2.49,66,1.82
407,Faim2,"31,155",Group1,491,4.49,2.69,28,1.45
408,Dip2b,"180,811",Group1,"2,233",5.26,3.35,42,1.62
409,Slc4a8,"62,223",Group1,"1,271",4.79,3.1,39,1.59
410,Scn8a,"176,082",Group1,"2,867",5.25,3.46,33,1.52
411,Gtf2ird1,"99,062",Group1,"1,442",5,3.16,40,1.6
412,Sympk,"30,243",Group1,451,4.48,2.65,102,2.01
413,Slc38a1,"71,497",Group1,"1,383",4.85,3.14,56,1.75
414,Scg5,"52,761",Group1,698,4.72,2.84,12,1.08
415,Agap3,"49,872",Group1,962,4.7,2.98,95,1.98
416,Synj2,"103,012",Group1,"1,426",5.01,3.15,71,1.85
417,Rps6ka2,"133,202",Group1,"1,872",5.12,3.27,52,1.72
418,Park2,"1,222,979",Group1,"10,288",6.09,4.01,45,1.65
419,Agpat4,"100,943",Group1,"1,218",5,3.09,29,1.46
420,Tnfrsf21,"72,635",Group1,"1,012",4.86,3.01,25,1.4
421,Fbxl17,"442,567",Group1,"4,466",5.65,3.65,117,2.07
422,Cpne5,"81,249",Group1,"1,200",4.91,3.08,116,2.06
423,Epb41l3,"214,308",Group1,"2,827",5.33,3.45,19,1.28
424,Galnt14,"217,227",Group1,"1,949",5.34,3.29,55,1.74
425,Birc6,"175,063",Group1,"1,459",5.24,3.16,58,1.76
426,Crim1,"176,346",Group1,"2,519",5.25,3.4,77,1.89
427,Man2a1,"154,376",Group1,"1,691",5.19,3.23,38,1.58
428,Washc2,"54,650",Group1,645,4.74,2.81,30,1.48
429,Nrxn1,"1,059,442",Group1,"5,960",6.03,3.78,19,1.28
430,Prepl,"26,792",Group1,387,4.43,2.59,74,1.87
431,St6gal2,"69,201",Group1,517,4.84,2.71,25,1.4
432,Kdm4b,"76,810",Group1,876,4.89,2.94,63,1.8
433,Grm8,"860,061",Group1,"4,601",5.93,3.66,77,1.89
434,Anks1,"153,262",Group1,"2,383",5.19,3.38,109,2.04
435,Fkbp5,"118,431",Group1,"1,460",5.07,3.16,73,1.86
436,Zeb1,"183,609",Group1,"1,436",5.26,3.16,65,1.81
437,Map4k3,"147,583",Group1,"1,660",5.17,3.22,73,1.86
438,Dtna,"244,582",Group1,"1,717",5.39,3.23,10,1
439,Cdh2,"220,371",Group1,"1,792",5.34,3.25,67,1.83
440,Bin1,"58,521",Group1,707,4.77,2.85,38,1.58
441,Impact,"20,698",Group1,315,4.32,2.5,18,1.26
442,Ttc39c,"137,126",Group1,"1,470",5.14,3.17,26,1.41
443,Nr3c1,"80,758",Group1,772,4.91,2.89,47,1.67
444,Mal2,"31,657",Group1,298,4.5,2.47,21,1.32
445,Ppp2r2b,"422,041",Group1,"3,360",5.63,3.53,29,1.46
446,Jakmip2,"156,367",Group1,"1,135",5.19,3.05,29,1.46
447,Rab27b,"162,476",Group1,"1,220",5.21,3.09,25,1.4
448,Spire1,"122,583",Group1,"1,183",5.09,3.07,80,1.9
449,Snx24,"145,163",Group1,"1,808",5.16,3.26,59,1.77
450,Ptpn2,"59,086",Group1,508,4.77,2.71,46,1.66
451,Ldlrad4,"322,294",Group1,"3,739",5.51,3.57,71,1.85
452,Mapk4,"136,875",Group1,"2,100",5.14,3.32,46,1.66
453,Smad2,"64,153",Group1,620,4.81,2.79,72,1.86
454,Atp9b,"199,919",Group1,"1,571",5.3,3.2,22,1.34
455,Napg,"21,616",Group1,308,4.33,2.49,47,1.67
456,Nedd4l,"330,128",Group1,"4,365",5.52,3.64,62,1.79
457,Slc12a2,"68,145",Group1,650,4.83,2.81,127,2.1
458,Tle4,"149,981",Group1,"1,121",5.18,3.05,123,2.09
459,Pcsk5,"404,802",Group1,"3,010",5.61,3.48,33,1.52
460,Tnks2,"59,247",Group1,562,4.77,2.75,51,1.71
461,Chka,"42,598",Group1,436,4.63,2.64,53,1.72
462,Pacs1,"139,433",Group1,"1,138",5.14,3.06,73,1.86
463,Pip5k1b,"261,080",Group1,"2,915",5.42,3.46,111,2.05
464,Apba1,"190,723",Group1,"2,430",5.28,3.39,111,2.05
465,Smarca2,"173,274",Group1,"2,270",5.24,3.36,67,1.83
466,Vldlr,"37,749",Group1,493,4.58,2.69,25,1.4
467,Smc5,"67,448",Group1,651,4.83,2.81,23,1.36
468,Spindoc,"26,564",Group1,303,4.42,2.48,46,1.66
469,Shoc2,"88,964",Group1,749,4.95,2.87,46,1.66
470,Vti1a,"311,016",Group1,"4,131",5.49,3.62,101,2
471,Sorbs1,"219,028",Group1,"2,766",5.34,3.44,49,1.69
472,Xpnpep1,"96,799",Group1,"1,563",4.99,3.19,32,1.51
473,Ablim1,"282,188",Group1,"3,589",5.45,3.55,39,1.59
474,Rab40b,"32,128",Group1,322,4.51,2.51,31,1.49
475,Btrc,"166,281",Group1,"1,651",5.22,3.22,35,1.54
476,Sacm1l,"62,843",Group1,416,4.8,2.62,58,1.76
477,Zfhx4,"197,333",Group1,"1,113",5.3,3.05,24,1.38
478,Abhd6,"53,863",Group1,535,4.73,2.73,50,1.7
479,Flnb,"133,633",Group1,"1,645",5.13,3.22,43,1.63
480,Ptprj,"150,895",Group1,"1,690",5.18,3.23,51,1.71
481,Itgb8,"80,782",Group1,370,4.91,2.57,32,1.51
482,Cdh9,"128,340",Group1,612,5.11,2.79,15,1.18
483,R3hdm2,"119,059",Group1,"1,191",5.08,3.08,40,1.6
484,St8sia5,"69,599",Group1,919,4.84,2.96,104,2.02
485,Adgra1,"43,916",Group1,474,4.64,2.68,29,1.46
486,Inpp5a,"190,545",Group1,"2,090",5.28,3.32,57,1.76
487,Fgf14,"699,222",Group1,"2,968",5.84,3.47,21,1.32
488,Farp1,"248,546",Group1,"3,438",5.4,3.54,48,1.68
489,Dock9,"255,793",Group1,"3,395",5.41,3.53,88,1.94
490,Tnrc6c,"109,152",Group1,"1,275",5.04,3.11,66,1.82
491,Rptor,"296,673",Group1,"3,217",5.47,3.51,20,1.3
492,Cpeb1,"108,441",Group1,808,5.04,2.91,22,1.34
493,8-Mar,"71,518",Group1,525,4.85,2.72,38,1.58
494,Slco3a1,"279,363",Group1,"2,394",5.45,3.38,56,1.75
495,Pard3,"548,395",Group1,"5,157",5.74,3.71,38,1.58
496,Homer2,"107,048",Group1,"1,361",5.03,3.13,22,1.34
497,Sec61a2,"24,447",Group1,245,4.39,2.39,31,1.49
498,Prkar1b,"132,697",Group1,"1,565",5.12,3.19,131,2.12
499,Uimc1,"72,422",Group1,577,4.86,2.76,35,1.54
500,Myo5b,"330,559",Group1,"3,783",5.52,3.58,32,1.51
501,Snca,"98,282",Group1,485,4.99,2.69,15,1.18
502,Gria4,"378,340",Group1,"1,817",5.58,3.26,23,1.36
503,Sntg1,"938,405",Group1,"4,763",5.97,3.68,33,1.52
504,Sgk3,"102,740",Group1,"1,016",5.01,3.01,63,1.8
505,Ube2w,"78,701",Group1,654,4.9,2.82,33,1.52
506,Adam23,"150,387",Group1,"1,377",5.18,3.14,57,1.76
507,Slc39a10,"85,310",Group1,695,4.93,2.84,15,1.18
508,Lancl1,"38,357",Group1,391,4.58,2.59,26,1.41
509,Raph1,"84,814",Group1,675,4.93,2.83,27,1.43
510,Als2,"74,307",Group1,694,4.87,2.84,49,1.69
511,Trak2,"72,983",Group1,804,4.86,2.91,74,1.87
512,Orc2,"42,340",Group1,401,4.63,2.6,32,1.51
513,Khdrbs2,"485,856",Group1,"2,394",5.69,3.38,30,1.48
514,Npas2,"169,507",Group1,"2,092",5.23,3.32,80,1.9
515,Gls,"69,786",Group1,544,4.84,2.74,43,1.63
516,Tmeff2,"286,625",Group1,"1,747",5.46,3.24,11,1.04
517,Mgat4a,"101,678",Group1,"1,299",5.01,3.11,56,1.75
518,Inpp4a,"110,873",Group1,"1,216",5.04,3.08,26,1.41
519,Dst,"400,438",Group1,"5,930",5.6,3.77,155,2.19
520,Col19a1,"325,584",Group1,"2,683",5.51,3.43,25,1.4
521,Fam135a,"89,250",Group1,770,4.95,2.89,46,1.66
522,Agfg1,"61,701",Group1,528,4.79,2.72,43,1.63
523,Sphkap,"154,063",Group1,908,5.19,2.96,10,1
524,Pnkd,"68,766",Group1,804,4.84,2.91,65,1.81
525,Ptprn,"17,477",Group1,304,4.24,2.48,35,1.54
526,Ngef,"97,038",Group1,"1,070",4.99,3.03,31,1.49
527,Lrrfip1,"130,209",Group1,"1,706",5.11,3.23,46,1.66
528,Cdh7,"157,728",Group1,714,5.2,2.85,17,1.23
529,Hdac4,"266,922",Group1,"2,151",5.43,3.33,20,1.3
530,Htr4,"143,600",Group1,963,5.16,2.98,46,1.66
531,Pam,"300,534",Group1,"2,549",5.48,3.41,46,1.66
532,Ccdc93,"75,413",Group1,"1,011",4.88,3,18,1.26
533,Tmem163,"193,004",Group1,"1,954",5.29,3.29,35,1.54
534,Ubxn4,"35,416",Group1,329,4.55,2.52,27,1.43
535,Dars,"53,663",Group1,369,4.73,2.57,29,1.46
536,Srgap2,"242,103",Group1,"1,414",5.38,3.15,83,1.92
537,Nfasc,"177,109",Group1,"2,256",5.25,3.35,39,1.59
538,Atp2b4,"101,586",Group1,"1,198",5.01,3.08,29,1.46
539,Lamc1,"113,866",Group1,"1,569",5.06,3.2,66,1.82
540,Rgl1,"249,593",Group1,"3,072",5.4,3.49,127,2.1
541,Cdc42bpa,"205,133",Group1,"1,500",5.31,3.18,167,2.22
542,Ahctf1,"58,788",Group1,604,4.77,2.78,50,1.7
543,Kif26b,"410,077",Group1,"4,116",5.61,3.61,154,2.19
544,Sdccag8,"205,779",Group1,"2,049",5.31,3.31,123,2.09
545,Cnih3,"108,015",Group1,"1,253",5.03,3.1,49,1.69
546,Rgs7,"433,415",Group1,"2,676",5.64,3.43,53,1.72
547,Dcaf6,"131,779",Group1,974,5.12,2.99,95,1.98
548,Astn1,"329,510",Group1,"2,227",5.52,3.35,7,0.85
549,Ush2a,"703,020",Group1,"6,506",5.85,3.81,16,1.2
550,Esrrg,"606,096",Group1,"6,267",5.78,3.8,81,1.91
551,Mark1,"102,783",Group1,"1,293",5.01,3.11,115,2.06
552,Lpgat1,"66,423",Group1,695,4.82,2.84,18,1.26
553,Plxna2,"198,653",Group1,"1,009",5.3,3,4,0.6
554,Frmd4a,"596,328",Group1,"5,723",5.78,3.76,12,1.08
555,Atf6,"163,099",Group1,"1,340",5.21,3.13,71,1.85
556,Rabgap1l,"574,039",Group1,"3,353",5.76,3.53,22,1.34
557,Rsu1,"194,596",Group1,"1,765",5.29,3.25,38,1.58
558,Pip4k2a,"155,873",Group1,"1,596",5.19,3.2,80,1.9
559,Dnajc1,"197,178",Group1,"1,244",5.29,3.09,27,1.43
560,Plxdc2,"399,537",Group1,"2,272",5.6,3.36,35,1.54
561,Golga1,"49,388",Group1,297,4.69,2.47,45,1.65
562,Kif5c,"155,482",Group1,"1,882",5.19,3.27,30,1.48
563,Fam188a,"72,209",Group1,562,4.86,2.75,9,0.95
564,Itga8,"195,292",Group1,"1,264",5.29,3.1,31,1.49
565,Gad2,"71,671",Group1,532,4.86,2.73,47,1.67
566,Stxbp1,"59,645",Group1,793,4.78,2.9,49,1.69
567,Med27,"177,976",Group1,"1,814",5.25,3.26,24,1.38
568,Tsc1,"49,941",Group1,541,4.7,2.73,49,1.69
569,Kcnj3,"162,177",Group1,787,5.21,2.9,19,1.28
570,Gpd2,"133,086",Group1,"1,490",5.12,3.17,23,1.36
571,Acvr1c,"90,444",Group1,876,4.96,2.94,39,1.59
572,Upp2,"225,675",Group1,"2,332",5.35,3.37,127,2.1
573,Fubp3,"44,877",Group1,478,4.65,2.68,48,1.68
574,Fam73b,"21,290",Group1,323,4.33,2.51,41,1.61
575,Dab2ip,"172,730",Group1,"2,359",5.24,3.37,30,1.48
576,Ttll11,"228,674",Group1,"2,627",5.36,3.42,24,1.38
577,Grb14,"112,513",Group1,919,5.05,2.96,11,1.04
578,Slc4a10,"280,270",Group1,"1,569",5.45,3.2,10,1
579,Strbp,"220,633",Group1,"1,167",5.34,3.07,15,1.18
580,Rbms1,"213,001",Group1,"2,477",5.33,3.39,44,1.64
581,Baz2b,"310,478",Group1,"3,308",5.49,3.52,105,2.02
582,Pkp4,"194,360",Group1,"2,291",5.29,3.36,45,1.65
583,Slc25a12,"96,688",Group1,"1,150",4.99,3.06,22,1.34
584,Zfp385b,"409,007",Group1,"4,221",5.61,3.63,7,0.85
585,Stk39,"261,825",Group1,"3,312",5.42,3.52,38,1.58
586,Itgav,"82,521",Group1,914,4.92,2.96,34,1.53
587,Mtx2,"52,630",Group1,329,4.72,2.52,28,1.45
588,Tcp11l1,"54,883",Group1,634,4.74,2.8,61,1.79
589,Hipk3,"67,967",Group1,630,4.83,2.8,68,1.83
590,Fbxo3,"35,521",Group1,336,4.55,2.53,20,1.3
591,Ttc17,"105,924",Group1,"1,159",5.02,3.06,45,1.65
592,Sema6d,"577,803",Group1,"4,033",5.76,3.61,14,1.15
593,Fbn1,"207,401",Group1,"2,271",5.32,3.36,17,1.23
594,Syt13,"40,962",Group1,453,4.61,2.66,33,1.52
595,Frmd5,"261,560",Group1,"2,780",5.42,3.44,42,1.62
596,Mtch2,"19,657",Group1,205,4.29,2.31,40,1.6
597,RP23-175J8.3,"200,208",Group1,"1,696",5.3,3.23,94,1.97
598,Slc23a2,"92,614",Group1,"1,094",4.97,3.04,63,1.8
599,Ndufaf5,"33,042",Group1,287,4.52,2.46,42,1.62
600,Ttl,"30,343",Group1,400,4.48,2.6,40,1.6
601,Pcsk2,"270,131",Group1,"2,100",5.43,3.32,65,1.81
602,Dtd1,"168,863",Group1,"1,611",5.23,3.21,15,1.18
603,Snta1,"31,788",Group1,354,4.5,2.55,36,1.56
604,Pkia,"78,699",Group1,429,4.9,2.63,39,1.59
605,Stmn2,"52,248",Group1,513,4.72,2.71,9,0.95
606,Tpd52,"79,132",Group1,"1,144",4.9,3.06,19,1.28
607,Pag1,"146,202",Group1,"1,751",5.16,3.24,32,1.51
608,Gnas,"62,426",Group1,"1,423",4.8,3.15,45,1.65
609,Phactr3,"219,519",Group1,"2,110",5.34,3.32,29,1.46
610,Atp9a,"107,973",Group1,"2,078",5.03,3.32,35,1.54
611,Dok5,"147,964",Group1,"2,043",5.17,3.31,43,1.63
612,Acss2,"67,778",Group1,573,4.83,2.76,34,1.53
613,Epb41l1,"122,307",Group1,"1,818",5.09,3.26,59,1.77
614,Tbl1xr1,"139,944",Group1,"1,097",5.15,3.04,118,2.07
615,Ctnnbl1,"154,215",Group1,"1,805",5.19,3.26,36,1.56
616,Zmat3,"31,224",Group1,460,4.49,2.66,36,1.56
617,Pex5l,"193,841",Group1,"1,576",5.29,3.2,60,1.78
618,Dcun1d1,"45,342",Group1,497,4.66,2.7,18,1.26
619,Mbnl1,"156,922",Group1,"1,332",5.2,3.12,7,0.85
620,Ppm1l,"243,943",Group1,"2,839",5.39,3.45,69,1.84
621,Nbea,"558,508",Group1,"3,980",5.75,3.6,52,1.72
622,Kcnab1,"268,841",Group1,"1,926",5.43,3.28,29,1.46
623,Serpini1,"85,950",Group1,490,4.93,2.69,90,1.95
624,Syt6,"70,340",Group1,866,4.85,2.94,71,1.85
625,Tpm3,"28,255",Group1,408,4.45,2.61,22,1.34
626,Adar,"38,426",Group1,519,4.58,2.72,17,1.23
627,Olfm3,"221,646",Group1,"1,192",5.35,3.08,11,1.04
628,Ndst4,"324,825",Group1,"1,679",5.51,3.23,13,1.11
629,Ndst3,"164,689",Group1,"1,394",5.22,3.14,47,1.67
630,Snx7,"87,291",Group1,695,4.94,2.84,32,1.51
631,Pdgfc,"177,626",Group1,"1,087",5.25,3.04,17,1.23
632,Kcnq5,"563,541",Group1,"3,336",5.75,3.52,54,1.73
633,Dnajb4,"31,793",Group1,332,4.5,2.52,136,2.13
634,Sh3d19,"159,419",Group1,"1,893",5.2,3.28,35,1.54
635,Rnf115,"63,976",Group1,421,4.81,2.62,41,1.61
636,Tmem56,"81,339",Group1,"1,015",4.91,3.01,17,1.23
637,Rap1gds1,"149,301",Group1,"1,498",5.17,3.18,116,2.06
638,Adgrl2,"174,974",Group1,"2,602",5.24,3.42,36,1.56
639,Asph,"221,277",Group1,"2,087",5.34,3.32,24,1.38
640,Calb1,"26,802",Group1,194,4.43,2.29,24,1.38
641,Mmp16,"266,254",Group1,"1,264",5.43,3.1,4,0.6
642,Rmdn1,"31,772",Group1,199,4.5,2.3,31,1.49
643,Faxc,"65,512",Group1,693,4.82,2.84,56,1.75
644,Tmeff1,"77,959",Group1,"1,127",4.89,3.05,65,1.81
645,Fmn2,"320,906",Group1,"2,214",5.51,3.35,19,1.28
646,Slc44a5,"298,288",Group1,"2,829",5.47,3.45,29,1.46
647,Astn2,"1,023,810",Group1,"6,072",6.01,3.78,15,1.18
648,Ptbp3,"77,498",Group1,602,4.89,2.78,68,1.83
649,Snx30,"98,899",Group1,"1,118",5,3.05,41,1.61
650,Ptprd,"2,270,725",Group1,"11,511",6.36,4.06,54,1.73
651,Mpdz,"164,317",Group1,"1,333",5.22,3.12,48,1.68
652,Zdhhc21,"61,222",Group1,503,4.79,2.7,16,1.2
653,Nfx1,"55,089",Group1,605,4.74,2.78,44,1.64
654,Rad23b,"42,196",Group1,353,4.63,2.55,76,1.88
655,Epb41l4b,"151,467",Group1,"2,028",5.18,3.31,79,1.9
656,Fam219a,"51,849",Group1,681,4.71,2.83,47,1.67
657,Unc13b,"205,920",Group1,"1,379",5.31,3.14,38,1.58
658,Sh3gl2,"434,071",Group1,"3,161",5.64,3.5,28,1.45
659,Prkaa2,"80,018",Group1,768,4.9,2.89,51,1.71
660,Dab1,"1,125,487",Group1,"9,209",6.05,3.96,21,1.32
661,Pde4b,"519,718",Group1,"3,702",5.72,3.57,21,1.32
662,Dnajc6,"146,153",Group1,"1,510",5.16,3.18,51,1.71
663,Jak1,"112,917",Group1,975,5.05,2.99,29,1.46
664,Cachd1,"252,547",Group1,"2,646",5.4,3.42,36,1.56
665,St3gal3,"202,762",Group1,"2,837",5.31,3.45,53,1.72
666,Elavl4,"148,189",Group1,"1,243",5.17,3.09,26,1.41
667,Atg4c,"65,855",Group1,784,4.82,2.89,16,1.2
668,Eps15,"107,551",Group1,756,5.03,2.88,30,1.48
669,Dock7,"184,246",Group1,"1,697",5.27,3.23,59,1.77
670,Osbpl9,"141,129",Group1,"1,370",5.15,3.14,19,1.28
671,Nfia,"346,142",Group1,"3,210",5.54,3.51,46,1.66
672,Hivep3,"404,263",Group1,"4,075",5.61,3.61,43,1.63
673,Macf1,"334,729",Group1,"2,829",5.52,3.45,24,1.38
674,Ephb2,"188,451",Group1,"3,011",5.28,3.48,74,1.87
675,Capzb,"98,921",Group1,"1,427",5,3.15,65,1.81
676,Kif17,"51,534",Group1,911,4.71,2.96,68,1.83
677,Eif4g3,"215,488",Group1,"3,024",5.33,3.48,35,1.54
678,Zcchc17,"44,562",Group1,556,4.65,2.75,54,1.73
679,Csmd2,"579,801",Group1,"6,817",5.76,3.83,74,1.87
680,Epha10,"36,903",Group1,667,4.57,2.82,29,1.46
681,Stx12,"31,010",Group1,313,4.49,2.5,50,1.7
682,Sema3a,"477,153",Group1,"2,519",5.68,3.4,17,1.23
683,Eya3,"85,780",Group1,863,4.93,2.94,38,1.58
684,Inpp5b,"59,663",Group1,780,4.78,2.89,39,1.59
685,Epb41,"151,910",Group1,"1,623",5.18,3.21,42,1.62
686,Fbxo42,"56,151",Group1,761,4.75,2.88,52,1.72
687,Cdk14,"616,923",Group1,"4,932",5.79,3.69,13,1.11
688,Acot7,"93,723",Group1,"1,244",4.97,3.09,103,2.01
689,Prkag2,"237,900",Group1,"3,047",5.38,3.48,86,1.93
690,Smarcd3,"33,595",Group1,689,4.53,2.84,42,1.62
691,Ube4b,"98,335",Group1,"1,533",4.99,3.19,34,1.53
692,Mtor,"109,074",Group1,"1,481",5.04,3.17,50,1.7
693,Prkcz,"101,234",Group1,"1,571",5.01,3.2,77,1.89
694,Gnb1,"67,910",Group1,688,4.83,2.84,52,1.72
695,Kcnip4,"1,135,407",Group1,"5,704",6.06,3.76,37,1.57
696,Sorcs2,"380,961",Group1,"3,969",5.58,3.6,40,1.6
697,Ablim2,"127,095",Group1,"1,498",5.1,3.18,57,1.76
698,Htt,"150,796",Group1,995,5.18,3,49,1.69
699,Add1,"58,646",Group1,652,4.77,2.81,38,1.58
700,Pcdh7,"415,265",Group1,"2,583",5.62,3.41,111,2.05
701,Ppp2r2c,"86,567",Group1,"1,238",4.94,3.09,50,1.7
702,Rab28,"83,183",Group1,464,4.92,2.67,33,1.52
703,Mapre3,"51,467",Group1,555,4.71,2.74,43,1.63
704,Ppargc1a,"113,478",Group1,833,5.05,2.92,22,1.34
705,Tbc1d1,"195,183",Group1,"2,376",5.29,3.38,17,1.23
706,Tbc1d14,"102,674",Group1,"1,069",5.01,3.03,22,1.34
707,Nsun7,"38,131",Group1,483,4.58,2.68,19,1.28
708,Apbb2,"320,083",Group1,"4,167",5.51,3.62,89,1.95
709,Gabra4,"88,561",Group1,581,4.95,2.76,22,1.34
710,Gabrb1,"490,926",Group1,"2,963",5.69,3.47,74,1.87
711,Lnx1,"110,467",Group1,"1,209",5.04,3.08,40,1.6
712,Epha5,"362,623",Group1,"1,957",5.56,3.29,50,1.7
713,Fam69a,"79,034",Group1,640,4.9,2.81,85,1.93
714,Brdt,"55,901",Group1,499,4.75,2.7,31,1.49
715,Tgfbr3,"183,061",Group1,"2,221",5.26,3.35,41,1.61
716,Rufy3,"86,354",Group1,"1,045",4.94,3.02,76,1.88
717,Sparcl1,"34,624",Group1,408,4.54,2.61,47,1.67
718,Cds1,"58,730",Group1,938,4.77,2.97,67,1.83
719,Rilpl1,"38,313",Group1,692,4.58,2.84,42,1.62
720,Cdkl2,"37,811",Group1,322,4.58,2.51,19,1.28
721,Rimbp2,"195,697",Group1,"2,411",5.29,3.38,24,1.38
722,Scarb2,"65,521",Group1,876,4.82,2.94,16,1.2
723,Vps33a,"44,381",Group1,615,4.65,2.79,35,1.54
724,Mmp17,"26,932",Group1,536,4.43,2.73,69,1.84
725,Sfswap,"70,165",Group1,874,4.85,2.94,52,1.72
726,Fam168a,"135,023",Group1,957,5.13,2.98,38,1.58
727,Camkk2,"48,241",Group1,913,4.68,2.96,80,1.9
728,Kdm2b,"119,160",Group1,"1,912",5.08,3.28,35,1.54
729,Ep400,"106,346",Group1,819,5.03,2.91,53,1.72
730,Cit,"163,671",Group1,"3,351",5.21,3.53,55,1.74
731,St7,"250,094",Group1,"2,059",5.4,3.31,16,1.2
732,Cabp1,"25,694",Group1,642,4.41,2.81,40,1.6
733,Mad1l1,"312,865",Group1,"2,978",5.5,3.47,47,1.67
734,Foxp2,"540,630",Group1,"3,141",5.73,3.5,83,1.92
735,Rph3a,"69,595",Group1,819,4.84,2.91,20,1.3
736,Cdk8,"71,646",Group1,835,4.86,2.92,67,1.83
737,Wasf3,"88,632",Group1,"1,164",4.95,3.07,35,1.54
738,Mtus2,"358,747",Group1,"4,431",5.55,3.65,53,1.72
739,Hsph1,"22,091",Group1,352,4.34,2.55,60,1.78
740,Rbm28,"41,432",Group1,482,4.62,2.68,22,1.34
741,Cux1,"319,357",Group1,"2,972",5.5,3.47,148,2.17
742,Dync1i1,"302,402",Group1,"3,024",5.48,3.48,13,1.11
743,Exoc4,"724,896",Group1,"4,948",5.86,3.69,40,1.6
744,Plxna4,"443,926",Group1,"3,701",5.65,3.57,47,1.67
745,Ccdc136,"30,687",Group1,399,4.49,2.6,25,1.4
746,Ahcyl2,"144,301",Group1,"1,114",5.16,3.05,32,1.51
747,Gars,"41,495",Group1,521,4.62,2.72,46,1.66
748,Herc3,"88,935",Group1,857,4.95,2.93,31,1.49
749,Osbpl3,"162,873",Group1,"2,053",5.21,3.31,49,1.69
750,Ptn,"95,293",Group1,658,4.98,2.82,18,1.26
751,Agk,"71,592",Group1,529,4.85,2.72,12,1.08
752,Slc37a3,"42,904",Group1,504,4.63,2.7,40,1.6
753,Prickle2,"335,249",Group1,"2,614",5.53,3.42,37,1.57
754,Frmd4b,"330,676",Group1,"3,708",5.52,3.57,55,1.74
755,Foxp1,"597,385",Group1,"7,175",5.78,3.86,78,1.89
756,RP23-133N21.3,"409,315",Group1,"4,792",5.61,3.68,42,1.62
757,Cntn3,"410,448",Group1,"2,280",5.61,3.36,50,1.7
758,Chl1,"239,627",Group1,"1,542",5.38,3.19,15,1.18
759,Chchd6,"212,508",Group1,"1,160",5.33,3.06,19,1.28
760,Cntn6,"370,618",Group1,"1,631",5.57,3.21,14,1.15
761,Itpr1,"338,015",Group1,"3,737",5.53,3.57,61,1.79
762,Tmcc1,"174,877",Group1,"1,046",5.24,3.02,53,1.72
763,Erc1,"277,373",Group1,"1,878",5.44,3.27,73,1.86
764,Etv6,"234,460",Group1,"3,202",5.37,3.51,94,1.97
765,Rerg,"115,674",Group1,"1,452",5.06,3.16,26,1.41
766,Rassf8,"74,333",Group1,853,4.87,2.93,73,1.86
767,Kras,"33,542",Group1,347,4.53,2.54,100,2
768,Bcat1,"82,351",Group1,"1,103",4.92,3.04,27,1.43
769,Etnk1,"65,088",Group1,931,4.81,2.97,83,1.92
770,C2cd5,"89,223",Group1,"1,094",4.95,3.04,36,1.56
771,St8sia1,"142,909",Group1,"1,611",5.16,3.21,60,1.78
772,Far2,"135,501",Group1,"1,125",5.13,3.05,17,1.23
773,Tmtc1,"211,961",Group1,"1,447",5.33,3.16,45,1.65
774,Dennd5b,"113,611",Group1,787,5.06,2.9,42,1.62
775,Atg7,"217,519",Group1,"2,123",5.34,3.33,25,1.4
776,Uri1,"63,561",Group1,637,4.8,2.8,20,1.3
777,Cyfip1,"90,859",Group1,"1,012",4.96,3.01,18,1.26
778,Herc2,"181,606",Group1,"1,315",5.26,3.12,48,1.68
779,Psd3,"522,947",Group1,"3,635",5.72,3.56,12,1.08
780,Tjp1,"231,618",Group1,"2,575",5.36,3.41,63,1.8
781,Fam189a1,"400,481",Group1,"3,871",5.6,3.59,66,1.82
782,Apba2,"252,174",Group1,"2,577",5.4,3.41,27,1.43
783,Chrna7,"113,879",Group1,808,5.06,2.91,27,1.43
784,Iqgap1,"114,393",Group1,"1,468",5.06,3.17,18,1.26
785,Mef2a,"141,697",Group1,930,5.15,2.97,83,1.92
786,Sytl2,"108,469",Group1,920,5.04,2.96,27,1.43
787,Me3,"221,969",Group1,"1,961",5.35,3.29,11,1.04
788,Sh3gl3,"133,581",Group1,"1,691",5.13,3.23,11,1.04
789,Rab30,"102,934",Group1,"1,021",5.01,3.01,60,1.78
790,Smg1,"112,364",Group1,769,5.05,2.89,64,1.81
791,Xylt1,"292,603",Group1,"2,832",5.47,3.45,50,1.7
792,Pik3c2a,"106,186",Group1,858,5.03,2.93,68,1.83
793,Ipo5,"36,777",Group1,547,4.57,2.74,104,2.02
794,Pde3b,"123,972",Group1,752,5.09,2.88,62,1.79
795,Sez6l2,"20,045",Group1,276,4.3,2.44,76,1.88
796,Fchsd2,"191,544",Group1,"1,200",5.28,3.08,20,1.3
797,Rab6a,"33,860",Group1,305,4.53,2.48,29,1.46
798,Mrpl48,"62,552",Group1,587,4.8,2.77,37,1.57
799,Ppme1,"45,572",Group1,312,4.66,2.49,45,1.65
800,Pgm2l1,"51,476",Group1,437,4.71,2.64,37,1.57
801,Arhgap17,"90,699",Group1,"1,014",4.96,3.01,78,1.89
802,Disp1,"135,258",Group1,"1,798",5.13,3.25,25,1.4
803,Dkk3,"43,042",Group1,491,4.63,2.69,36,1.56
804,Pak1,"123,842",Group1,769,5.09,2.89,44,1.64
805,Sergef,"196,655",Group1,"2,588",5.29,3.41,46,1.66
806,Ptpn5,"55,891",Group1,641,4.75,2.81,29,1.46
807,Acadsb,"38,345",Group1,294,4.58,2.47,80,1.9
808,AC165086.3,"102,742",Group1,"1,596",5.01,3.2,20,1.3
809,St5,"179,696",Group1,"1,473",5.25,3.17,73,1.86
810,Tub,"84,124",Group1,922,4.92,2.96,14,1.15
811,Slc9a9,"560,538",Group1,"4,250",5.75,3.63,28,1.45
812,Atp11a,"111,716",Group1,"1,494",5.05,3.17,49,1.69
813,Mcf2l,"147,101",Group1,"2,146",5.17,3.33,39,1.59
814,Rasa3,"110,657",Group1,"1,671",5.04,3.22,46,1.66
815,Col4a1,"114,405",Group1,"1,524",5.06,3.18,91,1.96
816,Col4a2,"136,484",Group1,"1,974",5.14,3.3,92,1.96
817,Dlc1,"385,394",Group1,"3,550",5.59,3.55,18,1.26
818,Ank1,"175,655",Group1,"2,696",5.24,3.43,90,1.95
819,Adam9,"67,318",Group1,665,4.83,2.82,84,1.92
820,Slit2,"324,597",Group1,"2,207",5.51,3.34,51,1.71
821,Tenm3,"616,271",Group1,"8,308",5.79,3.92,55,1.74
822,Wwc2,"166,967",Group1,"2,627",5.22,3.42,61,1.79
823,Galnt7,"129,206",Group1,"1,882",5.11,3.27,58,1.76
824,Nr3c2,"345,572",Group1,"2,941",5.54,3.47,67,1.83
825,Sorbs2,"320,120",Group1,"2,801",5.51,3.45,20,1.3
826,Irf2,"107,728",Group1,"1,282",5.03,3.11,53,1.72
827,Sh3rf1,"172,201",Group1,"2,463",5.24,3.39,35,1.54
828,Smad1,"61,125",Group1,"1,049",4.79,3.02,25,1.4
829,Slc10a7,"224,659",Group1,"2,543",5.35,3.41,121,2.08
830,Tecr,"36,275",Group1,504,4.56,2.7,129,2.11
831,Tbc1d9,"107,584",Group1,"1,332",5.03,3.12,24,1.38
832,Phlpp2,"76,131",Group1,767,4.88,2.88,41,1.61
833,Cdyl2,"158,593",Group1,"1,902",5.2,3.28,102,2.01
834,Cntnap4,"312,676",Group1,"2,512",5.5,3.4,32,1.51
835,Cdh13,"1,041,190",Group1,"11,667",6.02,4.07,47,1.67
836,Ints10,"37,740",Group1,452,4.58,2.66,43,1.63
837,Pgr,"68,780",Group1,464,4.84,2.67,22,1.34
838,Car7,"15,656",Group1,251,4.19,2.4,82,1.91
839,Cyb5b,"36,833",Group1,419,4.57,2.62,34,1.53
840,Wwp2,"122,232",Group1,"1,408",5.09,3.15,49,1.69
841,Bmper,"262,126",Group1,"2,016",5.42,3.3,68,1.83
842,Jam3,"58,039",Group1,695,4.76,2.84,32,1.51
843,Trpc6,"136,601",Group1,821,5.14,2.91,24,1.38
844,Sesn3,"58,036",Group1,584,4.76,2.77,21,1.32
845,Grik4,"426,360",Group1,"5,097",5.63,3.71,83,1.92
846,Ubash3b,"150,601",Group1,"1,803",5.18,3.26,18,1.26
847,Kirrel3,"550,824",Group1,"4,808",5.74,3.68,32,1.51
848,Abhd12,"72,250",Group1,662,4.86,2.82,30,1.48
849,Cadm1,"327,466",Group1,"3,993",5.52,3.6,61,1.79
850,Dscaml1,"327,086",Group1,"3,755",5.51,3.57,18,1.26
851,Olfm2,"78,661",Group1,970,4.9,2.99,28,1.45
852,Pde4a,"47,536",Group1,778,4.68,2.89,109,2.04
853,Tmod2,"45,706",Group1,521,4.66,2.72,20,1.3
854,Smarca4,"88,063",Group1,961,4.94,2.98,58,1.76
855,Fam81a,"54,051",Group1,693,4.73,2.84,31,1.49
856,Tcf12,"269,185",Group1,"1,744",5.43,3.24,64,1.81
857,Rora,"734,462",Group1,"7,872",5.87,3.9,49,1.69
858,Glce,"65,409",Group1,398,4.82,2.6,50,1.7
859,Bckdhb,"199,097",Group1,"2,085",5.3,3.32,41,1.61
860,Usp28,"57,144",Group1,675,4.76,2.83,75,1.88
861,Thsd4,"555,117",Group1,"5,522",5.74,3.74,25,1.4
862,Tmem266,"111,434",Group1,"1,213",5.05,3.08,80,1.9
863,Neo1,"161,756",Group1,"1,149",5.21,3.06,115,2.06
864,Mlip,"250,890",Group1,"1,543",5.4,3.19,22,1.34
865,Rasgrf1,"117,071",Group1,"1,115",5.07,3.05,103,2.01
866,Csnk1g1,"136,093",Group1,842,5.13,2.93,32,1.51
867,Smad3,"111,229",Group1,"1,492",5.05,3.17,81,1.91
868,Tfdp2,"127,373",Group1,"1,021",5.11,3.01,40,1.6
869,Atp1b3,"31,789",Group1,416,4.5,2.62,51,1.71
870,Rasa2,"92,319",Group1,885,4.97,2.95,38,1.58
871,Me1,"114,584",Group1,"1,123",5.06,3.05,33,1.52
872,Dync1li1,"35,514",Group1,483,4.55,2.68,58,1.76
873,Stt3b,"67,842",Group1,815,4.83,2.91,91,1.96
874,Clstn2,"588,788",Group1,"4,411",5.77,3.64,60,1.78
875,Map4,"152,497",Group1,"1,192",5.18,3.08,30,1.48
876,Lrrfip2,"108,078",Group1,"1,043",5.03,3.02,34,1.53
877,Fbxl2,"82,556",Group1,"1,194",4.92,3.08,48,1.68
878,Wdr48,"31,711",Group1,443,4.5,2.65,37,1.57
879,Ephb1,"432,567",Group1,"4,490",5.64,3.65,24,1.38
880,Rab6b,"73,491",Group1,"1,199",4.87,3.08,43,1.63
881,Dnajc13,"111,650",Group1,"1,213",5.05,3.08,67,1.83
882,Mrpl3,"26,651",Group1,326,4.43,2.51,17,1.23
883,Cpne4,"487,260",Group1,"3,313",5.69,3.52,10,1
884,Atp2c1,"123,782",Group1,"1,212",5.09,3.08,25,1.4
885,Prkar2a,"61,124",Group1,667,4.79,2.82,19,1.28
886,Eml4,"129,432",Group1,"1,221",5.11,3.09,47,1.67
887,Thsd7a,"437,802",Group1,"2,701",5.64,3.43,27,1.43
888,AC166332.1,"237,724",Group1,"2,970",5.38,3.47,98,1.99
889,Exd2,"37,134",Group1,334,4.57,2.52,19,1.28
890,Ablim3,"112,459",Group1,"1,281",5.05,3.11,24,1.38
891,Gtf3c1,"66,828",Group1,772,4.82,2.89,55,1.74
892,Ank2,"577,740",Group1,"5,753",5.76,3.76,35,1.54
893,Ppp1r9a,"262,746",Group1,"2,908",5.42,3.46,24,1.38
894,Trpc1,"45,295",Group1,393,4.66,2.59,42,1.62
895,Pkd1,"46,676",Group1,599,4.67,2.78,51,1.71
896,Fbxw8,"90,501",Group1,"1,330",4.96,3.12,40,1.6
897,Arhgef17,"62,357",Group1,"1,137",4.79,3.06,58,1.76
898,Ccdc85a,"198,641",Group1,762,5.3,2.88,22,1.34
899,Itgbl1,"315,649",Group1,"1,924",5.5,3.28,22,1.34
900,Nup93,"102,665",Group1,869,5.01,2.94,36,1.56
901,RP23-306I3.1,"608,002",Group1,"3,526",5.78,3.55,13,1.11
902,Mycbp2,"233,405",Group1,"1,810",5.37,3.26,51,1.71
903,Ogfod1,"30,725",Group1,352,4.49,2.55,68,1.83
904,Lmo7,"204,755",Group1,"2,162",5.31,3.33,69,1.84
905,Pfkm,"39,864",Group1,753,4.6,2.88,14,1.15
906,Gas7,"233,555",Group1,"2,347",5.37,3.37,79,1.9
907,Mgll,"103,950",Group1,"1,579",5.02,3.2,41,1.61
908,Ttc28,"409,979",Group1,"5,447",5.61,3.74,56,1.75
909,Ptprm,"687,512",Group1,"7,168",5.84,3.86,92,1.96
910,Lpp,"599,073",Group1,"4,782",5.78,3.68,56,1.75
911,Dpyd,"870,797",Group1,"4,775",5.94,3.68,23,1.36
912,Galnt9,"77,027",Group1,884,4.89,2.95,56,1.75
913,Map2k4,"100,056",Group1,698,5,2.84,32,1.51
914,Fntb,"155,825",Group1,"2,004",5.19,3.3,25,1.4
915,Arhgap44,"160,924",Group1,"1,804",5.21,3.26,27,1.43
916,Clasp2,"178,211",Group1,"1,590",5.25,3.2,62,1.79
917,Snap91,"114,733",Group1,"1,137",5.06,3.06,61,1.79
918,Antxr1,"201,970",Group1,"2,310",5.31,3.36,17,1.23
919,Otud7a,"314,279",Group1,"2,440",5.5,3.39,59,1.77
920,Ttc7b,"220,058",Group1,"2,377",5.34,3.38,47,1.67
921,Adgrb3,"762,233",Group1,"4,931",5.88,3.69,126,2.1
922,Myo6,"146,700",Group1,"1,382",5.17,3.14,50,1.7
923,Pank1,"68,563",Group1,916,4.84,2.96,21,1.32
924,Cplx1,"31,472",Group1,263,4.5,2.42,40,1.6
925,Map3k13,"139,095",Group1,"1,607",5.14,3.21,27,1.43
926,Hacd3,"34,712",Group1,389,4.54,2.59,36,1.56
927,Vps8,"221,564",Group1,"2,404",5.35,3.38,32,1.51
928,Foxn3,"373,506",Group1,"5,190",5.57,3.72,65,1.81
929,Sfxn5,"120,375",Group1,"1,276",5.08,3.11,41,1.61
930,Vav3,"345,047",Group1,"2,526",5.54,3.4,52,1.72
931,Exoc6b,"451,028",Group1,"2,707",5.65,3.43,16,1.2
932,Ephx4,"27,301",Group1,245,4.44,2.39,19,1.28
933,Ppargc1b,"102,297",Group1,"1,329",5.01,3.12,65,1.81
934,Pxk,"66,908",Group1,806,4.83,2.91,40,1.6
935,Map9,"37,226",Group1,504,4.57,2.7,28,1.45
936,Zswim5,"111,890",Group1,851,5.05,2.93,95,1.98
937,Jcad,"47,941",Group1,476,4.68,2.68,25,1.4
938,Wbscr17,"436,417",Group1,"3,661",5.64,3.56,15,1.18
939,Fstl5,"635,751",Group1,"2,771",5.8,3.44,28,1.45
940,Tpst1,"62,405",Group1,844,4.8,2.93,12,1.08
941,Tmem63c,"68,705",Group1,769,4.84,2.89,20,1.3
942,Bzrap1,"25,389",Group1,455,4.4,2.66,17,1.23
943,Faah,"50,783",Group1,671,4.71,2.83,21,1.32
944,Nsf,"132,276",Group1,"1,918",5.12,3.28,52,1.72
945,Usp54,"92,153",Group1,678,4.96,2.83,54,1.73
946,Golgb1,"57,947",Group1,761,4.76,2.88,43,1.63
947,Zdhhc14,"261,256",Group1,"2,931",5.42,3.47,77,1.89
948,Igsf9b,"58,344",Group1,848,4.77,2.93,45,1.65
949,Fhod3,"424,057",Group1,"3,425",5.63,3.53,54,1.73
950,Tmem132d,"651,449",Group1,"5,905",5.81,3.77,42,1.62
951,Iqsec1,"332,599",Group1,"2,401",5.52,3.38,47,1.67
952,Mtmr3,"113,997",Group1,863,5.06,2.94,22,1.34
953,Cmip,"202,368",Group1,"3,352",5.31,3.53,126,2.1
954,Kcnh5,"280,114",Group1,"1,796",5.45,3.25,45,1.65
955,Edil3,"501,753",Group1,"2,306",5.7,3.36,15,1.18
956,RP23-233B6.2,"52,723",Group1,498,4.72,2.7,25,1.4
957,Exph5,"75,846",Group1,676,4.88,2.83,23,1.36
958,Slc41a2,"107,036",Group1,"1,285",5.03,3.11,30,1.48
959,Myo5a,"152,675",Group1,"1,025",5.18,3.01,28,1.45
960,Mon2,"84,447",Group1,"1,036",4.93,3.02,36,1.56
961,Ppm1h,"267,035",Group1,"3,829",5.43,3.58,41,1.61
962,Gpatch8,"80,479",Group1,766,4.91,2.88,26,1.41
963,Zyg11b,"71,374",Group1,777,4.85,2.89,37,1.57
964,Cacna1a,"251,808",Group1,"3,208",5.4,3.51,14,1.15
965,Fras1,"410,775",Group1,"3,925",5.61,3.59,33,1.52
966,Ppp1r21,"58,251",Group1,882,4.77,2.95,45,1.65
967,Dgkh,"174,028",Group1,"2,381",5.24,3.38,67,1.83
968,Mast4,"602,013",Group1,"6,794",5.78,3.83,79,1.9
969,Map4k5,"89,452",Group1,"1,096",4.95,3.04,42,1.62
970,B3galt1,"556,820",Group1,"3,398",5.75,3.53,77,1.89
971,Unc13a,"47,342",Group1,923,4.68,2.97,33,1.52
972,Grip1,"633,433",Group1,"8,062",5.8,3.91,69,1.84
973,Ttc21b,"72,292",Group1,732,4.86,2.86,42,1.62
974,Ankrd27,"52,984",Group1,795,4.72,2.9,142,2.15
975,Filip1,"197,802",Group1,"2,190",5.3,3.34,11,1.04
976,Mdga2,"756,491",Group1,"3,926",5.88,3.59,35,1.54
977,Parm1,"109,281",Group1,911,5.04,2.96,27,1.43
978,Htr2a,"68,656",Group1,621,4.84,2.79,32,1.51
979,Ncapd3,"65,142",Group1,672,4.81,2.83,96,1.98
980,Dhx57,"52,174",Group1,695,4.72,2.84,23,1.36
981,Eef2k,"64,621",Group1,781,4.81,2.89,29,1.46
982,Xkr6,"214,308",Group1,"2,322",5.33,3.37,40,1.6
983,Secisbp2l,"45,886",Group1,546,4.66,2.74,26,1.41
984,Dcbld2,"61,286",Group1,711,4.79,2.85,42,1.62
985,Brinp3,"407,714",Group1,"1,925",5.61,3.28,17,1.23
986,Arhgap5,"68,005",Group1,427,4.83,2.63,85,1.93
987,Ap2b1,"106,013",Group1,917,5.03,2.96,62,1.79
988,Mitf,"214,299",Group1,"1,984",5.33,3.3,35,1.54
989,Tanc1,"234,109",Group1,"3,323",5.37,3.52,53,1.72
990,Ano4,"395,770",Group1,"2,683",5.6,3.43,61,1.79
991,Lars2,"95,741",Group1,695,4.98,2.84,28,1.45
992,Rims4,"58,934",Group1,862,4.77,2.94,110,2.04
993,Scai,"124,522",Group1,687,5.1,2.84,41,1.61
994,Abi3bp,"212,259",Group1,"1,457",5.33,3.16,26,1.41
995,Helq,"36,455",Group1,645,4.56,2.81,49,1.69
996,Raver2,"83,389",Group1,"1,084",4.92,3.04,41,1.61
997,Ror1,"348,976",Group1,"2,946",5.54,3.47,18,1.26
998,Gnptab,"68,199",Group1,"1,036",4.83,3.02,46,1.66
999,Uvrag,"256,122",Group1,"3,053",5.41,3.48,53,1.72
1000,Pdzrn3,"228,290",Group1,"2,511",5.36,3.4,51,1.71
1001,Brsk1,"25,395",Group1,444,4.4,2.65,19,1.28
1002,Dennd1a,"488,401",Group1,"2,777",5.69,3.44,30,1.48
1003,Rabgap1,"123,177",Group1,724,5.09,2.86,45,1.65
1004,Tdrd7,"69,429",Group1,718,4.84,2.86,21,1.32
1005,Zcchc7,"176,340",Group1,"1,122",5.25,3.05,15,1.18
1006,Lrfn5,"335,194",Group1,"1,644",5.53,3.22,58,1.76
1007,Kcnc2,"195,905",Group1,"1,545",5.29,3.19,55,1.74
1008,Rnf38,"107,581",Group1,"1,096",5.03,3.04,120,2.08
1009,Dync1li2,"25,369",Group1,469,4.4,2.67,15,1.18
1010,Syt1,"513,334",Group1,"4,072",5.71,3.61,39,1.59
1011,Zhx3,"124,292",Group1,862,5.09,2.94,48,1.68
1012,Gramd4,"79,941",Group1,"1,382",4.9,3.14,28,1.45
1013,Cog5,"282,763",Group1,"1,988",5.45,3.3,51,1.71
1014,Pknox2,"256,427",Group1,"2,359",5.41,3.37,24,1.38
1015,Dock4,"400,924",Group1,"3,232",5.6,3.51,54,1.73
1016,Rusc2,"45,111",Group1,863,4.65,2.94,57,1.76
1017,Fam65b,"151,629",Group1,"1,666",5.18,3.22,30,1.48
1018,Tmtc2,"386,790",Group1,"3,187",5.59,3.5,57,1.76
1019,Tmem63b,"26,736",Group1,615,4.43,2.79,26,1.41
1020,Fmnl2,"275,946",Group1,"2,671",5.44,3.43,67,1.83
1021,Dgkb,"816,515",Group1,"4,131",5.91,3.62,15,1.18
1022,Vezt,"96,654",Group1,913,4.99,2.96,113,2.05
1023,Metap2,"38,606",Group1,438,4.59,2.64,17,1.23
1024,Mgat5,"283,323",Group1,"3,021",5.45,3.48,37,1.57
1025,Rorb,"180,593",Group1,"1,392",5.26,3.14,37,1.57
1026,Pdzrn4,"374,940",Group1,"3,851",5.57,3.59,34,1.53
1027,Kctd1,"182,763",Group1,"2,082",5.26,3.32,21,1.32
1028,RP24-179D17.1,"107,433",Group1,542,5.03,2.73,25,1.4
1029,Fstl4,"423,906",Group1,"4,197",5.63,3.62,49,1.69
1030,Lrrk2,"142,947",Group1,"1,357",5.16,3.13,36,1.56
1031,Slc2a13,"305,567",Group1,"3,163",5.49,3.5,39,1.59
1032,Lzts1,"51,558",Group1,449,4.71,2.65,33,1.52
1033,Kidins220,"88,229",Group1,949,4.95,2.98,28,1.45
1034,Csgalnact1,"378,367",Group1,"2,501",5.58,3.4,44,1.64
1035,AC166328.1,"217,044",Group1,"2,972",5.34,3.47,27,1.43
1036,Gng12,"124,955",Group1,"1,307",5.1,3.12,38,1.58
1037,Gpi1,"29,008",Group1,441,4.46,2.64,34,1.53
1038,Arhgap26,"774,752",Group1,"7,778",5.89,3.89,106,2.03
1039,Megf11,"323,581",Group1,"3,357",5.51,3.53,34,1.53
1040,1-Mar,"853,739",Group1,"4,406",5.93,3.64,9,0.95
1041,Rnf13,"99,173",Group1,631,5,2.8,42,1.62
1042,Cdh8,"392,002",Group1,"1,979",5.59,3.3,50,1.7
1043,Ppp6r2,"75,459",Group1,713,4.88,2.85,75,1.88
1044,Arhgap21,"120,964",Group1,"1,297",5.08,3.11,87,1.94
1045,Tssc1,"118,064",Group1,"1,149",5.07,3.06,70,1.85
1046,Etl4,"900,935",Group1,"6,460",5.95,3.81,44,1.64
1047,Ccdc148,"339,615",Group1,"2,371",5.53,3.37,179,2.25
1048,Cyld,"54,919",Group1,340,4.74,2.53,40,1.6
1049,Ttll7,"131,644",Group1,"1,400",5.12,3.15,33,1.52
1050,Kcnk9,"45,253",Group1,358,4.66,2.55,164,2.21
1051,Dner,"326,384",Group1,"2,526",5.51,3.4,27,1.43
1052,Mbd5,"375,899",Group1,"2,050",5.58,3.31,59,1.77
1053,Fam135b,"296,231",Group1,"1,665",5.47,3.22,58,1.76
1054,Dpp10,"724,090",Group1,"2,937",5.86,3.47,70,1.85
1055,Sun1,"49,205",Group1,511,4.69,2.71,57,1.76
1056,Ssx2ip,"35,504",Group1,668,4.55,2.82,50,1.7
1057,Gtdc1,"363,247",Group1,"2,131",5.56,3.33,32,1.51
1058,Neto2,"64,338",Group1,396,4.81,2.6,59,1.77
1059,Kif1bp,"39,833",Group1,567,4.6,2.75,37,1.57
1060,Hk1,"111,055",Group1,"1,782",5.05,3.25,13,1.11
1061,Mmaa,"31,341",Group1,295,4.5,2.47,63,1.8
1062,Sh3glb1,"36,659",Group1,500,4.56,2.7,52,1.72
1063,Rab11fip3,"80,375",Group1,"1,109",4.91,3.04,53,1.72
1064,Ralgapa2,"272,467",Group1,"1,919",5.44,3.28,14,1.15
1065,Sik2,"116,274",Group1,817,5.07,2.91,62,1.79
1066,Aff3,"487,631",Group1,"6,041",5.69,3.78,19,1.28
1067,Arhgap10,"267,589",Group1,"3,515",5.43,3.55,68,1.83
1068,Lrrc20,"106,992",Group1,"1,352",5.03,3.13,45,1.65
1069,Zfyve28,"93,558",Group1,"1,050",4.97,3.02,58,1.76
1070,Dzank1,"56,859",Group1,519,4.75,2.72,78,1.89
1071,Tbcel,"95,495",Group1,"1,141",4.98,3.06,34,1.53
1072,Ttc13,"50,653",Group1,931,4.7,2.97,70,1.85
1073,Man1c1,"142,602",Group1,"2,400",5.15,3.38,66,1.82
1074,Rims2,"486,113",Group1,"3,093",5.69,3.49,170,2.23
1075,Atp11b,"102,172",Group1,706,5.01,2.85,59,1.77
1076,Dmxl1,"132,805",Group1,750,5.12,2.88,49,1.69
1077,Ints7,"48,054",Group1,574,4.68,2.76,94,1.97
1078,Uggt1,"104,695",Group1,"1,231",5.02,3.09,21,1.32
1079,Ubr5,"111,528",Group1,"1,132",5.05,3.05,70,1.85
1080,Zmat4,"520,568",Group1,"4,476",5.72,3.65,33,1.52
1081,Ppfia1,"76,973",Group1,621,4.89,2.79,58,1.76
1082,Rapgef6,"176,440",Group1,"1,179",5.25,3.07,58,1.76
1083,Shank2,"422,568",Group1,"3,908",5.63,3.59,12,1.08
1084,Adgrl3,"804,997",Group1,"5,744",5.91,3.76,74,1.87
1085,Kcnk2,"194,345",Group1,"1,905",5.29,3.28,28,1.45
1086,Kctd8,"232,396",Group1,"1,244",5.37,3.09,20,1.3
1087,Slc20a2,"92,826",Group1,"1,444",4.97,3.16,89,1.95
1088,Atp8a1,"229,296",Group1,"2,680",5.36,3.43,64,1.81
1089,Ddhd1,"69,678",Group1,923,4.84,2.97,53,1.72
1090,Fam13a,"92,461",Group1,561,4.97,2.75,18,1.26
1091,Limch1,"311,333",Group1,"3,596",5.49,3.56,48,1.68
1092,Fam222b,"62,042",Group1,697,4.79,2.84,28,1.45
1093,Vopp1,"97,354",Group1,649,4.99,2.81,30,1.48
1094,Ctnna1,"135,887",Group1,"1,042",5.13,3.02,69,1.84
1095,Tspan14,"60,364",Group1,652,4.78,2.81,79,1.9
1096,Ppm1k,"28,968",Group1,284,4.46,2.45,43,1.63
1097,Ssh2,"243,935",Group1,"1,426",5.39,3.15,64,1.81
1098,Inpp4b,"785,360",Group1,"4,051",5.9,3.61,49,1.69
1099,Ano10,"118,551",Group1,"1,202",5.07,3.08,34,1.53
1100,Zc3h7a,"39,803",Group1,526,4.6,2.72,44,1.64
1101,Wnk2,"111,713",Group1,"1,446",5.05,3.16,37,1.57
1102,Sh3rf3,"325,559",Group1,"2,996",5.51,3.48,110,2.04
1103,Slc24a2,"247,355",Group1,"2,046",5.39,3.31,36,1.56
1104,Arap2,"163,716",Group1,"1,164",5.21,3.07,75,1.88
1105,Wipf2,"41,404",Group1,604,4.62,2.78,48,1.68
1106,Cntnap5c,"640,787",Group1,"2,721",5.81,3.43,31,1.49
1107,Kmt2c,"226,987",Group1,"1,398",5.36,3.15,189,2.28
1108,Cntln,"247,614",Group1,"1,556",5.39,3.19,49,1.69
1109,Galnt11,"44,016",Group1,748,4.64,2.87,22,1.34
1110,Opa1,"75,552",Group1,696,4.88,2.84,26,1.41
1111,Mphosph9,"77,015",Group1,"1,004",4.89,3,45,1.65
1112,Ccdc50,"63,351",Group1,581,4.8,2.76,24,1.38
1113,Camk4,"256,728",Group1,"2,265",5.41,3.36,30,1.48
1114,Tmem181a,"51,456",Group1,944,4.71,2.97,30,1.48
1115,Stox2,"266,316",Group1,"3,840",5.43,3.58,33,1.52
1116,Spon1,"277,374",Group1,"2,437",5.44,3.39,24,1.38
1117,P3h2,"146,498",Group1,"1,021",5.17,3.01,37,1.57
1118,Ttc39b,"103,957",Group1,"1,343",5.02,3.13,41,1.61
1119,Fam126b,"63,519",Group1,354,4.8,2.55,37,1.57
1120,Slc43a2,"45,883",Group1,688,4.66,2.84,73,1.86
1121,Btbd10,"53,768",Group1,297,4.73,2.47,65,1.81
1122,Prkab2,"15,621",Group1,285,4.19,2.45,43,1.63
1123,Pdss2,"243,398",Group1,"2,288",5.39,3.36,57,1.76
1124,Sobp,"172,032",Group1,"2,287",5.24,3.36,96,1.98
1125,Neurod2,"4,235",Group1,286,3.63,2.46,26,1.41
1126,Bcl9,"94,257",Group1,"1,336",4.97,3.13,37,1.57
1127,Slc22a23,"166,026",Group1,"1,436",5.22,3.16,74,1.87
1128,Snx25,"118,900",Group1,"1,126",5.08,3.05,97,1.99
1129,Galnt18,"308,318",Group1,"2,309",5.49,3.36,50,1.7
1130,Snx10,"66,780",Group1,938,4.82,2.97,26,1.41
1131,Spats2l,"174,234",Group1,"1,802",5.24,3.26,28,1.45
1132,Trpc4ap,"58,115",Group1,681,4.76,2.83,31,1.49
1133,Satb2,"184,671",Group1,"1,878",5.27,3.27,24,1.38
1134,Mlxip,"63,136",Group1,600,4.8,2.78,39,1.59
1135,Plcl1,"348,366",Group1,"2,608",5.54,3.42,52,1.72
1136,Focad,"316,384",Group1,"2,422",5.5,3.38,27,1.43
1137,Mpp6,"88,700",Group1,770,4.95,2.89,74,1.87
1138,Nos1ap,"287,195",Group1,"2,725",5.46,3.44,49,1.69
1139,Cdk19,"144,256",Group1,"1,375",5.16,3.14,27,1.43
1140,Otud7b,"56,604",Group1,423,4.75,2.63,60,1.78
1141,Cbfa2t2,"102,877",Group1,743,5.01,2.87,68,1.83
1142,Ranbp9,"78,609",Group1,688,4.9,2.84,101,2
1143,Ift172,"37,841",Group1,512,4.58,2.71,40,1.6
1144,Susd4,"132,733",Group1,"1,788",5.12,3.25,61,1.79
1145,Cep85l,"106,506",Group1,673,5.03,2.83,19,1.28
1146,Slc35f1,"421,091",Group1,"2,292",5.62,3.36,21,1.32
1147,Dock10,"257,456",Group1,"1,722",5.41,3.24,45,1.65
1148,Herc1,"158,327",Group1,967,5.2,2.99,50,1.7
1149,Trps1,"235,713",Group1,"1,813",5.37,3.26,27,1.43
1150,Mapkap1,"218,181",Group1,"1,836",5.34,3.26,23,1.36
1151,Golga4,"76,254",Group1,"1,010",4.88,3,37,1.57
1152,Wdr26,"38,326",Group1,471,4.58,2.67,121,2.08
1153,Mvb12b,"157,995",Group1,"2,128",5.2,3.33,16,1.2
1154,Ptpn3,"110,998",Group1,"1,741",5.05,3.24,27,1.43
1155,Smurf1,"89,354",Group1,"1,284",4.95,3.11,75,1.88
1156,Rap1gap2,"227,561",Group1,"2,604",5.36,3.42,40,1.6
1157,Hace1,"134,518",Group1,"1,007",5.13,3,22,1.34
1158,Ralgps1,"238,071",Group1,"2,469",5.38,3.39,47,1.67
1159,Kif16b,"284,059",Group1,"1,930",5.45,3.29,73,1.86
1160,Garnl3,"145,432",Group1,"1,351",5.16,3.13,30,1.48
1161,Zcchc2,"43,670",Group1,672,4.64,2.83,67,1.83
1162,Zfhx3,"1,018,988",Group1,"13,273",6.01,4.12,22,1.34
1163,Plcl2,"178,948",Group1,"1,700",5.25,3.23,133,2.12
1164,Supt3,"342,140",Group1,"2,490",5.53,3.4,45,1.65
1165,Lmtk2,"87,770",Group1,"1,098",4.94,3.04,48,1.68
1166,Ube3c,"106,852",Group1,629,5.03,2.8,56,1.75
1167,Arhgap18,"165,229",Group1,"1,305",5.22,3.12,31,1.49
1168,Osbpl2,"43,376",Group1,452,4.64,2.66,56,1.75
1169,Myo16,"480,833",Group1,"4,435",5.68,3.65,38,1.58
1170,Ak5,"205,547",Group1,"2,422",5.31,3.38,17,1.23
1171,Rreb1,"173,607",Group1,"2,295",5.24,3.36,51,1.71
1172,L3mbtl3,"101,505",Group1,"1,229",5.01,3.09,54,1.73
1173,Itga9,"294,315",Group1,"3,664",5.47,3.56,42,1.62
1174,Prune2,"267,816",Group1,"2,357",5.43,3.37,53,1.72
1175,Camk1d,"421,060",Group1,"4,127",5.62,3.62,84,1.92
1176,Runx2,"318,812",Group1,"3,558",5.5,3.55,15,1.18
1177,Akap7,"138,782",Group1,"1,580",5.14,3.2,16,1.2
1178,Rbpj,"191,212",Group1,"2,144",5.28,3.33,28,1.45
1179,Adk,"395,997",Group1,"3,416",5.6,3.53,65,1.81
1180,Daglb,"41,360",Group1,700,4.62,2.85,41,1.61
1181,Gpatch2,"136,198",Group1,"1,630",5.13,3.21,29,1.46
1182,Prrc2b,"83,457",Group1,"1,509",4.92,3.18,45,1.65
1183,Foxk2,"49,908",Group1,615,4.7,2.79,81,1.91
1184,Fndc3b,"295,147",Group1,"3,875",5.47,3.59,27,1.43
1185,Cdk5rap2,"193,589",Group1,"1,873",5.29,3.27,31,1.49
1186,Rab3gap2,"82,644",Group1,"1,075",4.92,3.03,53,1.72
1187,4-Mar,"109,820",Group1,"1,069",5.04,3.03,46,1.66
1188,Wdr17,"258,131",Group1,"1,544",5.41,3.19,14,1.15
1189,Cdh6,"144,976",Group1,"1,630",5.16,3.21,44,1.64
1190,Cntnap2,"2,244,858",Group1,"9,969",6.35,4,11,1.04
1191,Tmem135,"264,510",Group1,"2,114",5.42,3.33,95,1.98
1192,Mtmr7,"83,704",Group1,"1,003",4.92,3,37,1.57
1193,Zdhhc2,"86,455",Group1,782,4.94,2.89,76,1.88
1194,Cntn5,"1,243,886",Group1,"6,103",6.09,3.79,40,1.6
1195,Znfx1,"27,224",Group1,439,4.43,2.64,59,1.77
1196,Cyp7b1,"171,390",Group1,980,5.23,2.99,26,1.41
1197,Tusc3,"159,271",Group1,938,5.2,2.97,21,1.32
1198,Sgcz,"1,139,212",Group1,"5,079",6.06,3.71,11,1.04
1199,Ajap1,"109,592",Group1,"1,811",5.04,3.26,95,1.98
1200,Nphp4,"86,479",Group1,"1,922",4.94,3.28,27,1.43
1201,Myo9a,"177,972",Group1,918,5.25,2.96,65,1.81
1202,Rcan2,"238,167",Group1,"2,084",5.38,3.32,23,1.36
1203,Rbms3,"1,057,169",Group1,"9,556",6.02,3.98,32,1.51
1204,Prex1,"147,492",Group1,"2,328",5.17,3.37,70,1.85
1205,Strip2,"42,671",Group1,381,4.63,2.58,48,1.68
1206,Lonrf1,"33,454",Group1,669,4.52,2.83,42,1.62
1207,Cpeb3,"187,312",Group1,"1,787",5.27,3.25,22,1.34
1208,Sdk1,"974,098",Group1,"8,880",5.99,3.95,94,1.97
1209,Zer1,"27,304",Group1,364,4.44,2.56,34,1.53
1210,Ncoa7,"174,329",Group1,"1,133",5.24,3.05,29,1.46
1211,Nploc4,"57,340",Group1,578,4.76,2.76,37,1.57
1212,Ldb2,"327,550",Group1,"2,437",5.52,3.39,15,1.18
1213,Plekhg5,"42,904",Group1,795,4.63,2.9,30,1.48
1214,Dock3,"339,086",Group1,"2,218",5.53,3.35,47,1.67
1215,Ralyl,"710,634",Group1,"3,613",5.85,3.56,50,1.7
1216,Fnbp1l,"80,998",Group1,659,4.91,2.82,81,1.91
1217,Fbxl5,"77,025",Group1,727,4.89,2.86,39,1.59
1218,Cc2d2a,"78,628",Group1,741,4.9,2.87,15,1.18
1219,Gabbr2,"329,570",Group1,"4,473",5.52,3.65,65,1.81
1220,Rapgef1,"121,260",Group1,"1,260",5.08,3.1,49,1.69
1221,Srrm3,"67,884",Group1,"1,043",4.83,3.02,30,1.48
1222,9130011E15Rik,"180,346",Group1,"1,759",5.26,3.25,36,1.56
1223,Pak7,"306,865",Group1,"1,741",5.49,3.24,21,1.32
1224,Plcb4,"355,584",Group1,"3,796",5.55,3.58,42,1.62
1225,Clstn1,"62,433",Group1,"1,095",4.8,3.04,74,1.87
1226,Hip1,"138,591",Group1,"1,969",5.14,3.29,56,1.75
1227,Magi2,"1,477,758",Group1,"9,550",6.17,3.98,80,1.9
1228,Gnaz,"49,732",Group1,903,4.7,2.96,65,1.81
1229,Disp2,"31,576",Group1,332,4.5,2.52,33,1.52
1230,Negr1,"754,653",Group1,"4,209",5.88,3.62,83,1.92
1231,Ift88,"93,876",Group1,753,4.97,2.88,31,1.49
1232,Gramd1b,"238,152",Group1,"2,772",5.38,3.44,38,1.58
1233,Cacna2d1,"439,822",Group1,"3,009",5.64,3.48,75,1.88
1234,Abcc8,"75,512",Group1,"1,181",4.88,3.07,34,1.53
1235,Hs2st1,"140,477",Group1,"1,758",5.15,3.25,81,1.91
1236,Arntl2,"37,476",Group1,455,4.57,2.66,48,1.68
1237,Zfp704,"183,067",Group1,"2,435",5.26,3.39,30,1.48
1238,Prrc2c,"69,833",Group1,582,4.84,2.76,42,1.62
1239,Lrp1,"82,989",Group1,"1,667",4.92,3.22,62,1.79
1240,Dnm3,"495,583",Group1,"4,500",5.7,3.65,29,1.46
1241,Bach2,"347,306",Group1,"4,219",5.54,3.63,83,1.92
1242,Pacsin1,"55,975",Group1,968,4.75,2.99,57,1.76
1243,RP23-297K24.1,"197,054",Group1,"1,589",5.29,3.2,49,1.69
1244,Klhl32,"238,572",Group1,"1,837",5.38,3.26,33,1.52
1245,Wdr47,"54,442",Group1,453,4.74,2.66,25,1.4
1246,Akap9,"153,258",Group1,"1,571",5.19,3.2,22,1.34
1247,Cdh18,"925,398",Group1,"4,996",5.97,3.7,6,0.78
1248,Pitpnc1,"262,809",Group1,"3,707",5.42,3.57,38,1.58
1249,Zbtb38,"70,063",Group1,"1,140",4.85,3.06,34,1.53
1250,Spns2,"38,268",Group1,526,4.58,2.72,64,1.81
1251,Sgms1,"266,989",Group1,"3,031",5.43,3.48,36,1.56
1252,Cdh12,"1,140,270",Group1,"5,647",6.06,3.75,19,1.28
1253,Usp45,"70,718",Group1,671,4.85,2.83,30,1.48
1254,Lrfn2,"165,211",Group1,"1,678",5.22,3.22,78,1.89
1255,Ambra1,"188,717",Group1,"1,202",5.28,3.08,18,1.26
1256,Necab1,"197,551",Group1,"1,327",5.3,3.12,19,1.28
1257,Adam22,"295,810",Group1,"2,302",5.47,3.36,30,1.48
1258,Pitpnm3,"88,252",Group1,"1,008",4.95,3,69,1.84
1259,Tex2,"111,278",Group1,"1,633",5.05,3.21,31,1.49
1260,Wdr7,"281,067",Group1,"2,690",5.45,3.43,26,1.41
1261,Btaf1,"86,675",Group1,686,4.94,2.84,33,1.52
1262,Rundc3b,"132,620",Group1,852,5.12,2.93,38,1.58
1263,RP23-42N14.3,"169,638",Group1,"1,370",5.23,3.14,16,1.2
1264,Kazn,"137,013",Group1,"2,021",5.14,3.31,34,1.53
1265,Erc2,"856,111",Group1,"6,284",5.93,3.8,40,1.6
1266,Ppip5k2,"64,365",Group1,602,4.81,2.78,47,1.67
1267,Ppp1r14c,"98,920",Group1,754,5,2.88,28,1.45
1268,Mthfd1l,"193,965",Group1,"2,366",5.29,3.37,33,1.52
1269,Madd,"46,479",Group1,657,4.67,2.82,29,1.46
1270,RP23-242O9.1,"64,728",Group1,600,4.81,2.78,41,1.61
1271,Cep126,"57,835",Group1,421,4.76,2.62,61,1.79
1272,Cept1,"45,544",Group1,252,4.66,2.4,44,1.64
1273,Rfwd2,"115,322",Group1,676,5.06,2.83,83,1.92
1274,Iqsec3,"100,747",Group1,"1,156",5,3.06,36,1.56
1275,Eml2,"30,063",Group1,498,4.48,2.7,29,1.46
1276,Dennd6a,"60,468",Group1,520,4.78,2.72,19,1.28
1277,Psme4,"108,637",Group1,654,5.04,2.82,29,1.46
1278,Plekhh2,"110,249",Group1,"1,350",5.04,3.13,42,1.62
1279,Osbpl10,"253,658",Group1,"3,624",5.4,3.56,59,1.77
1280,Kcnd3,"221,674",Group1,"2,145",5.35,3.33,93,1.97
1281,Fbxw4,"82,060",Group1,"1,172",4.91,3.07,60,1.78
1282,Ulk4,"321,848",Group1,"4,070",5.51,3.61,74,1.87
1283,Tet2,"81,462",Group1,778,4.91,2.89,15,1.18
1284,Cables1,"106,412",Group1,"1,386",5.03,3.14,29,1.46
1285,Arhgef10l,"151,529",Group1,"2,465",5.18,3.39,27,1.43
1286,Igsf21,"219,940",Group1,"3,466",5.34,3.54,65,1.81
1287,Nrg3,"1,104,138",Group1,"4,905",6.04,3.69,119,2.08
1288,Wwp1,"100,692",Group1,775,5,2.89,55,1.74
1289,Grid1,"763,273",Group1,"5,657",5.88,3.75,145,2.16
1290,Elmo1,"517,759",Group1,"4,509",5.71,3.65,44,1.64
1291,Yeats2,"91,512",Group1,891,4.96,2.95,40,1.6
1292,Elovl6,"106,142",Group1,"1,593",5.03,3.2,33,1.52
1293,Arhgap12,"111,673",Group1,737,5.05,2.87,41,1.61
1294,Dmxl2,"136,470",Group1,"1,027",5.14,3.01,104,2.02
1295,Tox,"305,206",Group1,"2,202",5.48,3.34,18,1.26
1296,Sntb2,"83,966",Group1,791,4.92,2.9,50,1.7
1297,Shtn1,"102,713",Group1,"1,113",5.01,3.05,24,1.38
1298,Mfsd6,"71,178",Group1,611,4.85,2.79,24,1.38
1299,Arhgap32,"152,312",Group1,"1,264",5.18,3.1,10,1
1300,Stx3,"44,287",Group1,459,4.65,2.66,37,1.57
1301,Sox5,"953,554",Group1,"10,386",5.98,4.02,73,1.86
1302,Ptchd2,"47,703",Group1,826,4.68,2.92,58,1.76
1303,L3mbtl4,"504,166",Group1,"3,585",5.7,3.55,43,1.63
1304,Camsap2,"77,983",Group1,865,4.89,2.94,43,1.63
1305,Sdk2,"290,674",Group1,"4,164",5.46,3.62,71,1.85
1306,Bicdl1,"83,448",Group1,"1,137",4.92,3.06,199,2.3
1307,Gcn1l1,"57,402",Group1,"1,271",4.76,3.1,46,1.66
1308,Ddx24,"17,850",Group1,227,4.25,2.36,32,1.51
1309,Pcca,"356,778",Group1,"2,201",5.55,3.34,38,1.58
1310,Slc39a11,"405,228",Group1,"6,340",5.61,3.8,54,1.73
1311,Rims1,"519,745",Group1,"3,350",5.72,3.53,60,1.78
1312,Fcho2,"92,048",Group1,725,4.96,2.86,38,1.58
1313,Pi4ka,"125,965",Group1,979,5.1,2.99,24,1.38
1314,Plekha6,"139,227",Group1,"1,901",5.14,3.28,77,1.89
1315,Slc24a4,"138,360",Group1,"1,442",5.14,3.16,46,1.66
1316,Myrip,"173,330",Group1,"2,172",5.24,3.34,14,1.15
1317,Ptpre,"148,814",Group1,"1,762",5.17,3.25,16,1.2
1318,Tcf20,"179,438",Group1,"2,071",5.25,3.32,48,1.68
1319,Ipo9,"48,189",Group1,519,4.68,2.72,52,1.72
1320,Gpr45,"82,586",Group1,661,4.92,2.82,29,1.46
1321,Nol4,"348,474",Group1,"2,197",5.54,3.34,23,1.36
1322,Pkp2,"59,396",Group1,474,4.77,2.68,39,1.59
1323,Znrf3,"168,525",Group1,"1,135",5.23,3.05,81,1.91
1324,Arhgef11,"120,477",Group1,980,5.08,2.99,73,1.86
1325,Rapgef5,"243,260",Group1,"1,981",5.39,3.3,19,1.28
1326,Tlk1,"113,323",Group1,897,5.05,2.95,63,1.8
1327,Myo3b,"390,074",Group1,"3,937",5.59,3.6,21,1.32
1328,Svop,"64,662",Group1,"1,009",4.81,3,17,1.23
1329,Arsb,"171,388",Group1,"1,611",5.23,3.21,28,1.45
1330,Uggt2,"114,393",Group1,"1,035",5.06,3.01,52,1.72
1331,Msantd2,"35,308",Group1,363,4.55,2.56,51,1.71
1332,Dzip1,"49,942",Group1,944,4.7,2.97,27,1.43
1333,Papd4,"46,105",Group1,300,4.66,2.48,41,1.61
1334,Bend6,"55,766",Group1,668,4.75,2.82,125,2.1
1335,Zfp451,"53,052",Group1,579,4.72,2.76,33,1.52
1336,Sgsm1,"67,568",Group1,"1,131",4.83,3.05,36,1.56
1337,Adrbk2,"105,311",Group1,"1,457",5.02,3.16,13,1.11
1338,Ptchd4,"191,796",Group1,"1,097",5.28,3.04,14,1.15
1339,Sestd1,"100,254",Group1,"1,017",5,3.01,72,1.86
1340,Ttc19,"46,980",Group1,426,4.67,2.63,66,1.82
1341,Ehbp1,"336,466",Group1,"2,465",5.53,3.39,7,0.85
1342,Sgsm3,"34,527",Group1,408,4.54,2.61,39,1.59
1343,Specc1,"266,252",Group1,"2,417",5.43,3.38,30,1.48
1344,Arl15,"362,958",Group1,"5,040",5.56,3.7,55,1.74
1345,Arel1,"52,754",Group1,562,4.72,2.75,44,1.64
1346,Osbpl6,"194,141",Group1,"2,176",5.29,3.34,61,1.79
1347,Crtac1,"148,748",Group1,"2,278",5.17,3.36,125,2.1
1348,Mgat3,"41,800",Group1,526,4.62,2.72,91,1.96
1349,Fam63b,"58,162",Group1,390,4.76,2.59,55,1.74
1350,Zmym4,"106,198",Group1,793,5.03,2.9,22,1.34
1351,Reln,"460,250",Group1,"4,127",5.66,3.62,113,2.05
1352,Cpa6,"395,227",Group1,"2,008",5.6,3.3,13,1.11
1353,Ubap2l,"52,490",Group1,341,4.72,2.53,67,1.83
1354,Dnal1,"33,134",Group1,372,4.52,2.57,28,1.45
1355,Asxl1,"58,180",Group1,571,4.76,2.76,41,1.61
1356,Thsd7b,"945,978",Group1,"4,618",5.98,3.66,13,1.11
1357,Cux2,"193,738",Group1,"3,723",5.29,3.57,111,2.05
1358,Ipo11,"142,521",Group1,"1,333",5.15,3.12,44,1.64
1359,Atxn2,"105,158",Group1,"1,140",5.02,3.06,33,1.52
1360,Jph1,"133,331",Group1,838,5.12,2.92,36,1.56
1361,Commd10,"129,132",Group1,"1,144",5.11,3.06,39,1.59
1362,Sgtb,"31,996",Group1,403,4.51,2.61,73,1.86
1363,AC126938.1,"148,360",Group1,"1,782",5.17,3.25,21,1.32
1364,Nmnat2,"164,270",Group1,"1,937",5.22,3.29,33,1.52
1365,Tmem108,"278,892",Group1,"3,182",5.45,3.5,49,1.69
1366,Hecw2,"388,294",Group1,"2,877",5.59,3.46,19,1.28
1367,Lrrtm3,"161,807",Group1,"1,342",5.21,3.13,29,1.46
1368,Greb1l,"237,759",Group1,"1,670",5.38,3.22,39,1.59
1369,Disc1,"207,665",Group1,"2,588",5.32,3.41,61,1.79
1370,Dpy19l1,"91,366",Group1,845,4.96,2.93,99,2
1371,Ppp2r3a,"146,713",Group1,"1,020",5.17,3.01,36,1.56
1372,Fam13c,"118,257",Group1,"1,473",5.07,3.17,37,1.57
1373,Mei4,"342,339",Group1,"1,944",5.53,3.29,29,1.46
1374,Kcnj6,"249,067",Group1,"2,876",5.4,3.46,42,1.62
1375,Fbrsl1,"86,751",Group1,"1,287",4.94,3.11,55,1.74
1376,RP23-245B21.4,"45,622",Group1,525,4.66,2.72,74,1.87
1377,Zfp536,"301,508",Group1,"3,860",5.48,3.59,44,1.64
1378,Sorcs1,"535,349",Group1,"4,096",5.73,3.61,59,1.77
1379,Zc2hc1a,"50,355",Group1,386,4.7,2.59,36,1.56
1380,Fbxl7,"355,123",Group1,"2,612",5.55,3.42,48,1.68
1381,Adamts3,"206,249",Group1,"1,545",5.31,3.19,74,1.87
1382,Tox3,"101,305",Group1,"1,134",5.01,3.05,79,1.9
1383,Dpy19l3,"69,291",Group1,"1,046",4.84,3.02,52,1.72
1384,Ptpn11,"60,866",Group1,807,4.78,2.91,55,1.74
1385,Wdfy3,"236,967",Group1,"3,612",5.37,3.56,63,1.8
1386,Fmn1,"389,033",Group1,"3,151",5.59,3.5,31,1.49
1387,Fam19a2,"477,210",Group1,"3,584",5.68,3.55,21,1.32
1388,Eml6,"282,987",Group1,"1,751",5.45,3.24,40,1.6
1389,RP23-231E23.4,"114,898",Group1,773,5.06,2.89,15,1.18
1390,Dnajc21,"23,762",Group1,323,4.38,2.51,44,1.64
1391,Pced1b,"138,575",Group1,"2,240",5.14,3.35,91,1.96
1392,Osbpl1a,"186,529",Group1,"1,775",5.27,3.25,24,1.38
1393,Ubr3,"126,769",Group1,"1,022",5.1,3.01,39,1.59
1394,Phlpp1,"222,500",Group1,"1,704",5.35,3.23,53,1.72
1395,Snhg11,"10,509",Group1,159,4.02,2.2,26,1.41
1396,Cxxc4,"25,679",Group1,305,4.41,2.48,67,1.83
1397,Hs3st5,"327,585",Group1,"1,856",5.52,3.27,25,1.4
1398,Cnrip1,"27,787",Group1,145,4.44,2.16,9,0.95
1399,Zbtb7c,"328,385",Group1,"4,221",5.52,3.63,99,2
1400,Setd2,"86,038",Group1,737,4.93,2.87,80,1.9
1401,Syt16,"275,608",Group1,"2,147",5.44,3.33,42,1.62
1402,Prkce,"490,136",Group1,"6,675",5.69,3.82,131,2.12
1403,RP23-354A20.1,"135,230",Group1,"1,228",5.13,3.09,64,1.81
1404,Lingo2,"1,245,102",Group1,"5,918",6.1,3.77,53,1.72
1405,Magi1,"608,464",Group1,"5,807",5.78,3.76,66,1.82
1406,Lrrc3b,"81,474",Group1,551,4.91,2.74,15,1.18
1407,Asxl3,"185,346",Group1,"1,137",5.27,3.06,178,2.25
1408,Rtn4rl1,"73,988",Group1,"1,123",4.87,3.05,67,1.83
1409,Zfp423,"297,787",Group1,"4,003",5.47,3.6,149,2.17
1410,Gprin3,"79,070",Group1,372,4.9,2.57,26,1.41
1411,Trrap,"92,048",Group1,"1,676",4.96,3.22,41,1.61
1412,Frrs1l,"33,220",Group1,431,4.52,2.63,29,1.46
1413,Chrm2,"140,332",Group1,926,5.15,2.97,30,1.48
1414,Pid1,"327,886",Group1,"2,186",5.52,3.34,19,1.28
1415,Plekha7,"184,893",Group1,"2,516",5.27,3.4,46,1.66
1416,Ccdc149,"96,872",Group1,"1,045",4.99,3.02,47,1.67
1417,Adra1a,"135,919",Group1,"1,284",5.13,3.11,24,1.38
1418,Gpr158,"463,007",Group1,"2,307",5.67,3.36,21,1.32
1419,Lrrc8d,"132,469",Group1,"2,216",5.12,3.35,63,1.8
1420,Chrm3,"485,363",Group1,"2,899",5.69,3.46,33,1.52
1421,Nxph1,"300,603",Group1,"1,842",5.48,3.27,32,1.51
1422,Gsg1l,"203,993",Group1,"2,321",5.31,3.37,48,1.68
1423,Vps13a,"165,569",Group1,"1,205",5.22,3.08,71,1.85
1424,Stxbp6,"222,227",Group1,"1,626",5.35,3.21,36,1.56
1425,Ccbe1,"257,439",Group1,"2,405",5.41,3.38,8,0.9
1426,Hs3st2,"109,913",Group1,"1,148",5.04,3.06,29,1.46
1427,Ppm1e,"132,119",Group1,"1,366",5.12,3.14,51,1.71
1428,Csnk2a2,"43,945",Group1,515,4.64,2.71,18,1.26
1429,Mapk10,"303,388",Group1,"2,955",5.48,3.47,29,1.46
1430,Vat1l,"168,461",Group1,"1,601",5.23,3.2,40,1.6
1431,Atxn1,"415,255",Group1,"4,724",5.62,3.67,107,2.03
1432,Fbxo41,"33,422",Group1,545,4.52,2.74,33,1.52
1433,Cltc,"63,216",Group1,477,4.8,2.68,74,1.87
1434,Chst9,"308,235",Group1,"2,028",5.49,3.31,32,1.51
1435,Gap43,"92,211",Group1,692,4.96,2.84,21,1.32
1436,Dlgap2,"751,817",Group1,"7,661",5.88,3.88,61,1.79
1437,Ust,"314,071",Group1,"3,088",5.5,3.49,47,1.67
1438,Wbp1l,"58,307",Group1,"1,082",4.77,3.03,36,1.56
1439,Rnf150,"227,914",Group1,"1,908",5.36,3.28,19,1.28
1440,Lrrc49,"119,301",Group1,"1,040",5.08,3.02,23,1.36
1441,Ankfn1,"387,432",Group1,"3,638",5.59,3.56,18,1.26
1442,Tnrc6b,"229,774",Group1,"1,895",5.36,3.28,48,1.68
1443,Tshz2,"438,805",Group1,"6,595",5.64,3.82,29,1.46
1444,Tmem196,"75,426",Group1,363,4.88,2.56,12,1.08
1445,Ldlrad3,"236,184",Group1,"2,865",5.37,3.46,31,1.49
1446,Tenm4,"739,849",Group1,"7,152",5.87,3.85,10,1
1447,Sacs,"102,240",Group1,"1,056",5.01,3.02,20,1.3
1448,Frmd6,"76,722",Group1,"1,095",4.88,3.04,69,1.84
1449,Lhfp,"220,153",Group1,"2,303",5.34,3.36,43,1.63
1450,Zfp407,"461,700",Group1,"4,643",5.66,3.67,56,1.75
1451,Lurap1l,"44,984",Group1,422,4.65,2.63,17,1.23
1452,Foxo3,"94,916",Group1,"1,623",4.98,3.21,180,2.26
1453,Vstm2a,"169,588",Group1,"1,019",5.23,3.01,42,1.62
1454,Rnf24,"54,830",Group1,468,4.74,2.67,44,1.64
1455,Efna5,"277,135",Group1,"3,296",5.44,3.52,162,2.21
1456,Prex2,"310,218",Group1,"1,784",5.49,3.25,21,1.32
1457,Rapgef4,"276,236",Group1,"3,098",5.44,3.49,59,1.77
1458,Gpr137c,"63,010",Group1,446,4.8,2.65,56,1.75
1459,Dcaf5,"100,755",Group1,"1,076",5,3.03,61,1.79
1460,Fam110b,"464,135",Group1,"2,963",5.67,3.47,22,1.34
1461,Frmd3,"188,774",Group1,881,5.28,2.94,26,1.41
1462,Plcxd3,"200,064",Group1,"1,123",5.3,3.05,22,1.34
1463,Lrp1b,"2,058,380",Group1,"9,979",6.31,4,16,1.2
1464,Sorl1,"159,579",Group1,"2,241",5.2,3.35,48,1.68
1465,Tenm2,"1,229,310",Group1,"10,425",6.09,4.02,101,2
1466,Tmem200a,"166,723",Group1,"1,413",5.22,3.15,15,1.18
1467,Clip1,"106,825",Group1,"1,555",5.03,3.19,27,1.43
1468,Lingo1,"177,995",Group1,"2,195",5.25,3.34,80,1.9
1469,Grm5,"550,741",Group1,"2,472",5.74,3.39,11,1.04
1470,Slc17a5,"51,555",Group1,801,4.71,2.9,37,1.57
1471,Bdp1,"86,078",Group1,698,4.93,2.84,39,1.59
1472,Nckap5,"917,181",Group1,"6,884",5.96,3.84,29,1.46
1473,Arhgap15,"647,131",Group1,"4,705",5.81,3.67,19,1.28
1474,Arhgap23,"86,871",Group1,"1,471",4.94,3.17,37,1.57
1475,Rlf,"69,713",Group1,688,4.84,2.84,35,1.54
1476,Glt1d1,"77,114",Group1,"1,052",4.89,3.02,31,1.49
1477,Zfp697,"371,353",Group1,"2,317",5.57,3.36,41,1.61
1478,Kcnk12,"52,159",Group1,955,4.72,2.98,86,1.93
1479,Lgr4,"96,612",Group1,996,4.99,3,28,1.45
1480,Pla2g4e,"78,925",Group1,836,4.9,2.92,21,1.32
1481,Dscam,"578,675",Group1,"3,795",5.76,3.58,41,1.61
1482,Lrrc4c,"1,313,499",Group1,"6,173",6.12,3.79,17,1.23
1483,Zfp831,"67,300",Group1,810,4.83,2.91,8,0.9
1484,Trhde,"403,486",Group1,"2,587",5.61,3.41,39,1.59
1485,Arhgap42,"244,774",Group1,"1,500",5.39,3.18,34,1.53
1486,Htr1f,"181,127",Group1,"1,499",5.26,3.18,25,1.4
1487,Cdh20,"226,954",Group1,"1,382",5.36,3.14,22,1.34
1488,Creg2,"33,070",Group1,407,4.52,2.61,23,1.36
1489,Mb21d2,"103,499",Group1,"1,753",5.01,3.24,86,1.93
1490,Mblac2,"41,936",Group1,380,4.62,2.58,67,1.83
1491,Sv2c,"177,985",Group1,"1,871",5.25,3.27,78,1.89
1492,Plcb1,"689,193",Group1,"4,535",5.84,3.66,30,1.48
1493,Ncald,"426,397",Group1,"3,888",5.63,3.59,32,1.51
1494,Kctd16,"272,809",Group1,"1,502",5.44,3.18,54,1.73
1495,Usp29,"236,643",Group1,"2,048",5.37,3.31,89,1.95
1496,Mical3,"199,294",Group1,"3,355",5.3,3.53,32,1.51
1497,Dcun1d4,"79,796",Group1,"1,124",4.9,3.05,34,1.53
1498,Tbc1d22a,"284,046",Group1,"2,961",5.45,3.47,69,1.84
1499,Sox6,"567,926",Group1,"4,015",5.75,3.6,77,1.89
1500,B3glct,"84,371",Group1,"1,230",4.93,3.09,34,1.53
1501,Xkr4,"465,599",Group1,"2,266",5.67,3.36,103,2.01
1502,Pard3b,"1,003,462",Group1,"6,533",6,3.82,38,1.58
1503,Mtcl1,"112,770",Group1,"2,039",5.05,3.31,86,1.93
1504,Bre,"387,280",Group1,"2,736",5.59,3.44,31,1.49
1505,Acvr2a,"89,162",Group1,553,4.95,2.74,106,2.03
1506,Ankrd44,"281,049",Group1,"2,395",5.45,3.38,55,1.74
1507,Cemip,"153,647",Group1,"1,106",5.19,3.04,43,1.63
1508,Actn2,"71,336",Group1,880,4.85,2.94,29,1.46
1509,Bmpr1b,"332,291",Group1,"2,591",5.52,3.41,38,1.58
1510,AC140724.2,"316,798",Group1,"1,531",5.5,3.18,101,2
1511,Epha3,"320,643",Group1,"1,945",5.51,3.29,34,1.53
1512,Nav2,"701,376",Group1,"8,125",5.85,3.91,19,1.28
1513,Robo2,"519,988",Group1,"3,263",5.72,3.51,49,1.69
1514,Magi3,"207,117",Group1,"1,304",5.32,3.12,57,1.76
1515,Adarb2,"565,883",Group1,"4,092",5.75,3.61,17,1.23
1516,Cpne8,"191,952",Group1,"1,889",5.28,3.28,71,1.85
1517,Dlg2,"1,972,577",Group1,"10,369",6.3,4.02,73,1.86
1518,Lrrtm4,"791,268",Group1,"3,842",5.9,3.58,13,1.11
1519,Pcdh15,"1,550,397",Group1,"8,939",6.19,3.95,69,1.84
1520,Asap2,"279,714",Group1,"3,003",5.45,3.48,45,1.65
1521,Tln2,"342,618",Group1,"3,255",5.53,3.51,24,1.38
1522,Tnrc6a,"71,413",Group1,694,4.85,2.84,18,1.26
1523,Kcnt2,"365,911",Group1,"1,683",5.56,3.23,38,1.58
1524,Reep1,"103,151",Group1,"1,095",5.01,3.04,26,1.41
1525,Prkcb,"345,653",Group1,"3,829",5.54,3.58,15,1.18
1526,Prkg1,"1,197,484",Group1,"8,503",6.08,3.93,22,1.34
1527,Ctif,"266,474",Group1,"3,508",5.43,3.55,49,1.69
1528,Glis3,"421,228",Group1,"4,653",5.62,3.67,50,1.7
1529,Sv2b,"194,370",Group1,"1,441",5.29,3.16,25,1.4
1530,Brsk2,"54,498",Group1,644,4.74,2.81,52,1.72
1531,Chmp3,"38,814",Group1,319,4.59,2.5,16,1.2
1532,Ptprt,"1,139,159",Group1,"8,111",6.06,3.91,65,1.81
1533,Cdh22,"123,348",Group1,"2,141",5.09,3.33,57,1.76
1534,Ddx10,"149,420",Group1,809,5.17,2.91,45,1.65
1535,Hunk,"113,542",Group1,"1,799",5.06,3.26,67,1.83
1536,Hs6st3,"731,476",Group1,"6,507",5.86,3.81,115,2.06
1537,Kdm3a,"44,020",Group1,385,4.64,2.59,50,1.7
1538,Kcnip1,"363,815",Group1,"3,536",5.56,3.55,24,1.38
1539,3110082I17Rik,"100,790",Group1,"1,628",5,3.21,33,1.52
1540,Tanc2,"339,320",Group1,"1,858",5.53,3.27,107,2.03
1541,Sh3pxd2a,"204,239",Group1,"3,313",5.31,3.52,71,1.85
1542,Dennd4a,"108,329",Group1,879,5.03,2.94,33,1.52
1543,Mast1,"25,458",Group1,580,4.41,2.76,37,1.57
1544,Nebl,"387,557",Group1,"2,832",5.59,3.45,29,1.46
1545,Chchd3,"269,286",Group1,"2,023",5.43,3.31,33,1.52
1546,Exoc6,"132,829",Group1,"1,556",5.12,3.19,41,1.61
1547,Camk2d,"250,026",Group1,"2,238",5.4,3.35,25,1.4
1548,Shisa6,"314,241",Group1,"2,150",5.5,3.33,161,2.21
1549,Ercc6,"67,471",Group1,733,4.83,2.87,41,1.61
1550,Spock3,"406,096",Group1,"1,815",5.61,3.26,14,1.15
1551,Lifr,"106,877",Group1,"1,548",5.03,3.19,17,1.23
1552,Prr14l,"64,438",Group1,579,4.81,2.76,31,1.49
1553,Cadps,"450,518",Group1,"3,126",5.65,3.49,28,1.45
1554,Tmem120b,"49,336",Group1,744,4.69,2.87,33,1.52
1555,Vsnl1,"111,373",Group1,749,5.05,2.87,71,1.85
1556,Kcnn2,"417,166",Group1,"3,014",5.62,3.48,49,1.69
1557,Adam12,"348,949",Group1,"3,031",5.54,3.48,41,1.61
1558,Slc8a1,"260,918",Group1,"2,015",5.42,3.3,8,0.9
1559,Adam10,"101,234",Group1,570,5.01,2.76,59,1.77
1560,Lrrc8c,"93,632",Group1,"1,134",4.97,3.05,66,1.82
1561,Phactr1,"457,905",Group1,"4,850",5.66,3.69,14,1.15
1562,Nsd3,"118,068",Group1,"1,376",5.07,3.14,36,1.56
1563,Atrnl1,"522,306",Group1,"6,187",5.72,3.79,105,2.02
1564,Fam19a5,"215,067",Group1,"2,583",5.33,3.41,73,1.86
1565,RP23-411B7.2,"110,705",Group1,"1,096",5.04,3.04,64,1.81
1566,Fam73a,"66,560",Group1,"1,115",4.82,3.05,39,1.59
1567,Nyap2,"264,816",Group1,"1,349",5.42,3.13,15,1.18
1568,Agap1,"442,813",Group1,"6,273",5.65,3.8,86,1.93
1569,Cntn1,"290,804",Group1,"2,254",5.46,3.35,30,1.48
1570,Gabrg3,"670,725",Group1,"3,876",5.83,3.59,20,1.3
1571,Arntl,"106,663",Group1,"1,195",5.03,3.08,60,1.78
1572,Ankrd17,"139,413",Group1,"1,013",5.14,3.01,64,1.81
1573,Pld5,"313,008",Group1,"2,210",5.5,3.34,57,1.76
1574,Ntrk2,"327,403",Group1,"4,135",5.52,3.62,50,1.7
1575,Tmem245,"80,516",Group1,864,4.91,2.94,33,1.52
1576,Stam2,"50,619",Group1,578,4.7,2.76,67,1.83
1577,Fut9,"190,914",Group1,"1,263",5.28,3.1,20,1.3
1578,Map6,"69,692",Group1,883,4.84,2.95,27,1.43
1579,Nell1,"891,746",Group1,"5,608",5.95,3.75,24,1.38
1580,Pcdh9,"877,271",Group1,"5,060",5.94,3.7,68,1.83
1581,Alk,"734,269",Group1,"6,868",5.87,3.84,102,2.01
1582,Epha6,"952,050",Group1,"5,308",5.98,3.72,71,1.85
1583,Unc80,"230,783",Group1,"1,575",5.36,3.2,72,1.86
1584,Dach1,"382,914",Group1,"2,267",5.58,3.36,34,1.53
1585,Ghr,"265,734",Group1,"1,627",5.42,3.21,27,1.43
1586,Nkain3,"659,994",Group1,"3,405",5.82,3.53,14,1.15
1587,Mta3,"115,355",Group1,"1,743",5.06,3.24,56,1.75
1588,Zfp277,"130,858",Group1,"1,285",5.12,3.11,114,2.06
1589,Fto,"354,916",Group1,"4,722",5.55,3.67,43,1.63
1590,AC157555.1,"215,709",Group1,"1,544",5.33,3.19,47,1.67
1591,Grik2,"693,935",Group1,"2,865",5.84,3.46,35,1.54
1592,St3gal5,"56,981",Group1,711,4.76,2.85,52,1.72
1593,Car10,"503,723",Group1,"3,227",5.7,3.51,36,1.56
1594,Spock1,"487,139",Group1,"5,524",5.69,3.74,60,1.78
1595,Kcnq3,"300,257",Group1,"2,131",5.48,3.33,48,1.68
1596,Cep70,"57,039",Group1,466,4.76,2.67,53,1.72
1597,Dennd1b,"215,527",Group1,"1,855",5.33,3.27,23,1.36
1598,Synpr,"331,562",Group1,"1,694",5.52,3.23,31,1.49
1599,Usp34,"183,667",Group1,"1,138",5.26,3.06,150,2.18
1600,Adap1,"53,748",Group1,778,4.73,2.89,39,1.59
1601,Slit3,"587,285",Group1,"7,017",5.77,3.85,40,1.6
1602,Med12l,"312,859",Group1,"3,171",5.5,3.5,56,1.75
1603,Chn1,"164,688",Group1,"1,310",5.22,3.12,67,1.83
1604,Rab31,"121,028",Group1,"1,526",5.08,3.18,32,1.51
1605,Ptprn2,"791,131",Group1,"6,165",5.9,3.79,40,1.6
1606,Fry,"379,110",Group1,"4,486",5.58,3.65,46,1.66
1607,Chd9,"226,166",Group1,"2,441",5.35,3.39,23,1.36
1608,Dnah9,"337,271",Group1,"2,097",5.53,3.32,28,1.45
1609,Grm7,"921,651",Group1,"4,203",5.96,3.62,20,1.3
1610,Tsnax,"21,197",Group1,378,4.33,2.58,41,1.61
1611,Jakmip3,"143,248",Group1,"1,240",5.16,3.09,64,1.81
1612,Usp13,"120,527",Group1,"1,191",5.08,3.08,45,1.65
1613,Ide,"69,111",Group1,758,4.84,2.88,30,1.48
1614,Slc35f3,"96,926",Group1,977,4.99,2.99,33,1.52
1615,Ero1lb,"45,524",Group1,490,4.66,2.69,37,1.57
1616,Dph6,"138,550",Group1,883,5.14,2.95,16,1.2
1617,Aak1,"153,708",Group1,"1,246",5.19,3.1,66,1.82
1618,Arhgap24,"416,548",Group1,"3,718",5.62,3.57,33,1.52
1619,Bcl2,"176,098",Group1,"1,419",5.25,3.15,77,1.89
1620,Ryr3,"585,743",Group1,"3,832",5.77,3.58,55,1.74
1621,Rit2,"343,803",Group1,"1,717",5.54,3.23,6,0.78
1622,Spop,"79,328",Group1,642,4.9,2.81,46,1.66
1623,Ece1,"102,994",Group1,"1,764",5.01,3.25,49,1.69
1624,Dtnbp1,"80,074",Group1,878,4.9,2.94,44,1.64
1625,Gnai1,"95,222",Group1,928,4.98,2.97,86,1.93
1626,Brd9,"23,086",Group1,236,4.36,2.37,75,1.88
1627,Pkn1,"32,645",Group1,632,4.51,2.8,45,1.65
1628,AC103635.1,"561,798",Group1,"3,245",5.75,3.51,25,1.4
1629,Tmem178b,"381,881",Group1,"3,063",5.58,3.49,150,2.18
1630,Sptan1,"65,893",Group1,737,4.82,2.87,53,1.72
1631,Abat,"108,141",Group1,"1,166",5.03,3.07,30,1.48
1632,Cacnb2,"384,822",Group1,"2,431",5.59,3.39,8,0.9
1633,11-Sep,"83,012",Group1,"1,120",4.92,3.05,85,1.93
1634,Eml1,"168,662",Group1,"2,452",5.23,3.39,29,1.46
1635,Adamts17,"313,438",Group1,"3,190",5.5,3.5,29,1.46
1636,Chsy3,"235,047",Group1,"1,619",5.37,3.21,72,1.86
1637,Sez6l,"158,036",Group1,"2,242",5.2,3.35,55,1.74
1638,Arhgap35,"121,276",Group1,898,5.08,2.95,83,1.92
1639,Kcnh1,"319,387",Group1,"2,588",5.5,3.41,44,1.64
1640,Ube2e2,"320,694",Group1,"1,962",5.51,3.29,13,1.11
1641,Phtf1,"56,490",Group1,554,4.75,2.74,22,1.34
1642,Syt17,"67,507",Group1,781,4.83,2.89,62,1.79
1643,Map2k5,"214,136",Group1,"2,325",5.33,3.37,35,1.54
1644,Gpc6,"1,051,231",Group1,"9,954",6.02,4,23,1.36
1645,Gda,"82,140",Group1,645,4.91,2.81,11,1.04
1646,Samd12,"448,729",Group1,"2,855",5.65,3.46,24,1.38
1647,Ccser2,"93,843",Group1,846,4.97,2.93,39,1.59
1648,Kcnt1,"54,541",Group1,653,4.74,2.81,16,1.2
1649,Col25a1,"468,378",Group1,"4,522",5.67,3.66,31,1.49
1650,Ntrk3,"562,055",Group1,"3,958",5.75,3.6,21,1.32
1651,Mfsd4,"45,258",Group1,520,4.66,2.72,39,1.59
1652,Pde1a,"295,007",Group1,"1,992",5.47,3.3,13,1.11
1653,Fam19a1,"544,046",Group1,"3,552",5.74,3.55,16,1.2
1654,9-Sep,"162,666",Group1,"2,651",5.21,3.42,62,1.79
1655,Cdyl,"214,232",Group1,"2,318",5.33,3.37,14,1.15
1656,Arhgef12,"143,399",Group1,"1,426",5.16,3.15,21,1.32
1657,Nsmce2,"227,439",Group1,"1,983",5.36,3.3,49,1.69
1658,Syn3,"443,773",Group1,"3,871",5.65,3.59,16,1.2
1659,Kcnh7,"490,875",Group1,"2,445",5.69,3.39,38,1.58
1660,Sclt1,"115,796",Group1,653,5.06,2.81,41,1.61
1661,Ntng1,"363,973",Group1,"2,584",5.56,3.41,20,1.3
1662,Ube4a,"42,475",Group1,418,4.63,2.62,31,1.49
1663,Unc5c,"369,710",Group1,"2,152",5.57,3.33,62,1.79
1664,Ntm,"968,393",Group1,"7,486",5.99,3.87,21,1.32
1665,Kif13b,"162,354",Group1,"1,361",5.21,3.13,26,1.41
1666,Prmt7,"41,860",Group1,511,4.62,2.71,70,1.85
1667,Zfp462,"138,517",Group1,"1,776",5.14,3.25,18,1.26
1668,Pcnxl2,"146,811",Group1,"1,993",5.17,3.3,25,1.4
1669,Nrg2,"179,675",Group1,"2,186",5.25,3.34,39,1.59
1670,Caln1,"477,959",Group1,"3,820",5.68,3.58,42,1.62
1671,Chst8,"138,245",Group1,"1,840",5.14,3.26,63,1.8
1672,Pantr1,"104,062",Group1,"1,036",5.02,3.02,124,2.09
1673,Rnf14,"21,214",Group1,240,4.33,2.38,27,1.43
1674,Samd5,"52,274",Group1,498,4.72,2.7,102,2.01
1675,Dcc,"1,092,333",Group1,"6,149",6.04,3.79,26,1.41
1676,Tnfrsf19,"82,617",Group1,"1,001",4.92,3,39,1.59
1677,Mrps9,"54,452",Group1,553,4.74,2.74,18,1.26
1678,Ctnna3,"1,573,571",Group1,"10,913",6.2,4.04,109,2.04
1679,Acyp2,"143,598",Group1,778,5.16,2.89,11,1.04
1680,Csmd1,"1,643,051",Group1,"9,596",6.22,3.98,30,1.48
1681,Slc4a4,"352,837",Group1,"3,488",5.55,3.54,54,1.73
1682,Galnt13,"681,994",Group1,"3,387",5.83,3.53,58,1.76
1683,Mkx,"94,323",Group1,784,4.97,2.89,78,1.89
1684,Lsamp,"2,197,320",Group1,"12,180",6.34,4.09,19,1.28
1685,Fnip2,"111,824",Group1,"1,406",5.05,3.15,60,1.78
1686,Taok3,"155,092",Group1,"2,515",5.19,3.4,51,1.71
1687,Agbl4,"1,266,665",Group1,"6,759",6.1,3.83,18,1.26
1688,Nol4l,"122,511",Group1,"1,655",5.09,3.22,91,1.96
1689,Hipk2,"181,777",Group1,"1,383",5.26,3.14,109,2.04
1690,Cep128,"385,919",Group1,"3,563",5.59,3.55,24,1.38
1691,Dpp6,"910,304",Group1,"5,397",5.96,3.73,17,1.23
1692,Ksr2,"361,005",Group1,"4,833",5.56,3.68,73,1.86
1693,Pclo,"348,543",Group1,"2,030",5.54,3.31,37,1.57
1694,Akap6,"456,218",Group1,"4,384",5.66,3.64,14,1.15
1695,Ext1,"282,123",Group1,"2,860",5.45,3.46,81,1.91
1696,Ssbp3,"138,995",Group1,"1,833",5.14,3.26,30,1.48
1697,Ppp4r1,"59,355",Group1,886,4.77,2.95,23,1.36
1698,Btbd3,"332,729",Group1,"2,837",5.52,3.45,14,1.15
1699,Unc13c,"489,546",Group1,"3,212",5.69,3.51,25,1.4
1700,Erbb4,"1,075,875",Group1,"5,542",6.03,3.74,43,1.63
1701,Opcml,"1,134,637",Group1,"6,645",6.05,3.82,10,1
1702,Trank1,"84,038",Group1,840,4.92,2.92,56,1.75
1703,Ap3b2,"33,528",Group1,445,4.53,2.65,37,1.57
1704,Srpk2,"181,355",Group1,"1,931",5.26,3.29,16,1.2
1705,Phactr2,"266,697",Group1,"2,538",5.43,3.4,47,1.67
1706,Nrg1,"1,069,480",Group1,"7,094",6.03,3.85,102,2.01
1707,Ica1,"147,963",Group1,"1,508",5.17,3.18,18,1.26
1708,Ctnna2,"1,098,064",Group1,"6,021",6.04,3.78,48,1.68
1709,Kif1b,"131,376",Group1,"1,545",5.12,3.19,83,1.92
1710,Kcnma1,"725,062",Group1,"5,487",5.86,3.74,14,1.15
1711,Clip2,"63,053",Group1,"1,055",4.8,3.02,39,1.59
1712,Grm4,"99,018",Group1,"1,789",5,3.25,25,1.4
1713,Luzp2,"433,389",Group1,"2,469",5.64,3.39,15,1.18
1714,Usp31,"65,234",Group1,503,4.81,2.7,65,1.81
1715,Sorcs3,"599,482",Group1,"4,884",5.78,3.69,95,1.98
1716,AC157667.1,"130,837",Group1,"1,657",5.12,3.22,97,1.99
1717,Arhgap22,"155,910",Group1,"1,962",5.19,3.29,34,1.53
1718,Sema3e,"231,415",Group1,"1,661",5.36,3.22,24,1.38
1719,Col23a1,"294,000",Group1,"3,349",5.47,3.52,42,1.62
1720,Jazf1,"299,836",Group1,"2,858",5.48,3.46,52,1.72
1721,Egfem1,"609,188",Group1,"3,573",5.78,3.55,20,1.3
1722,Unc5d,"572,921",Group1,"4,052",5.76,3.61,58,1.76
1723,Jakmip1,"201,214",Group1,"2,497",5.3,3.4,48,1.68
1724,Rnf217,"115,993",Group1,791,5.06,2.9,104,2.02
1725,Chd4,"34,612",Group1,628,4.54,2.8,29,1.46
1726,Slc24a3,"474,414",Group1,"3,248",5.68,3.51,67,1.83
1727,Nlgn1,"906,247",Group1,"4,887",5.96,3.69,61,1.79
1728,Srrm4,"152,544",Group1,"2,182",5.18,3.34,66,1.82
1729,Trerf1,"221,085",Group1,"3,418",5.34,3.53,122,2.09
1730,Ipcef1,"166,684",Group1,"1,085",5.22,3.04,16,1.2
1731,Cnnm2,"117,201",Group1,"1,574",5.07,3.2,73,1.86
1732,Rab3ip,"44,987",Group1,944,4.65,2.97,15,1.18
1733,Ano6,"183,910",Group1,"2,397",5.26,3.38,72,1.86
1734,Cntn4,"1,021,652",Group1,"5,062",6.01,3.7,38,1.58
1735,Clasp1,"223,622",Group1,"2,214",5.35,3.35,48,1.68
1736,Scn1a,"170,064",Group1,"1,208",5.23,3.08,15,1.18
1737,Ubr4,"136,981",Group1,"2,011",5.14,3.3,74,1.87
1738,Hnrnpr,"48,507",Group1,488,4.69,2.69,79,1.9
1739,RP24-133K9.1,"74,857",Group1,393,4.87,2.59,16,1.2
1740,Adamtsl1,"914,215",Group1,"6,075",5.96,3.78,25,1.4
1741,Kndc1,"46,843",Group1,639,4.67,2.81,19,1.28
1742,Cacng3,"98,903",Group1,856,5,2.93,11,1.04
1743,Nrxn3,"1,612,061",Group1,"8,697",6.21,3.94,14,1.15
1744,Akap13,"299,077",Group1,"2,412",5.48,3.38,26,1.41
1745,RP23-349I9.6,"76,846",Group1,564,4.89,2.75,38,1.58
1746,Tecpr1,"29,175",Group1,574,4.47,2.76,62,1.79
1747,Zbtb16,"181,927",Group1,"2,588",5.26,3.41,81,1.91
1748,Cntnap5b,"713,179",Group1,"2,803",5.85,3.45,32,1.51
1749,Lgi1,"47,680",Group1,448,4.68,2.65,33,1.52
1750,Arfgef1,"95,101",Group1,674,4.98,2.83,132,2.12
1751,AC103620.3,"25,946",Group1,224,4.41,2.35,11,1.04
1752,Mllt4,"145,613",Group1,"1,181",5.16,3.07,112,2.05
1753,Macrod2,"1,997,659",Group1,"11,102",6.3,4.05,36,1.56
1754,Usf3,"54,221",Group1,577,4.73,2.76,50,1.7
1755,RP24-297H17.3,"267,942",Group1,"2,847",5.43,3.45,22,1.34
1756,Clec16a,"199,541",Group1,"1,593",5.3,3.2,44,1.64
1757,Ptprz1,"177,416",Group1,"1,353",5.25,3.13,50,1.7
1758,Syt11,"30,466",Group1,409,4.48,2.61,64,1.81
1759,Slc7a14,"107,522",Group1,"1,069",5.03,3.03,27,1.43
1760,Pde7a,"88,216",Group1,848,4.95,2.93,107,2.03
1761,Scyl2,"47,566",Group1,547,4.68,2.74,30,1.48
1762,Nkain2,"1,201,154",Group1,"5,650",6.08,3.75,27,1.43
1763,Msi2,"379,133",Group1,"5,089",5.58,3.71,76,1.88
1764,Cacng7,"35,268",Group1,484,4.55,2.68,67,1.83
1765,Mfhas1,"91,653",Group1,"1,117",4.96,3.05,43,1.63
1766,Tmem132b,"260,811",Group1,"2,935",5.42,3.47,43,1.63
1767,Rasal2,"277,415",Group1,"1,589",5.44,3.2,47,1.67
1768,Lrrc8b,"74,301",Group1,"1,022",4.87,3.01,77,1.89
1769,Cntnap5a,"902,569",Group1,"3,701",5.96,3.57,13,1.11
1770,Fryl,"236,634",Group1,"3,714",5.37,3.57,54,1.73
1771,Dgkd,"91,895",Group1,669,4.96,2.83,36,1.56
1772,Gltscr1,"77,251",Group1,"1,015",4.89,3.01,97,1.99
1773,Zfp804a,"206,659",Group1,974,5.32,2.99,50,1.7
1774,Trabd2b,"208,376",Group1,"1,491",5.32,3.17,115,2.06
1775,Gad1,"48,944",Group1,830,4.69,2.92,27,1.43
1776,Camkmt,"367,415",Group1,"4,616",5.57,3.66,66,1.82
1777,Zfp827,"165,331",Group1,"2,324",5.22,3.37,47,1.67
1778,Map3k5,"208,283",Group1,"2,528",5.32,3.4,125,2.1
1779,Grid2,"1,448,449",Group1,"7,830",6.16,3.89,20,1.3
1780,Dtnb,"209,417",Group1,"1,887",5.32,3.28,60,1.78
1781,Snx29,"432,566",Group1,"3,720",5.64,3.57,41,1.61
1782,AC152164.1,"39,034",Group1,328,4.59,2.52,26,1.41
1783,Mcc,"387,124",Group1,"3,547",5.59,3.55,42,1.62
1784,Klf12,"414,049",Group1,"3,810",5.62,3.58,121,2.08
1785,Phf20l1,"70,418",Group1,444,4.85,2.65,25,1.4
1786,RP23-443N7.2,"51,963",Group1,605,4.72,2.78,108,2.03
1787,Dok6,"468,448",Group1,"2,224",5.67,3.35,30,1.48
1788,Prr16,"186,745",Group1,997,5.27,3,70,1.85
1789,Pgap1,"84,692",Group1,686,4.93,2.84,45,1.65
1790,Lmbrd1,"87,673",Group1,977,4.94,2.99,46,1.66
1791,AC113941.1,"295,397",Group1,"1,533",5.47,3.19,99,2
1792,Peak1,"216,943",Group1,"1,713",5.34,3.23,70,1.85
1793,RP23-442M18.1,"328,225",Group1,"2,686",5.52,3.43,23,1.36
1794,Fat3,"591,098",Group1,"3,752",5.77,3.57,96,1.98
1795,Arfgef2,"92,466",Group1,"1,337",4.97,3.13,47,1.67
1796,Kif5a,"37,654",Group1,723,4.58,2.86,26,1.41
1797,Syndig1,"175,183",Group1,"1,057",5.24,3.02,11,1.04
1798,Kiz,"114,235",Group1,836,5.06,2.92,37,1.57
1799,RP23-346B18.2,"285,678",Group1,"1,459",5.46,3.16,9,0.95
1800,Plxnc1,"153,971",Group1,"1,962",5.19,3.29,81,1.91
1801,Ano3,"295,724",Group1,"1,341",5.47,3.13,4,0.6
1802,Prdm11,"81,018",Group1,"1,281",4.91,3.11,58,1.76
1803,Scn2a1,"146,678",Group1,"1,074",5.17,3.03,14,1.15
1804,Fnbp1,"115,804",Group1,"1,772",5.06,3.25,56,1.75
1805,Hs3st4,"416,122",Group1,"2,740",5.62,3.44,73,1.86
1806,Chd2,"115,194",Group1,"1,122",5.06,3.05,10,1
1807,RP23-411B7.5,"74,845",Group1,728,4.87,2.86,13,1.11
1808,Prkcg,"41,922",Group1,606,4.62,2.78,23,1.36
1809,RP23-360A2.8,"22,970",Group1,140,4.36,2.15,10,1
1810,RP23-114B10.4,"43,129",Group1,270,4.63,2.43,14,1.15
1811,Slc8a3,"135,267",Group1,"1,139",5.13,3.06,33,1.52
1812,Kcnip3,"65,598",Group1,800,4.82,2.9,22,1.34
1813,Fam155a,"565,261",Group1,"4,700",5.75,3.67,87,1.94
1814,RP23-280G3.2,"133,204",Group1,846,5.12,2.93,16,1.2
1815,Sorbs2os,"95,974",Group1,995,4.98,3,20,1.3
1816,RP24-174M12.1,"125,778",Group1,744,5.1,2.87,14,1.15
1817,AC122773.2,"94,501",Group1,821,4.98,2.91,38,1.58
1818,RP23-300I3.1,"38,712",Group1,431,4.59,2.63,31,1.49
1819,RP23-372J10.3,"304,584",Group1,"1,896",5.48,3.28,42,1.62
1820,RP23-311J12.2,"142,900",Group1,"1,239",5.16,3.09,68,1.83
1821,RP23-262C6.2,"25,939",Group1,272,4.41,2.43,35,1.54
1822,RP23-446D4.1,"26,654",Group1,159,4.43,2.2,16,1.2
1823,Pcsk2os2,"48,384",Group1,353,4.68,2.55,12,1.08
1824,RP23-471B6.2,"81,376",Group1,876,4.91,2.94,34,1.53
1825,RP24-271F24.2,"110,597",Group1,992,5.04,3,159,2.2
1826,RP23-468D17.1,"157,945",Group1,"2,347",5.2,3.37,26,1.41
1827,RP23-402K12.2,"117,055",Group1,"1,253",5.07,3.1,54,1.73
1828,Zmiz1os1,"203,607",Group1,"2,243",5.31,3.35,32,1.51
1829,Rasgef1b,"511,641",Group1,"5,840",5.71,3.77,53,1.72
1830,Rps6kc1,"211,570",Group1,"2,551",5.33,3.41,36,1.56
1831,Nwd2,"161,446",Group1,"1,335",5.21,3.13,12,1.08
1832,Mir99ahg,"537,112",Group1,"3,521",5.73,3.55,16,1.2
1833,Kcnb2,"436,498",Group1,"2,364",5.64,3.37,96,1.98
1834,RP23-189E15.2,"47,290",Group1,641,4.67,2.81,85,1.93
1835,Zfp804b,"575,748",Group1,"2,669",5.76,3.43,36,1.56
1836,RP24-443D19.8,"43,984",Group1,669,4.64,2.83,34,1.53
1837,RP23-263O11.1,"30,361",Group1,111,4.48,2.05,9,0.95
1838,RP23-114H2.1,"49,868",Group1,937,4.7,2.97,87,1.94
1839,Nrg3os,"60,494",Group1,226,4.78,2.35,8,0.9
1840,RP23-195H19.1,"109,685",Group1,804,5.04,2.91,17,1.23
1841,Syne1,"530,567",Group1,"4,391",5.72,3.64,13,1.11
1842,Cmtm4,"47,618",Group1,702,4.68,2.85,46,1.66
1843,Tmem181b-ps,"28,500",Group1,525,4.45,2.72,37,1.57
1844,Galntl6,"1,138,590",Group1,"6,411",6.06,3.81,52,1.72
1845,RP23-445K23.4,"61,531",Group1,331,4.79,2.52,39,1.59
1846,Gm26883,"254,859",Group1,"3,802",5.41,3.58,38,1.58
1847,Pvt1,"340,112",Group1,"2,874",5.53,3.46,55,1.74
1848,Rian,"57,778",Group1,572,4.76,2.76,12,1.08
1849,RP23-438M9.1,"45,740",Group1,313,4.66,2.5,23,1.36
1850,RP24-358M18.1,"332,652",Group1,"2,524",5.52,3.4,24,1.38
1851,Gm26904,"353,722",Group1,"6,515",5.55,3.81,20,1.3
1852,Dleu2,"79,536",Group1,757,4.9,2.88,118,2.07
1853,Gm26905,"127,433",Group1,661,5.11,2.82,14,1.15
1854,RP24-158L2.1,"282,626",Group1,"2,161",5.45,3.33,19,1.28
1855,RP23-230F2.8,"128,247",Group1,"1,679",5.11,3.23,258,2.41
1856,RP23-199B2.4,"49,606",Group1,542,4.7,2.73,25,1.4
1857,Snhg14,"667,837",Group1,"5,114",5.82,3.71,3,0.48
1858,RP24-63O23.1,"340,284",Group1,"1,528",5.53,3.18,9,0.95
1859,Kcnq1ot1,"93,093",Group1,596,4.97,2.78,14,1.15
1860,RP24-254D14.3,"193,448",Group1,"1,119",5.29,3.05,27,1.43
1861,Snrpn,"157,726",Group1,692,5.2,2.84,10,1
1862,RP24-369K4.1,"130,447",Group1,674,5.12,2.83,9,0.95
1863,Dchs2,"229,263",Group1,"2,087",5.36,3.32,61,1.79
1864,RP24-559D1.1,"1,391,094",Group1,"12,448",6.14,4.1,66,1.82
1865,RP23-275B16.1,"528,516",Group1,"2,647",5.72,3.42,15,1.18
1866,RP23-243H19.1,"169,627",Group1,"1,155",5.23,3.06,9,0.95
1867,RP24-324H23.3,"43,989",Group1,280,4.64,2.45,30,1.48
1868,RP24-540L1.1,"178,750",Group1,"1,160",5.25,3.06,28,1.45
1869,RP23-375H15.2,"50,565",Group1,486,4.7,2.69,12,1.08
1870,Sox2ot,"578,351",Group1,"5,881",5.76,3.77,11,1.04
1871,RP24-296L6.4,"3,811",Group1,43,3.58,1.63,15,1.18
1872,Lhfpl3,"529,540",Group1,"3,314",5.72,3.52,41,1.61
1873,RP23-473G18.1,"160,885",Group1,"1,701",5.21,3.23,13,1.11
1874,RP24-75K10.1,"70,576",Group1,333,4.85,2.52,8,0.9
1875,RP23-231J2.1,"666,482",Group1,"2,914",5.82,3.46,21,1.32
1876,RP23-407N2.2,"85,458",Group1,384,4.93,2.58,8,0.9
1877,RP23-54G8.1,"52,223",Group1,227,4.72,2.36,7,0.85
1878,RP23-416J8.1,"476,400",Group1,"4,745",5.68,3.68,18,1.26
1879,RP23-243D10.3,"138,306",Group1,"1,416",5.14,3.15,49,1.69
1880,RP23-127M7.1,"173,708",Group1,"1,013",5.24,3.01,26,1.41
1881,RP24-316B1.1,"38,884",Group1,218,4.59,2.34,147,2.17
1882,RP23-357C16.1,"164,394",Group1,"2,164",5.22,3.34,75,1.88
1883,RP24-263E2.3,"5,944",Group1,59,3.77,1.77,19,1.28
1884,RP24-349L11.1,"160,053",Group1,798,5.2,2.9,3,0.48
1885,Btbd8,"73,212",Group1,611,4.86,2.79,46,1.66
1886,RP23-128M23.2,"25,615",Group1,196,4.41,2.29,26,1.41
1887,RP23-29I5.2,"209,877",Group1,"1,330",5.32,3.12,16,1.2
1888,RP24-210F23.8,"18,634",Group1,131,4.27,2.12,8,0.9
1889,RP23-413M14.1,"55,318",Group1,678,4.74,2.83,25,1.4
1890,RP24-120I12.5,"472,147",Group1,"2,553",5.67,3.41,8,0.9
1891,RP23-383D13.2,"30,128",Group1,540,4.48,2.73,57,1.76
1892,RP23-415I21.2,"58,751",Group1,325,4.77,2.51,20,1.3
1893,RP23-17J18.33,"118,721",Group1,"1,425",5.07,3.15,31,1.49
1894,RP24-548J11.7,"4,081",Group1,23,3.61,1.36,12,1.08
1895,Dgke,"31,673",Group2,466,4.5,2.67,29,1.46
1896,Trappc10,"57,918",Group2,665,4.76,2.82,62,1.79
1897,Galnt1,"81,476",Group2,745,4.91,2.87,32,1.51
1898,Krit1,"42,382",Group2,307,4.63,2.49,126,2.1
1899,Usp32,"155,721",Group2,"1,019",5.19,3.01,57,1.76
1900,Vps50,"105,151",Group2,857,5.02,2.93,25,1.4
1901,Npepps,"74,798",Group2,689,4.87,2.84,56,1.75
1902,Clpb,"131,875",Group2,"1,189",5.12,3.08,14,1.15
1903,Prpf6,"63,794",Group2,705,4.8,2.85,16,1.2
1904,Tomm40,"14,127",Group2,246,4.15,2.39,60,1.78
1905,Cdk12,"75,447",Group2,514,4.88,2.71,73,1.86
1906,Bicd1,"154,445",Group2,837,5.19,2.92,16,1.2
1907,Aven,"141,611",Group2,"1,256",5.15,3.1,42,1.62
1908,Clcn3,"72,913",Group2,618,4.86,2.79,71,1.85
1909,Gab2,"227,362",Group2,"1,365",5.36,3.14,33,1.52
1910,Arhgef18,"63,597",Group2,794,4.8,2.9,24,1.38
1911,Pkn2,"91,104",Group2,667,4.96,2.82,78,1.89
1912,Sgce,"72,859",Group2,813,4.86,2.91,140,2.15
1913,Myo9b,"88,001",Group2,773,4.94,2.89,54,1.73
1914,Ulk2,"79,426",Group2,587,4.9,2.77,55,1.74
1915,Insr,"157,558",Group2,"1,126",5.2,3.05,43,1.63
1916,Snx6,"49,356",Group2,764,4.69,2.88,34,1.53
1917,Cs,"24,747",Group2,267,4.39,2.43,34,1.53
1918,Uqcc1,"83,418",Group2,"1,090",4.92,3.04,18,1.26
1919,Nr2c2,"82,906",Group2,527,4.92,2.72,53,1.72
1920,Pex1,"41,168",Group2,540,4.61,2.73,34,1.53
1921,Cdkal1,"663,930",Group2,"5,441",5.82,3.74,22,1.34
1922,Eps15l1,"80,463",Group2,716,4.91,2.85,41,1.61
1923,Cpt1c,"15,481",Group2,305,4.19,2.48,28,1.45
1924,Hmgcll1,"121,497",Group2,744,5.08,2.87,26,1.41
1925,Bcl2l13,"56,632",Group2,575,4.75,2.76,35,1.54
1926,Lnpk,"59,146",Group2,352,4.77,2.55,16,1.2
1927,Kcnq1,"320,682",Group2,"2,576",5.51,3.41,22,1.34
1928,Tfcp2,"53,998",Group2,781,4.73,2.89,37,1.57
1929,Ubp1,"46,270",Group2,555,4.67,2.74,41,1.61
1930,Kdsr,"39,270",Group2,519,4.59,2.72,43,1.63
1931,Kansl3,"33,453",Group2,414,4.52,2.62,44,1.64
1932,Faf1,"287,374",Group2,"1,494",5.46,3.17,39,1.59
1933,Mettl16,"57,697",Group2,467,4.76,2.67,32,1.51
1934,Lmbr1,"148,590",Group2,970,5.17,2.99,56,1.75
1935,Sugp1,"29,536",Group2,250,4.47,2.4,80,1.9
1936,Evi5l,"44,692",Group2,469,4.65,2.67,45,1.65
1937,Ccnt1,"32,236",Group2,433,4.51,2.64,28,1.45
1938,Dhdds,"31,892",Group2,443,4.5,2.65,58,1.76
1939,Tmem167,"54,786",Group2,359,4.74,2.56,15,1.18
1940,Tnpo3,"69,062",Group2,466,4.84,2.67,28,1.45
1941,Ttll5,"237,236",Group2,"2,327",5.38,3.37,30,1.48
1942,Gfod2,"44,812",Group2,543,4.65,2.73,30,1.48
1943,Tmem175,"19,014",Group2,158,4.28,2.2,66,1.82
1944,Clip3,"16,641",Group2,280,4.22,2.45,35,1.54
1945,Chp1,"39,332",Group2,338,4.59,2.53,64,1.81
1946,Cluap1,"32,348",Group2,352,4.51,2.55,37,1.57
1947,Anapc1,"77,289",Group2,674,4.89,2.83,32,1.51
1948,Chfr,"36,132",Group2,328,4.56,2.52,37,1.57
1949,Rabl6,"25,505",Group2,299,4.41,2.48,32,1.51
1950,Unkl,"46,048",Group2,717,4.66,2.86,56,1.75
1951,Ttbk1,"45,229",Group2,921,4.66,2.96,29,1.46
1952,Serac1,"37,547",Group2,555,4.57,2.74,48,1.68
1953,Setdb1,"33,679",Group2,305,4.53,2.48,28,1.45
1954,Gatsl2,"44,634",Group2,623,4.65,2.79,57,1.76
1955,Adss,"33,551",Group2,295,4.53,2.47,48,1.68
1956,Cd46,"55,425",Group2,339,4.74,2.53,19,1.28
1957,Ints2,"46,896",Group2,438,4.67,2.64,48,1.68
1958,Trove2,"26,280",Group2,280,4.42,2.45,99,2
1959,Kif3a,"34,590",Group2,483,4.54,2.68,29,1.46
1960,Pip4k2b,"29,549",Group2,530,4.47,2.72,82,1.91
1961,Trim37,"93,608",Group2,767,4.97,2.88,59,1.77
1962,Aatf,"90,669",Group2,723,4.96,2.86,66,1.82
1963,H13,"39,211",Group2,767,4.59,2.88,31,1.49
1964,Rmnd1,"30,475",Group2,381,4.48,2.58,74,1.87
1965,Snx3,"33,353",Group2,412,4.52,2.61,40,1.6
1966,Cep290,"87,284",Group2,712,4.94,2.85,60,1.78
1967,Cfap54,"306,001",Group2,"3,042",5.49,3.48,34,1.53
1968,Rufy2,"36,989",Group2,556,4.57,2.75,36,1.56
1969,Grb10,"108,177",Group2,"1,175",5.03,3.07,23,1.36
1970,Ap3d1,"35,310",Group2,414,4.55,2.62,32,1.51
1971,Wdpcp,"326,756",Group2,"1,828",5.51,3.26,57,1.76
1972,Rufy1,"41,841",Group2,605,4.62,2.78,41,1.61
1973,Ggnbp2,"38,458",Group2,361,4.58,2.56,42,1.62
1974,Nbas,"314,680",Group2,"2,471",5.5,3.39,28,1.45
1975,Smc6,"53,901",Group2,485,4.73,2.69,55,1.74
1976,Trappc12,"59,846",Group2,755,4.78,2.88,59,1.77
1977,Bcap29,"43,693",Group2,406,4.64,2.61,45,1.65
1978,Cdc27,"47,877",Group2,444,4.68,2.65,31,1.49
1979,Helz,"145,898",Group2,"1,860",5.16,3.27,102,2.01
1980,Recql5,"40,884",Group2,523,4.61,2.72,43,1.63
1981,Fbxl20,"67,849",Group2,918,4.83,2.96,33,1.52
1982,Stx8,"240,957",Group2,"2,711",5.38,3.43,41,1.61
1983,Scfd1,"72,593",Group2,658,4.86,2.82,26,1.41
1984,Nemf,"46,645",Group2,365,4.67,2.56,32,1.51
1985,Mia2,"95,786",Group2,"1,003",4.98,3,36,1.56
1986,Spata7,"41,660",Group2,352,4.62,2.55,30,1.48
1987,Ttc8,"62,666",Group2,715,4.8,2.85,37,1.57
1988,Sptlc2,"83,299",Group2,694,4.92,2.84,25,1.4
1989,Adck1,"101,172",Group2,"1,026",5.01,3.01,19,1.28
1990,Six6os1,"59,667",Group2,472,4.78,2.67,57,1.76
1991,Mnat1,"150,273",Group2,"1,021",5.18,3.01,20,1.3
1992,Mpp5,"91,809",Group2,572,4.96,2.76,71,1.85
1993,Trip11,"79,226",Group2,723,4.9,2.86,27,1.43
1994,Gpatch2l,"49,928",Group2,599,4.7,2.78,22,1.34
1995,Exoc2,"160,176",Group2,"1,249",5.2,3.1,26,1.41
1996,Fancc,"212,237",Group2,"1,793",5.33,3.25,12,1.08
1997,Sptlc1,"44,651",Group2,558,4.65,2.75,40,1.6
1998,Habp4,"24,715",Group2,404,4.39,2.61,28,1.45
1999,Zfp346,"29,516",Group2,361,4.47,2.56,30,1.48
2000,Ddx46,"46,231",Group2,703,4.66,2.85,37,1.57
2001,Atg10,"288,614",Group2,"2,236",5.46,3.35,47,1.67
2002,Rad17,"33,889",Group2,282,4.53,2.45,118,2.07
2003,Mccc2,"67,111",Group2,783,4.83,2.89,47,1.67
2004,Gfm2,"43,260",Group2,518,4.64,2.71,48,1.68
2005,Nln,"86,559",Group2,948,4.94,2.98,71,1.85
2006,Cwc27,"186,004",Group2,"1,308",5.27,3.12,46,1.66
2007,Atxn7,"145,864",Group2,"1,468",5.16,3.17,116,2.06
2008,Nr1d2,"35,075",Group2,431,4.54,2.63,39,1.59
2009,Glud1,"34,540",Group2,370,4.54,2.57,85,1.93
2010,Ap3m1,"21,068",Group2,206,4.32,2.31,64,1.81
2011,Mapk1ip1l,"24,940",Group2,349,4.4,2.54,35,1.54
2012,Nisch,"46,018",Group2,722,4.66,2.86,22,1.34
2013,Parg,"95,603",Group2,763,4.98,2.88,75,1.88
2014,Kpna3,"74,665",Group2,484,4.87,2.68,62,1.79
2015,Micu2,"83,003",Group2,806,4.92,2.91,33,1.52
2016,Cab39l,"144,794",Group2,"1,057",5.16,3.02,55,1.74
2017,Mtmr6,"37,144",Group2,351,4.57,2.55,17,1.23
2018,Zc3h13,"60,055",Group2,576,4.78,2.76,49,1.69
2019,Pibf1,"155,071",Group2,"1,538",5.19,3.19,42,1.62
2020,Xpo7,"112,384",Group2,"1,009",5.05,3,81,1.91
2021,Uchl3,"42,160",Group2,450,4.62,2.65,35,1.54
2022,Drosha,"110,478",Group2,"1,759",5.04,3.25,65,1.81
2023,Dcaf13,"33,993",Group2,318,4.53,2.5,82,1.91
2024,Zfat,"175,094",Group2,"1,577",5.24,3.2,63,1.8
2025,Emc2,"50,536",Group2,351,4.7,2.55,24,1.38
2026,Zc3h7b,"51,205",Group2,864,4.71,2.94,25,1.4
2027,Rangap1,"41,284",Group2,628,4.62,2.8,60,1.78
2028,Srebf2,"58,200",Group2,"1,079",4.76,3.03,39,1.59
2029,Mgrn1,"52,049",Group2,604,4.72,2.78,59,1.77
2030,Atp13a3,"93,554",Group2,766,4.97,2.88,20,1.3
2031,Glyr1,"35,956",Group2,310,4.56,2.49,130,2.11
2032,Plec,"61,602",Group2,"1,589",4.79,3.2,80,1.9
2033,Yaf2,"52,659",Group2,746,4.72,2.87,87,1.94
2034,Prkdc,"204,371",Group2,"1,525",5.31,3.18,93,1.97
2035,Pdxdc1,"69,985",Group2,582,4.85,2.76,47,1.67
2036,Tbc1d23,"62,644",Group2,745,4.8,2.87,40,1.6
2037,Aifm3,"17,876",Group2,236,4.25,2.37,36,1.56
2038,Dnm1l,"46,731",Group2,303,4.67,2.48,25,1.4
2039,Abcc5,"95,093",Group2,"1,013",4.98,3.01,42,1.62
2040,Paxbp1,"30,508",Group2,420,4.48,2.62,58,1.76
2041,Cers5,"38,006",Group2,448,4.58,2.65,20,1.3
2042,Atf1,"33,427",Group2,477,4.52,2.68,52,1.72
2043,Cep89,"41,656",Group2,561,4.62,2.75,50,1.7
2044,Abcc1,"114,181",Group2,951,5.06,2.98,38,1.58
2045,Slc25a27,"25,117",Group2,331,4.4,2.52,45,1.65
2046,Tbc1d5,"446,230",Group2,"2,623",5.65,3.42,49,1.69
2047,Ubr2,"82,263",Group2,"1,310",4.92,3.12,39,1.59
2048,Brd4,"88,450",Group2,792,4.95,2.9,42,1.62
2049,Stk38,"37,062",Group2,407,4.57,2.61,55,1.74
2050,Spast,"52,130",Group2,472,4.72,2.67,76,1.88
2051,Ttc27,"145,822",Group2,"1,463",5.16,3.17,29,1.46
2052,Lrpprc,"85,544",Group2,"1,201",4.93,3.08,40,1.6
2053,Abca3,"58,253",Group2,783,4.77,2.89,69,1.84
2054,Srbd1,"160,512",Group2,"1,315",5.21,3.12,53,1.72
2055,Ift140,"83,406",Group2,"1,118",4.92,3.05,148,2.17
2056,Axin1,"57,125",Group2,470,4.76,2.67,47,1.67
2057,Luc7l,"32,596",Group2,352,4.51,2.55,25,1.4
2058,Cul2,"53,391",Group2,393,4.73,2.59,17,1.23
2059,Thada,"276,142",Group2,"2,568",5.44,3.41,39,1.59
2060,Sap130,"88,692",Group2,920,4.95,2.96,43,1.63
2061,Elp2,"34,871",Group2,378,4.54,2.58,109,2.04
2062,Ccny,"136,108",Group2,824,5.13,2.92,38,1.58
2063,Esco1,"43,752",Group2,367,4.64,2.56,40,1.6
2064,Dnajc18,"32,043",Group2,345,4.51,2.54,27,1.43
2065,Diaph1,"91,877",Group2,828,4.96,2.92,35,1.54
2066,Ap3s1,"48,952",Group2,421,4.69,2.62,66,1.82
2067,Lars,"59,774",Group2,663,4.78,2.82,35,1.54
2068,Tcerg1,"64,043",Group2,570,4.81,2.76,37,1.57
2069,Hsd17b4,"68,070",Group2,842,4.83,2.93,24,1.38
2070,Afg3l2,"44,401",Group2,552,4.65,2.74,52,1.72
2071,Txnl1,"29,560",Group2,238,4.47,2.38,58,1.76
2072,Dctn4,"32,583",Group2,454,4.51,2.66,35,1.54
2073,Atl3,"44,570",Group2,425,4.65,2.63,30,1.48
2074,Cdc37l1,"36,331",Group2,439,4.56,2.64,42,1.62
2075,Pcgf5,"112,663",Group2,"1,524",5.05,3.18,47,1.67
2076,Pcx,"111,282",Group2,"1,111",5.05,3.05,52,1.72
2077,Ppp6r3,"120,823",Group2,929,5.08,2.97,49,1.69
2078,Hdgfrp3,"53,224",Group2,500,4.73,2.7,66,1.82
2079,Dnmbp,"93,372",Group2,"1,544",4.97,3.19,79,1.9
2080,Chuk,"34,147",Group2,324,4.53,2.51,37,1.57
2081,Gbf1,"134,003",Group2,999,5.13,3,36,1.56
2082,Arih1,"98,362",Group2,665,4.99,2.82,54,1.73
2083,Parp6,"33,003",Group2,231,4.52,2.36,43,1.63
2084,Rnf41,"29,786",Group2,349,4.47,2.54,78,1.89
2085,Pias2,"90,502",Group2,650,4.96,2.81,59,1.77
2086,Usp33,"47,141",Group2,564,4.67,2.75,34,1.53
2087,Clybl,"220,532",Group2,"2,534",5.34,3.4,54,1.73
2088,Copg2,"149,242",Group2,629,5.17,2.8,44,1.64
2089,Hspa4l,"51,610",Group2,424,4.71,2.63,18,1.26
2090,Larp1b,"89,882",Group2,657,4.95,2.82,164,2.21
2091,Faf2,"42,281",Group2,470,4.63,2.67,47,1.67
2092,Stau2,"291,440",Group2,"2,152",5.46,3.33,23,1.36
2093,Terf1,"38,408",Group2,303,4.58,2.48,47,1.67
2094,Pikfyve,"92,014",Group2,570,4.96,2.76,48,1.68
2095,Mff,"27,506",Group2,256,4.44,2.41,22,1.34
2096,Trip12,"119,329",Group2,850,5.08,2.93,20,1.3
2097,Psmd1,"74,766",Group2,678,4.87,2.83,24,1.38
2098,Ndufa10,"34,852",Group2,369,4.54,2.57,28,1.45
2099,Atg16l1,"36,560",Group2,461,4.56,2.66,17,1.23
2100,Ptpn4,"185,148",Group2,976,5.27,2.99,29,1.46
2101,Klhl12,"35,489",Group2,312,4.55,2.49,43,1.63
2102,Nvl,"57,068",Group2,499,4.76,2.7,43,1.63
2103,Copa,"39,803",Group2,437,4.6,2.64,23,1.36
2104,Kifap3,"137,528",Group2,"1,134",5.14,3.05,27,1.43
2105,Kctd3,"36,748",Group2,569,4.57,2.76,27,1.43
2106,Eprs,"65,318",Group2,681,4.82,2.83,47,1.67
2107,Iars2,"44,672",Group2,697,4.65,2.84,28,1.45
2108,Nmt2,"44,667",Group2,365,4.65,2.56,70,1.85
2109,Dclre1c,"40,001",Group2,374,4.6,2.57,31,1.49
2110,Stam,"75,538",Group2,629,4.88,2.8,59,1.77
2111,Psmb7,"56,053",Group2,507,4.75,2.71,23,1.36
2112,Spopl,"65,888",Group2,406,4.82,2.61,20,1.3
2113,Pdss1,"44,746",Group2,345,4.65,2.54,36,1.56
2114,Odf2,"42,527",Group2,618,4.63,2.79,28,1.45
2115,Abl1,"115,853",Group2,"1,215",5.06,3.08,41,1.61
2116,Gapvd1,"80,640",Group2,755,4.91,2.88,9,0.95
2117,Psmd14,"88,684",Group2,483,4.95,2.68,37,1.57
2118,Dnajc10,"38,579",Group2,406,4.59,2.61,22,1.34
2119,Dync1i2,"51,599",Group2,429,4.71,2.63,17,1.23
2120,Atf2,"76,132",Group2,443,4.88,2.65,84,1.92
2121,Ola1,"126,125",Group2,982,5.1,2.99,16,1.2
2122,Caprin1,"34,710",Group2,318,4.54,2.5,35,1.54
2123,Hsd17b12,"125,277",Group2,889,5.1,2.95,42,1.62
2124,Ext2,"161,542",Group2,"1,903",5.21,3.28,42,1.62
2125,Galk2,"125,192",Group2,911,5.1,2.96,54,1.73
2126,Ubr1,"110,448",Group2,849,5.04,2.93,38,1.58
2127,Snap23,"33,586",Group2,244,4.53,2.39,39,1.59
2128,Zfp106,"57,025",Group2,615,4.76,2.79,21,1.32
2129,Rtf1,"60,341",Group2,485,4.78,2.69,48,1.68
2130,Atrn,"123,840",Group2,868,5.09,2.94,45,1.65
2131,Usp8,"51,971",Group2,487,4.72,2.69,49,1.69
2132,Trpm7,"84,667",Group2,546,4.93,2.74,43,1.63
2133,Sppl2a,"42,846",Group2,417,4.63,2.62,14,1.15
2134,Stard7,"28,716",Group2,265,4.46,2.42,46,1.66
2135,Xrn2,"65,006",Group2,466,4.81,2.67,39,1.59
2136,Kif3b,"41,979",Group2,468,4.62,2.67,44,1.64
2137,Arfgap1,"15,303",Group2,193,4.18,2.29,47,1.67
2138,Ggt7,"27,860",Group2,395,4.44,2.6,44,1.64
2139,Ralgapb,"89,407",Group2,599,4.95,2.78,45,1.65
2140,Pik3ca,"70,817",Group2,646,4.85,2.81,137,2.14
2141,Mfn1,"49,776",Group2,467,4.7,2.67,20,1.3
2142,Ccdc39,"31,950",Group2,295,4.5,2.47,20,1.3
2143,Ttc14,"15,030",Group2,195,4.18,2.29,29,1.46
2144,Nceh1,"101,645",Group2,"1,175",5.01,3.07,31,1.49
2145,Tbck,"157,546",Group2,"1,256",5.2,3.1,44,1.64
2146,Gpr89,"37,067",Group2,441,4.57,2.64,23,1.36
2147,Ptbp2,"65,726",Group2,530,4.82,2.72,31,1.49
2148,Snx27,"85,174",Group2,701,4.93,2.85,21,1.32
2149,Tmem55a,"51,102",Group2,521,4.71,2.72,23,1.36
2150,Ccnc,"32,223",Group2,256,4.51,2.41,44,1.64
2151,Rngtt,"192,305",Group2,"1,232",5.28,3.09,40,1.6
2152,Map3k7,"59,372",Group2,574,4.77,2.76,84,1.92
2153,Rars2,"45,212",Group2,449,4.66,2.65,47,1.67
2154,Rnf20,"24,883",Group2,253,4.4,2.4,48,1.68
2155,Erp44,"86,237",Group2,606,4.94,2.78,44,1.64
2156,Invs,"152,196",Group2,"1,121",5.18,3.05,59,1.77
2157,Kdm4c,"163,365",Group2,"1,084",5.21,3.04,7,0.85
2158,Ikbkap,"52,653",Group2,535,4.72,2.73,66,1.82
2159,Ubap2,"80,833",Group2,754,4.91,2.88,55,1.74
2160,Usp24,"125,111",Group2,"1,290",5.1,3.11,72,1.86
2161,Hook1,"58,175",Group2,401,4.76,2.6,32,1.51
2162,Ift74,"78,740",Group2,460,4.9,2.66,24,1.38
2163,Plaa,"35,732",Group2,311,4.55,2.49,53,1.72
2164,Ccdc30,"92,630",Group2,"1,056",4.97,3.02,31,1.49
2165,Eif2b3,"67,906",Group2,571,4.83,2.76,41,1.61
2166,Ptpn12,"69,268",Group2,668,4.84,2.82,72,1.86
2167,Srrm1,"32,839",Group2,491,4.52,2.69,44,1.64
2168,Yars,"29,849",Group2,397,4.47,2.6,100,2
2169,Psmb2,"32,086",Group2,303,4.51,2.48,35,1.54
2170,Ago3,"97,854",Group2,700,4.99,2.85,53,1.72
2171,Gmeb1,"40,579",Group2,524,4.61,2.72,48,1.68
2172,Mecr,"24,318",Group2,257,4.39,2.41,42,1.62
2173,Plekhm2,"39,167",Group2,774,4.59,2.89,28,1.45
2174,Pex14,"139,343",Group2,"2,135",5.14,3.33,32,1.51
2175,Ssu72,"29,081",Group2,374,4.46,2.57,28,1.45
2176,Stx18,"99,025",Group2,890,5,2.95,14,1.15
2177,Dnajb6,"82,448",Group2,740,4.92,2.87,22,1.34
2178,Slc4a1ap,"29,939",Group2,274,4.48,2.44,32,1.51
2179,Ociad1,"21,287",Group2,223,4.33,2.35,35,1.54
2180,Pds5a,"92,554",Group2,847,4.97,2.93,68,1.83
2181,Slc30a9,"51,490",Group2,475,4.71,2.68,53,1.72
2182,Fip1l1,"63,353",Group2,583,4.8,2.77,32,1.51
2183,Mtf2,"43,332",Group2,253,4.64,2.4,32,1.51
2184,Glmn,"48,923",Group2,459,4.69,2.66,38,1.58
2185,G3bp2,"31,575",Group2,374,4.5,2.57,51,1.71
2186,Uso1,"64,862",Group2,751,4.81,2.88,67,1.83
2187,Ift81,"64,316",Group2,672,4.81,2.83,38,1.58
2188,Anapc5,"33,882",Group2,468,4.53,2.67,29,1.46
2189,Mrpl1,"57,236",Group2,464,4.76,2.67,15,1.18
2190,Golga3,"49,771",Group2,488,4.7,2.69,37,1.57
2191,Sppl3,"87,655",Group2,998,4.94,3,71,1.85
2192,Eif2ak1,"86,465",Group2,573,4.94,2.76,30,1.48
2193,Ccz1,"26,970",Group2,409,4.43,2.61,29,1.46
2194,Phf14,"173,398",Group2,"1,122",5.24,3.05,56,1.75
2195,N4bp2l2,"58,178",Group2,456,4.76,2.66,17,1.23
2196,Tpk1,"321,279",Group2,"1,800",5.51,3.26,21,1.32
2197,Klhdc10,"53,313",Group2,522,4.73,2.72,44,1.64
2198,Tra2a,"20,111",Group2,243,4.3,2.39,33,1.52
2199,Luc7l2,"58,138",Group2,437,4.76,2.64,60,1.78
2200,Gfpt1,"49,353",Group2,545,4.69,2.74,72,1.86
2201,Nup210,"103,763",Group2,963,5.02,2.98,54,1.73
2202,Sumf1,"78,556",Group2,712,4.9,2.85,14,1.15
2203,Gas2,"132,962",Group2,893,5.12,2.95,96,1.98
2204,Far1,"57,679",Group2,309,4.76,2.49,82,1.91
2205,Acer3,"114,821",Group2,692,5.06,2.84,18,1.26
2206,Lcmt1,"60,576",Group2,734,4.78,2.87,63,1.8
2207,Stim1,"169,515",Group2,"1,172",5.23,3.07,89,1.95
2208,Cul4a,"42,321",Group2,606,4.63,2.78,127,2.1
2209,Polb,"25,311",Group2,308,4.4,2.49,37,1.57
2210,Ikbkb,"47,379",Group2,779,4.68,2.89,37,1.57
2211,Wrn,"151,145",Group2,"1,362",5.18,3.13,145,2.16
2212,Asah1,"34,578",Group2,392,4.54,2.59,45,1.65
2213,Pcm1,"92,594",Group2,606,4.97,2.78,50,1.7
2214,AC117750.1,"535,811",Group2,"2,788",5.73,3.45,11,1.04
2215,Nek1,"138,153",Group2,"1,004",5.14,3,62,1.79
2216,Slc7a6,"29,851",Group2,305,4.47,2.48,57,1.76
2217,Mtmr2,"58,073",Group2,514,4.76,2.71,11,1.04
2218,Terf2,"27,149",Group2,409,4.43,2.61,20,1.3
2219,Cfdp1,"85,802",Group2,943,4.93,2.97,54,1.73
2220,Acat1,"29,862",Group2,324,4.48,2.51,29,1.46
2221,Sltm,"49,482",Group2,501,4.69,2.7,56,1.75
2222,Rnf111,"78,303",Group2,571,4.89,2.76,41,1.61
2223,Ptpn9,"67,886",Group2,560,4.83,2.75,35,1.54
2224,Etfa,"57,737",Group2,352,4.76,2.55,40,1.6
2225,Snx1,"38,456",Group2,391,4.58,2.59,41,1.61
2226,Xrn1,"103,045",Group2,847,5.01,2.93,27,1.43
2227,Slc25a36,"36,198",Group2,323,4.56,2.51,53,1.72
2228,Smarcc1,"122,472",Group2,"1,121",5.09,3.05,90,1.95
2229,Nktr,"37,676",Group2,420,4.58,2.62,67,1.83
2230,Rbm6,"99,680",Group2,625,5,2.8,19,1.28
2231,AC127333.1,"166,907",Group2,"1,276",5.22,3.11,84,1.92
2232,Abcc4,"223,529",Group2,"3,783",5.35,3.58,79,1.9
2233,Rnft2,"54,382",Group2,833,4.74,2.92,59,1.77
2234,Cdc14b,"86,024",Group2,961,4.93,2.98,43,1.63
2235,Eefsec,"189,207",Group2,"1,345",5.28,3.13,38,1.58
2236,Rpgrip1l,"96,234",Group2,804,4.98,2.91,65,1.81
2237,Usp37,"108,775",Group2,832,5.04,2.92,25,1.4
2238,Trappc8,"78,872",Group2,578,4.9,2.76,70,1.85
2239,Eri3,"123,934",Group2,"1,217",5.09,3.09,39,1.59
2240,Specc1l,"100,672",Group2,858,5,2.93,33,1.52
2241,Larp4b,"80,572",Group2,820,4.91,2.91,76,1.88
2242,Ppip5k1,"44,837",Group2,552,4.65,2.74,26,1.41
2243,Fam20b,"40,556",Group2,510,4.61,2.71,40,1.6
2244,Caskin1,"20,124",Group2,407,4.3,2.61,88,1.94
2245,Pdpr,"42,446",Group2,449,4.63,2.65,73,1.86
2246,Pik3c3,"75,381",Group2,902,4.88,2.96,60,1.78
2247,RP24-483G17.1,"298,324",Group2,"1,770",5.47,3.25,79,1.9
2248,Cep350,"128,293",Group2,"1,066",5.11,3.03,60,1.78
2249,Acbd6,"133,212",Group2,"1,177",5.12,3.07,32,1.51
2250,Stard9,"102,776",Group2,"1,107",5.01,3.04,31,1.49
2251,Atp6v1h,"92,513",Group2,669,4.97,2.83,5,0.7
2252,Tmem87a,"48,803",Group2,331,4.69,2.52,43,1.63
2253,Mapkbp1,"54,711",Group2,569,4.74,2.76,61,1.79
2254,Ttc37,"91,584",Group2,646,4.96,2.81,34,1.53
2255,Scaper,"388,242",Group2,"1,987",5.59,3.3,41,1.61
2256,Farp2,"109,899",Group2,889,5.04,2.95,56,1.75
2257,Hdlbp,"72,877",Group2,692,4.86,2.84,88,1.94
2258,Exoc3,"39,246",Group2,253,4.59,2.4,26,1.41
2259,Ino80,"104,647",Group2,822,5.02,2.91,87,1.94
2260,Atm,"97,593",Group2,910,4.99,2.96,95,1.98
2261,Setd5,"76,072",Group2,505,4.88,2.7,137,2.14
2262,Tulp4,"144,693",Group2,"1,634",5.16,3.21,24,1.38
2263,Ice1,"85,929",Group2,862,4.93,2.94,61,1.79
2264,Zfyve9,"143,334",Group2,982,5.16,2.99,46,1.66
2265,RP24-354K18.1,"106,457",Group2,"1,125",5.03,3.05,58,1.76
2266,Ankrd12,"109,590",Group2,"1,162",5.04,3.07,73,1.86
2267,Ythdc2,"61,980",Group2,463,4.79,2.67,11,1.04
2268,Gns,"32,161",Group2,708,4.51,2.85,62,1.79
2269,Cog3,"52,169",Group2,567,4.72,2.75,26,1.41
2270,Wdr78,"76,492",Group2,654,4.88,2.82,71,1.85
2271,Nubpl,"215,009",Group2,"1,677",5.33,3.22,35,1.54
2272,Ccdc186,"34,711",Group2,480,4.54,2.68,53,1.72
2273,Zcchc6,"51,588",Group2,508,4.71,2.71,54,1.73
2274,Sec31a,"54,587",Group2,691,4.74,2.84,59,1.77
2275,Hacd2,"86,751",Group2,721,4.94,2.86,32,1.51
2276,Myo1d,"297,901",Group2,"2,834",5.47,3.45,44,1.64
2277,Rubcn,"56,065",Group2,768,4.75,2.89,99,2
2278,Dym,"268,196",Group2,"3,592",5.43,3.56,34,1.53
2279,Bbs9,"412,567",Group2,"3,750",5.62,3.57,36,1.56
2280,Slf2,"52,670",Group2,448,4.72,2.65,50,1.7
2281,Rab3gap1,"75,097",Group2,790,4.88,2.9,26,1.41
2282,Ankmy2,"40,179",Group2,552,4.6,2.74,77,1.89
2283,Pnpla8,"101,164",Group2,920,5.01,2.96,13,1.11
2284,Sec24a,"71,372",Group2,721,4.85,2.86,44,1.64
2285,Exoc1,"40,985",Group2,538,4.61,2.73,24,1.38
2286,Eea1,"104,870",Group2,813,5.02,2.91,39,1.59
2287,Fam13b,"64,473",Group2,550,4.81,2.74,54,1.73
2288,Bicral,"33,299",Group2,525,4.52,2.72,33,1.52
2289,Tbc1d9b,"41,391",Group2,581,4.62,2.76,49,1.69
2290,Phkb,"220,419",Group2,"1,436",5.34,3.16,62,1.79
2291,Ehmt1,"129,688",Group2,"1,079",5.11,3.03,58,1.76
2292,Anapc10,"67,241",Group2,436,4.83,2.64,75,1.88
2293,Pacrg,"437,301",Group2,"3,670",5.64,3.56,80,1.9
2294,Fam193a,"116,525",Group2,828,5.07,2.92,68,1.83
2295,Hook3,"97,805",Group2,864,4.99,2.94,119,2.08
2296,RP23-243E17.1,"189,931",Group2,"1,111",5.28,3.05,32,1.51
2297,Capn15,"27,434",Group2,366,4.44,2.56,43,1.63
2298,Larp1,"52,972",Group2,612,4.72,2.79,93,1.97
2299,Taf2,"57,023",Group2,658,4.76,2.82,39,1.59
2300,Ranbp10,"59,044",Group2,576,4.77,2.76,38,1.58
2301,Depdc5,"130,537",Group2,"1,021",5.12,3.01,46,1.66
2302,Prkci,"57,214",Group2,684,4.76,2.84,37,1.57
2303,Vps13b,"560,071",Group2,"3,433",5.75,3.54,13,1.11
2304,Phc3,"70,046",Group2,704,4.85,2.85,22,1.34
2305,Rfx7,"90,699",Group2,469,4.96,2.67,99,2
2306,Phf12,"47,787",Group2,592,4.68,2.77,88,1.94
2307,RP23-200C3.1,"91,170",Group2,832,4.96,2.92,55,1.74
2308,Smim14,"90,342",Group2,947,4.96,2.98,100,2
2309,Iars,"52,169",Group2,786,4.72,2.9,34,1.53
2310,Cramp1l,"54,004",Group2,586,4.73,2.77,162,2.21
2311,Gcc2,"50,104",Group2,412,4.7,2.61,39,1.59
2312,Dexi,"40,525",Group2,498,4.61,2.7,39,1.59
2313,Sbno1,"57,301",Group2,554,4.76,2.74,42,1.62
2314,Tbc1d32,"214,398",Group2,"1,453",5.33,3.16,37,1.57
2315,Atg5,"95,935",Group2,860,4.98,2.93,42,1.62
2316,Smg6,"238,627",Group2,"1,685",5.38,3.23,53,1.72
2317,Sbf2,"306,911",Group2,"2,033",5.49,3.31,75,1.88
2318,Gmds,"519,163",Group2,"2,944",5.72,3.47,29,1.46
2319,Pigu,"79,189",Group2,651,4.9,2.81,33,1.52
2320,Chmp4b,"43,082",Group2,566,4.63,2.75,18,1.26
2321,Tfdp1,"39,699",Group2,649,4.6,2.81,73,1.86
2322,Dcun1d2,"32,170",Group2,468,4.51,2.67,45,1.65
2323,Phrf1,"33,968",Group2,414,4.53,2.62,44,1.64
2324,Zkscan16,"14,729",Group2,196,4.17,2.29,27,1.43
2325,Nup205,"70,177",Group2,686,4.85,2.84,25,1.4
2326,Ascc3,"258,818",Group2,"1,513",5.41,3.18,38,1.58
2327,Ctnnal1,"54,255",Group2,718,4.73,2.86,43,1.63
2328,Nipal2,"106,415",Group2,630,5.03,2.8,23,1.36
2329,Ube2l3,"50,638",Group2,419,4.7,2.62,15,1.18
2330,Cpq,"511,425",Group2,"2,342",5.71,3.37,19,1.28
2331,Tasp1,"233,327",Group2,"1,549",5.37,3.19,41,1.61
2332,Cdc123,"50,872",Group2,583,4.71,2.77,52,1.72
2333,Tbc1d19,"94,361",Group2,714,4.97,2.85,26,1.41
2334,Srrm2,"34,081",Group2,594,4.53,2.77,35,1.54
2335,Arid4b,"136,373",Group2,850,5.13,2.93,33,1.52
2336,Tbcd,"165,217",Group2,"1,572",5.22,3.2,48,1.68
2337,Tbce,"41,691",Group2,431,4.62,2.63,35,1.54
2338,B3galnt2,"44,636",Group2,472,4.65,2.67,53,1.72
2339,Heatr5b,"82,477",Group2,881,4.92,2.94,54,1.73
2340,Ubn1,"36,234",Group2,323,4.56,2.51,78,1.89
2341,Micu3,"78,852",Group2,625,4.9,2.8,12,1.08
2342,Zufsp,"32,129",Group2,188,4.51,2.27,30,1.48
2343,Stau1,"48,752",Group2,547,4.69,2.74,43,1.63
2344,Ccser1,"1,202,543",Group2,"6,172",6.08,3.79,64,1.81
2345,Fam149b,"35,331",Group2,412,4.55,2.61,49,1.69
2346,Usp53,"53,019",Group2,472,4.72,2.67,84,1.92
2347,Lmbrd2,"61,935",Group2,448,4.79,2.65,50,1.7
2348,Dnajc11,"48,448",Group2,876,4.69,2.94,52,1.72
2349,AC158971.1,"102,054",Group2,"1,111",5.01,3.05,53,1.72
2350,Wdr70,"226,156",Group2,"2,397",5.35,3.38,23,1.36
2351,Epg5,"96,562",Group2,"1,276",4.98,3.11,37,1.57
2352,Mcph1,"208,060",Group2,"2,374",5.32,3.38,32,1.51
2353,Phtf2,"123,463",Group2,"1,086",5.09,3.04,75,1.88
2354,Ankrd13c,"60,797",Group2,439,4.78,2.64,41,1.61
2355,Flywch1,"18,811",Group2,276,4.27,2.44,36,1.56
2356,Cul9,"45,818",Group2,792,4.66,2.9,37,1.57
2357,Ankib1,"112,927",Group2,773,5.05,2.89,86,1.93
2358,Aqr,"85,856",Group2,971,4.93,2.99,11,1.04
2359,RP23-37G19.2,"80,844",Group2,917,4.91,2.96,61,1.79
2360,Cfap69,"84,963",Group2,665,4.93,2.82,29,1.46
2361,Ckap5,"93,904",Group2,614,4.97,2.79,21,1.32
2362,Ranbp17,"301,953",Group2,"2,306",5.48,3.36,35,1.54
2363,Appl1,"52,246",Group2,399,4.72,2.6,14,1.15
2364,Hlcs,"184,691",Group2,"3,137",5.27,3.5,44,1.64
2365,N4bp2l1,"25,546",Group2,423,4.41,2.63,44,1.64
2366,Vps41,"149,527",Group2,"1,181",5.17,3.07,16,1.2
2367,Atg2b,"69,077",Group2,"1,019",4.84,3.01,80,1.9
2368,Ankrd42,"55,421",Group2,468,4.74,2.67,38,1.58
2369,Gucy1a2,"361,960",Group2,"1,810",5.56,3.26,67,1.83
2370,Btbd7,"97,676",Group2,808,4.99,2.91,48,1.68
2371,Fam169a,"63,729",Group2,829,4.8,2.92,24,1.38
2372,Wdr60,"56,762",Group2,441,4.75,2.64,30,1.48
2373,Cox10,"116,843",Group2,"1,327",5.07,3.12,33,1.52
2374,Slc35e2,"21,926",Group2,274,4.34,2.44,34,1.53
2375,RP23-188K3.6,"68,680",Group2,503,4.84,2.7,48,1.68
2376,Zmym6,"46,991",Group2,377,4.67,2.58,40,1.6
2377,Ago4,"43,933",Group2,486,4.64,2.69,63,1.8
2378,Fam227a,"49,382",Group2,679,4.69,2.83,76,1.88
2379,Zfyve1,"50,666",Group2,581,4.7,2.76,24,1.38
2380,Naa25,"46,444",Group2,646,4.67,2.81,42,1.62
2381,Borcs5,"71,679",Group2,825,4.86,2.92,15,1.18
2382,Edem3,"66,682",Group2,602,4.82,2.78,56,1.75
2383,Ispd,"308,055",Group2,"1,882",5.49,3.27,21,1.32
2384,Simc1,"47,513",Group2,411,4.68,2.61,46,1.66
2385,Upf2,"105,236",Group2,859,5.02,2.93,66,1.82
2386,Tmem130,"25,905",Group2,357,4.41,2.55,24,1.38
2387,Setx,"58,292",Group2,574,4.77,2.76,25,1.4
2388,Spink10,"112,457",Group2,810,5.05,2.91,66,1.82
2389,Nxpe4,"238,004",Group2,"2,377",5.38,3.38,29,1.46
2390,Fam160a2,"28,845",Group2,260,4.46,2.41,53,1.72
2391,Slc38a6,"67,272",Group2,807,4.83,2.91,42,1.62
2392,Megf8,"48,755",Group2,759,4.69,2.88,125,2.1
2393,Slc25a26,"104,343",Group2,"1,058",5.02,3.02,33,1.52
2394,Dpy19l4,"60,824",Group2,577,4.78,2.76,35,1.54
2395,Wnk1,"114,705",Group2,686,5.06,2.84,69,1.84
2396,Nipa1,"42,389",Group2,467,4.63,2.67,23,1.36
2397,ZNF654,"71,307",Group2,528,4.85,2.72,159,2.2
2398,Dync2h1,"255,945",Group2,"1,541",5.41,3.19,91,1.96
2399,Zbtb44,"45,243",Group2,381,4.66,2.58,94,1.97
2400,Slc38a9,"78,000",Group2,895,4.89,2.95,26,1.41
2401,Akap10,"58,947",Group2,454,4.77,2.66,39,1.59
2402,Usp14,"49,689",Group2,389,4.7,2.59,15,1.18
2403,Trappc9,"471,586",Group2,"5,014",5.67,3.7,23,1.36
2404,Gigyf2,"123,800",Group2,856,5.09,2.93,35,1.54
2405,Arid4a,"82,604",Group2,"1,022",4.92,3.01,80,1.9
2406,Kmt2d,"39,537",Group2,856,4.6,2.93,140,2.15
2407,Ccdc57,"106,345",Group2,"1,134",5.03,3.05,33,1.52
2408,Tbc1d12,"83,346",Group2,856,4.92,2.93,36,1.56
2409,Tmem241,"157,089",Group2,"1,327",5.2,3.12,33,1.52
2410,Pitpnb,"57,598",Group2,659,4.76,2.82,62,1.79
2411,Rictor,"92,024",Group2,"1,069",4.96,3.03,114,2.06
2412,Fam118b,"50,842",Group2,373,4.71,2.57,48,1.68
2413,Nup160,"59,115",Group2,580,4.77,2.76,18,1.26
2414,Plekhm3,"170,843",Group2,"1,447",5.23,3.16,27,1.43
2415,Nlgn2,"14,664",Group2,366,4.17,2.56,61,1.79
2416,Immt,"46,059",Group2,364,4.66,2.56,53,1.72
2417,Ccdc171,"339,127",Group2,"3,039",5.53,3.48,78,1.89
2418,Sae1,"67,574",Group2,638,4.83,2.8,33,1.52
2419,Rnf157,"76,681",Group2,"1,339",4.88,3.13,73,1.86
2420,Dis3l2,"346,289",Group2,"1,861",5.54,3.27,44,1.64
2421,Nrd1,"61,124",Group2,511,4.79,2.71,47,1.67
2422,Aldh7a1,"63,266",Group2,817,4.8,2.91,76,1.88
2423,RP23-457F4.2,"189,600",Group2,"1,823",5.28,3.26,34,1.53
2424,Chd8,"59,631",Group2,636,4.78,2.8,53,1.72
2425,Nudcd3,"94,726",Group2,972,4.98,2.99,25,1.4
2426,Gon4l,"74,874",Group2,764,4.87,2.88,33,1.52
2427,Mdm4,"71,079",Group2,735,4.85,2.87,19,1.28
2428,Vapb,"46,827",Group2,662,4.67,2.82,36,1.56
2429,Lclat1,"135,385",Group2,"1,124",5.13,3.05,43,1.63
2430,Fsd1l,"75,540",Group2,715,4.88,2.85,51,1.71
2431,Ep300,"66,728",Group2,598,4.82,2.78,44,1.64
2432,Srsf11,"26,168",Group2,293,4.42,2.47,37,1.57
2433,Epm2a,"116,242",Group2,949,5.07,2.98,34,1.53
2434,Zzef1,"130,896",Group2,916,5.12,2.96,83,1.92
2435,Socs6,"262,259",Group2,"1,302",5.42,3.11,6,0.78
2436,Cnot10,"54,308",Group2,607,4.73,2.78,26,1.41
2437,Snx32,"15,213",Group2,233,4.18,2.37,67,1.83
2438,Tyw1,"85,946",Group2,"1,262",4.93,3.1,70,1.85
2439,Pign,"145,257",Group2,842,5.16,2.93,90,1.95
2440,RP24-535N4.2,"69,328",Group2,889,4.84,2.95,70,1.85
2441,Cspp1,"98,783",Group2,862,4.99,2.94,34,1.53
2442,Setd3,"72,885",Group2,689,4.86,2.84,96,1.98
2443,Immp2l,"931,500",Group2,"5,852",5.97,3.77,37,1.57
2444,Chd6,"162,099",Group2,"1,290",5.21,3.11,64,1.81
2445,Bbof1,"33,818",Group2,321,4.53,2.51,101,2
2446,Nsd2,"77,252",Group2,614,4.89,2.79,149,2.17
2447,Pus7,"43,065",Group2,643,4.63,2.81,24,1.38
2448,RP24-472I15.1,"472,745",Group2,"3,625",5.67,3.56,33,1.52
2449,Mdn1,"118,100",Group2,"1,150",5.07,3.06,39,1.59
2450,Nrf1,"105,472",Group2,"1,066",5.02,3.03,71,1.85
2451,Fbxo18,"35,011",Group2,438,4.54,2.64,103,2.01
2452,Memo1,"94,179",Group2,755,4.97,2.88,141,2.15
2453,Deaf1,"30,512",Group2,374,4.48,2.57,99,2
2454,Vwa8,"353,260",Group2,"3,524",5.55,3.55,13,1.11
2455,Skap2,"155,129",Group2,"1,160",5.19,3.06,44,1.64
2456,Zfp933,"25,382",Group2,319,4.4,2.5,24,1.38
2457,Max,"24,934",Group2,324,4.4,2.51,69,1.84
2458,Bcas3,"472,893",Group2,"4,372",5.67,3.64,56,1.75
2459,Taf1b,"60,182",Group2,511,4.78,2.71,14,1.15
2460,Chpt1,"51,330",Group2,537,4.71,2.73,29,1.46
2461,Casc4,"69,252",Group2,433,4.84,2.64,61,1.79
2462,Ap2a1,"29,125",Group2,458,4.46,2.66,58,1.76
2463,Hnrnpc,"30,653",Group2,219,4.49,2.34,48,1.68
2464,Fhit,"1,611,945",Group2,"8,976",6.21,3.95,22,1.34
2465,Marf1,"54,180",Group2,531,4.73,2.73,48,1.68
2466,Exoc5,"62,565",Group2,419,4.8,2.62,22,1.34
2467,Stx17,"61,594",Group2,503,4.79,2.7,22,1.34
2468,Nol10,"81,639",Group2,772,4.91,2.89,30,1.48
2469,Gdpd1,"40,197",Group2,435,4.6,2.64,46,1.66
2470,Inadl,"323,820",Group2,"3,248",5.51,3.51,28,1.45
2471,Flot2,"22,505",Group2,303,4.35,2.48,43,1.63
2472,Lmtk3,"20,408",Group2,593,4.31,2.77,39,1.59
2473,Scfd2,"326,945",Group2,"2,821",5.51,3.45,30,1.48
2474,Gspt1,"35,035",Group2,369,4.54,2.57,56,1.75
2475,Gak,"60,346",Group2,464,4.78,2.67,51,1.71
2476,Armc9,"123,506",Group2,"1,414",5.09,3.15,44,1.64
2477,Mysm1,"37,062",Group2,322,4.57,2.51,53,1.72
2478,AC121576.1,"102,004",Group2,932,5.01,2.97,28,1.45
2479,Hacd1,"205,855",Group2,"1,359",5.31,3.13,33,1.52
2480,Tmem117,"466,868",Group2,"4,723",5.67,3.67,57,1.76
2481,Snrnp70,"19,291",Group2,276,4.29,2.44,44,1.64
2482,Nup98,"90,780",Group2,577,4.96,2.76,46,1.66
2483,Ap3s2,"45,326",Group2,461,4.66,2.66,35,1.54
2484,Gpatch1,"41,906",Group2,490,4.62,2.69,39,1.59
2485,Alms1,"115,224",Group2,790,5.06,2.9,36,1.56
2486,Ptcd3,"28,114",Group2,205,4.45,2.31,62,1.79
2487,Nr6a1,"204,320",Group2,"1,332",5.31,3.12,13,1.11
2488,Fam172a,"464,204",Group2,"2,658",5.67,3.42,27,1.43
2489,Numa1,"80,855",Group2,749,4.91,2.87,47,1.67
2490,Mthfs,"167,039",Group2,"1,055",5.22,3.02,14,1.15
2491,Hmgb1,"137,789",Group2,"2,036",5.14,3.31,65,1.81
2492,Wdr35,"54,957",Group2,618,4.74,2.79,29,1.46
2493,Zfp810,"30,902",Group2,340,4.49,2.53,38,1.58
2494,Xpo5,"39,446",Group2,516,4.6,2.71,81,1.91
2495,Bmpr2,"115,616",Group2,805,5.06,2.91,88,1.94
2496,Tm9sf4,"49,165",Group2,479,4.69,2.68,24,1.38
2497,AC132685.1,"183,727",Group2,868,5.26,2.94,8,0.9
2498,Ndufaf2,"155,910",Group2,"1,797",5.19,3.25,58,1.76
2499,Celsr2,"24,703",Group2,674,4.39,2.83,104,2.02
2500,Dusp22,"51,234",Group2,537,4.71,2.73,43,1.63
2501,Epc2,"100,464",Group2,807,5,2.91,76,1.88
2502,Fam57a,"35,158",Group2,429,4.55,2.63,48,1.68
2503,Ell,"53,403",Group2,501,4.73,2.7,81,1.91
2504,Rnf121,"46,334",Group2,353,4.67,2.55,46,1.66
2505,RP23-198N22.1,"478,246",Group2,"2,930",5.68,3.47,73,1.86
2506,AC152164.3,"34,821",Group2,273,4.54,2.44,36,1.56
2507,RP24-456P10.1,"68,629",Group2,454,4.84,2.66,11,1.04
2508,Nbeal1,"157,731",Group2,977,5.2,2.99,57,1.76
2509,Ap1ar,"30,518",Group2,472,4.48,2.67,46,1.66
2510,Zfp950,"87,002",Group2,411,4.94,2.61,15,1.18
2511,Qser1,"61,967",Group2,462,4.79,2.66,85,1.93
2512,RP23-201G13.1,"104,284",Group2,"1,043",5.02,3.02,35,1.54
2513,Zc3h3,"87,487",Group2,959,4.94,2.98,57,1.76
2514,Ddi2,"45,872",Group2,594,4.66,2.77,57,1.76
2515,Casc3,"28,911",Group2,410,4.46,2.61,19,1.28
2516,RP23-314A12.1,"14,261",Group2,173,4.15,2.24,39,1.59
2517,2-Mar,"32,980",Group2,293,4.52,2.47,36,1.56
2518,Far1os,"34,500",Group2,151,4.54,2.18,14,1.15
2519,Lin52,"94,725",Group2,846,4.98,2.93,55,1.74
2520,RP23-284J4.1,"170,092",Group2,"1,346",5.23,3.13,9,0.95
2521,RP24-123J3.1,"78,674",Group2,912,4.9,2.96,88,1.94
2522,RP23-129P10.1,"44,057",Group2,413,4.64,2.62,34,1.53
2523,Tmem170b,"35,450",Group2,361,4.55,2.56,78,1.89
2524,RP24-403B15.1,"99,684",Group2,628,5,2.8,201,2.3
2525,RP23-243J5.1,"189,283",Group2,"1,615",5.28,3.21,30,1.48
2526,RP23-343H23.1,"46,693",Group2,750,4.67,2.88,113,2.05
2527,RP23-388A19.6,"97,825",Group2,584,4.99,2.77,99,2
2528,RP23-20K24.5,"56,221",Group2,541,4.75,2.73,140,2.15
2529,RP24-324L19.1,"257,420",Group2,"1,653",5.41,3.22,44,1.64
2530,RP23-314A12.2,"28,474",Group2,129,4.45,2.11,3,0.48
2531,RP24-88J19.1,"68,348",Group2,638,4.83,2.8,92,1.96
2532,RP23-44E17.1,"172,861",Group2,829,5.24,2.92,32,1.51
2533,Gm26561,"515,208",Group2,"6,176",5.71,3.79,29,1.46
2534,RP23-285F13.1,"75,626",Group2,465,4.88,2.67,19,1.28
2535,RP23-25A17.2,"30,752",Group2,160,4.49,2.2,4,0.6
2536,RP23-392G15.1,"37,504",Group2,184,4.57,2.26,10,1
2537,RP23-245C15.1,"231,356",Group2,"1,352",5.36,3.13,8,0.9
2538,RP24-549I13.2,"46,395",Group2,298,4.67,2.47,13,1.11
2539,RP24-274B19.1,"224,173",Group2,875,5.35,2.94,7,0.85
2540,RP24-89C4.5,"114,822",Group2,575,5.06,2.76,24,1.38
2541,RP23-329M17.1,"176,765",Group2,915,5.25,2.96,21,1.32
2542,RP24-66D20.1,"164,878",Group2,"1,370",5.22,3.14,12,1.08
2543,RP23-49H16.3,"81,142",Group2,455,4.91,2.66,17,1.23
2544,RP24-75N14.3,"113,012",Group2,"1,220",5.05,3.09,30,1.48
