chrom100k,chrom,end,start
chr1_0,chr1,100000,0
chr1_1,chr1,200000,100000
chr1_2,chr1,300000,200000
chr1_3,chr1,400000,300000
chr1_4,chr1,500000,400000
chr1_5,chr1,600000,500000
chr1_6,chr1,700000,600000
chr1_7,chr1,800000,700000
chr1_8,chr1,900000,800000
chr1_9,chr1,1000000,900000
chr1_10,chr1,1100000,1000000
chr1_11,chr1,1200000,1100000
chr1_12,chr1,1300000,1200000
chr1_13,chr1,1400000,1300000
chr1_14,chr1,1500000,1400000
chr1_15,chr1,1600000,1500000
chr1_16,chr1,1700000,1600000
chr1_17,chr1,1800000,1700000
chr1_18,chr1,1900000,1800000
chr1_19,chr1,2000000,1900000
chr1_20,chr1,2100000,2000000
chr1_21,chr1,2200000,2100000
chr1_22,chr1,2300000,2200000
chr1_23,chr1,2400000,2300000
chr1_24,chr1,2500000,2400000
chr1_25,chr1,2600000,2500000
chr1_26,chr1,2700000,2600000
chr1_27,chr1,2800000,2700000
chr1_28,chr1,2900000,2800000
chr1_29,chr1,3000000,2900000
chr1_30,chr1,3100000,3000000
chr1_31,chr1,3200000,3100000
chr1_32,chr1,3300000,3200000
chr1_33,chr1,3400000,3300000
chr1_34,chr1,3500000,3400000
chr1_35,chr1,3600000,3500000
chr1_36,chr1,3700000,3600000
chr1_37,chr1,3800000,3700000
chr1_38,chr1,3900000,3800000
chr1_39,chr1,4000000,3900000
chr1_40,chr1,4100000,4000000
chr1_41,chr1,4200000,4100000
chr1_42,chr1,4300000,4200000
chr1_43,chr1,4400000,4300000
chr1_44,chr1,4500000,4400000
chr1_45,chr1,4600000,4500000
chr1_46,chr1,4700000,4600000
chr1_47,chr1,4800000,4700000
chr1_48,chr1,4900000,4800000
chr1_49,chr1,5000000,4900000
chr1_50,chr1,5100000,5000000
chr1_51,chr1,5200000,5100000
chr1_52,chr1,5300000,5200000
chr1_53,chr1,5400000,5300000
chr1_54,chr1,5500000,5400000
chr1_55,chr1,5600000,5500000
chr1_56,chr1,5700000,5600000
chr1_57,chr1,5800000,5700000
chr1_58,chr1,5900000,5800000
chr1_59,chr1,6000000,5900000
chr1_60,chr1,6100000,6000000
chr1_61,chr1,6200000,6100000
chr1_62,chr1,6300000,6200000
chr1_63,chr1,6400000,6300000
chr1_64,chr1,6500000,6400000
chr1_65,chr1,6600000,6500000
chr1_66,chr1,6700000,6600000
chr1_67,chr1,6800000,6700000
chr1_68,chr1,6900000,6800000
chr1_69,chr1,7000000,6900000
chr1_70,chr1,7100000,7000000
chr1_71,chr1,7200000,7100000
chr1_72,chr1,7300000,7200000
chr1_73,chr1,7400000,7300000
chr1_74,chr1,7500000,7400000
chr1_75,chr1,7600000,7500000
chr1_76,chr1,7700000,7600000
chr1_77,chr1,7800000,7700000
chr1_78,chr1,7900000,7800000
chr1_79,chr1,8000000,7900000
chr1_80,chr1,8100000,8000000
chr1_81,chr1,8200000,8100000
chr1_82,chr1,8300000,8200000
chr1_83,chr1,8400000,8300000
chr1_84,chr1,8500000,8400000
chr1_85,chr1,8600000,8500000
chr1_86,chr1,8700000,8600000
chr1_87,chr1,8800000,8700000
chr1_88,chr1,8900000,8800000
chr1_89,chr1,9000000,8900000
chr1_90,chr1,9100000,9000000
chr1_91,chr1,9200000,9100000
chr1_92,chr1,9300000,9200000
chr1_93,chr1,9400000,9300000
chr1_94,chr1,9500000,9400000
chr1_95,chr1,9600000,9500000
chr1_96,chr1,9700000,9600000
chr1_97,chr1,9800000,9700000
chr1_98,chr1,9900000,9800000
chr1_99,chr1,10000000,9900000
chr1_100,chr1,10100000,10000000
chr1_101,chr1,10200000,10100000
chr1_102,chr1,10300000,10200000
chr1_103,chr1,10400000,10300000
chr1_104,chr1,10500000,10400000
chr1_105,chr1,10600000,10500000
chr1_106,chr1,10700000,10600000
chr1_107,chr1,10800000,10700000
chr1_108,chr1,10900000,10800000
chr1_109,chr1,11000000,10900000
chr1_110,chr1,11100000,11000000
chr1_111,chr1,11200000,11100000
chr1_112,chr1,11300000,11200000
chr1_113,chr1,11400000,11300000
chr1_114,chr1,11500000,11400000
chr1_115,chr1,11600000,11500000
chr1_116,chr1,11700000,11600000
chr1_117,chr1,11800000,11700000
chr1_118,chr1,11900000,11800000
chr1_119,chr1,12000000,11900000
chr1_120,chr1,12100000,12000000
chr1_121,chr1,12200000,12100000
chr1_122,chr1,12300000,12200000
chr1_123,chr1,12400000,12300000
chr1_124,chr1,12500000,12400000
chr1_125,chr1,12600000,12500000
chr1_126,chr1,12700000,12600000
chr1_127,chr1,12800000,12700000
chr1_128,chr1,12900000,12800000
chr1_129,chr1,13000000,12900000
chr1_130,chr1,13100000,13000000
chr1_131,chr1,13200000,13100000
chr1_132,chr1,13300000,13200000
chr1_133,chr1,13400000,13300000
chr1_134,chr1,13500000,13400000
chr1_135,chr1,13600000,13500000
chr1_136,chr1,13700000,13600000
chr1_137,chr1,13800000,13700000
chr1_138,chr1,13900000,13800000
chr1_139,chr1,14000000,13900000
chr1_140,chr1,14100000,14000000
chr1_141,chr1,14200000,14100000
chr1_142,chr1,14300000,14200000
chr1_143,chr1,14400000,14300000
chr1_144,chr1,14500000,14400000
chr1_145,chr1,14600000,14500000
chr1_146,chr1,14700000,14600000
chr1_147,chr1,14800000,14700000
chr1_148,chr1,14900000,14800000
chr1_149,chr1,15000000,14900000
chr1_150,chr1,15100000,15000000
chr1_151,chr1,15200000,15100000
chr1_152,chr1,15300000,15200000
chr1_153,chr1,15400000,15300000
chr1_154,chr1,15500000,15400000
chr1_155,chr1,15600000,15500000
chr1_156,chr1,15700000,15600000
chr1_157,chr1,15800000,15700000
chr1_158,chr1,15900000,15800000
chr1_159,chr1,16000000,15900000
chr1_160,chr1,16100000,16000000
chr1_161,chr1,16200000,16100000
chr1_162,chr1,16300000,16200000
chr1_163,chr1,16400000,16300000
chr1_164,chr1,16500000,16400000
chr1_165,chr1,16600000,16500000
chr1_166,chr1,16700000,16600000
chr1_167,chr1,16800000,16700000
chr1_168,chr1,16900000,16800000
chr1_169,chr1,17000000,16900000
chr1_170,chr1,17100000,17000000
chr1_171,chr1,17200000,17100000
chr1_172,chr1,17300000,17200000
chr1_173,chr1,17400000,17300000
chr1_174,chr1,17500000,17400000
chr1_175,chr1,17600000,17500000
chr1_176,chr1,17700000,17600000
chr1_177,chr1,17800000,17700000
chr1_178,chr1,17900000,17800000
chr1_179,chr1,18000000,17900000
chr1_180,chr1,18100000,18000000
chr1_181,chr1,18200000,18100000
chr1_182,chr1,18300000,18200000
chr1_183,chr1,18400000,18300000
chr1_184,chr1,18500000,18400000
chr1_185,chr1,18600000,18500000
chr1_186,chr1,18700000,18600000
chr1_187,chr1,18800000,18700000
chr1_188,chr1,18900000,18800000
chr1_189,chr1,19000000,18900000
chr1_190,chr1,19100000,19000000
chr1_191,chr1,19200000,19100000
chr1_192,chr1,19300000,19200000
chr1_193,chr1,19400000,19300000
chr1_194,chr1,19500000,19400000
chr1_195,chr1,19600000,19500000
chr1_196,chr1,19700000,19600000
chr1_197,chr1,19800000,19700000
chr1_198,chr1,19900000,19800000
chr1_199,chr1,20000000,19900000
chr1_200,chr1,20100000,20000000
chr1_201,chr1,20200000,20100000
chr1_202,chr1,20300000,20200000
chr1_203,chr1,20400000,20300000
chr1_204,chr1,20500000,20400000
chr1_205,chr1,20600000,20500000
chr1_206,chr1,20700000,20600000
chr1_207,chr1,20800000,20700000
chr1_208,chr1,20900000,20800000
chr1_209,chr1,21000000,20900000
chr1_210,chr1,21100000,21000000
chr1_211,chr1,21200000,21100000
chr1_212,chr1,21300000,21200000
chr1_213,chr1,21400000,21300000
chr1_214,chr1,21500000,21400000
chr1_215,chr1,21600000,21500000
chr1_216,chr1,21700000,21600000
chr1_217,chr1,21800000,21700000
chr1_218,chr1,21900000,21800000
chr1_219,chr1,22000000,21900000
chr1_220,chr1,22100000,22000000
chr1_221,chr1,22200000,22100000
chr1_222,chr1,22300000,22200000
chr1_223,chr1,22400000,22300000
chr1_224,chr1,22500000,22400000
chr1_225,chr1,22600000,22500000
chr1_226,chr1,22700000,22600000
chr1_227,chr1,22800000,22700000
chr1_228,chr1,22900000,22800000
chr1_229,chr1,23000000,22900000
chr1_230,chr1,23100000,23000000
chr1_231,chr1,23200000,23100000
chr1_232,chr1,23300000,23200000
chr1_233,chr1,23400000,23300000
chr1_234,chr1,23500000,23400000
chr1_235,chr1,23600000,23500000
chr1_236,chr1,23700000,23600000
chr1_237,chr1,23800000,23700000
chr1_238,chr1,23900000,23800000
chr1_239,chr1,24000000,23900000
chr1_240,chr1,24100000,24000000
chr1_241,chr1,24200000,24100000
chr1_242,chr1,24300000,24200000
chr1_243,chr1,24400000,24300000
chr1_244,chr1,24500000,24400000
chr1_245,chr1,24600000,24500000
chr1_246,chr1,24700000,24600000
chr1_247,chr1,24800000,24700000
chr1_248,chr1,24900000,24800000
chr1_249,chr1,25000000,24900000
chr1_250,chr1,25100000,25000000
chr1_251,chr1,25200000,25100000
chr1_252,chr1,25300000,25200000
chr1_253,chr1,25400000,25300000
chr1_254,chr1,25500000,25400000
chr1_255,chr1,25600000,25500000
chr1_256,chr1,25700000,25600000
chr1_257,chr1,25800000,25700000
chr1_258,chr1,25900000,25800000
chr1_259,chr1,26000000,25900000
chr1_260,chr1,26100000,26000000
chr1_261,chr1,26200000,26100000
chr1_262,chr1,26300000,26200000
chr1_263,chr1,26400000,26300000
chr1_264,chr1,26500000,26400000
chr1_265,chr1,26600000,26500000
chr1_266,chr1,26700000,26600000
chr1_267,chr1,26800000,26700000
chr1_268,chr1,26900000,26800000
chr1_269,chr1,27000000,26900000
chr1_270,chr1,27100000,27000000
chr1_271,chr1,27200000,27100000
chr1_272,chr1,27300000,27200000
chr1_273,chr1,27400000,27300000
chr1_274,chr1,27500000,27400000
chr1_275,chr1,27600000,27500000
chr1_276,chr1,27700000,27600000
chr1_277,chr1,27800000,27700000
chr1_278,chr1,27900000,27800000
chr1_279,chr1,28000000,27900000
chr1_280,chr1,28100000,28000000
chr1_281,chr1,28200000,28100000
chr1_282,chr1,28300000,28200000
chr1_283,chr1,28400000,28300000
chr1_284,chr1,28500000,28400000
chr1_285,chr1,28600000,28500000
chr1_286,chr1,28700000,28600000
chr1_287,chr1,28800000,28700000
chr1_288,chr1,28900000,28800000
chr1_289,chr1,29000000,28900000
chr1_290,chr1,29100000,29000000
chr1_291,chr1,29200000,29100000
chr1_292,chr1,29300000,29200000
chr1_293,chr1,29400000,29300000
chr1_294,chr1,29500000,29400000
chr1_295,chr1,29600000,29500000
chr1_296,chr1,29700000,29600000
chr1_297,chr1,29800000,29700000
chr1_298,chr1,29900000,29800000
chr1_299,chr1,30000000,29900000
chr1_300,chr1,30100000,30000000
chr1_301,chr1,30200000,30100000
chr1_302,chr1,30300000,30200000
chr1_303,chr1,30400000,30300000
chr1_304,chr1,30500000,30400000
chr1_305,chr1,30600000,30500000
chr1_306,chr1,30700000,30600000
chr1_307,chr1,30800000,30700000
chr1_308,chr1,30900000,30800000
chr1_309,chr1,31000000,30900000
chr1_310,chr1,31100000,31000000
chr1_311,chr1,31200000,31100000
chr1_312,chr1,31300000,31200000
chr1_313,chr1,31400000,31300000
chr1_314,chr1,31500000,31400000
chr1_315,chr1,31600000,31500000
chr1_316,chr1,31700000,31600000
chr1_317,chr1,31800000,31700000
chr1_318,chr1,31900000,31800000
chr1_319,chr1,32000000,31900000
chr1_320,chr1,32100000,32000000
chr1_321,chr1,32200000,32100000
chr1_322,chr1,32300000,32200000
chr1_323,chr1,32400000,32300000
chr1_324,chr1,32500000,32400000
chr1_325,chr1,32600000,32500000
chr1_326,chr1,32700000,32600000
chr1_327,chr1,32800000,32700000
chr1_328,chr1,32900000,32800000
chr1_329,chr1,33000000,32900000
chr1_330,chr1,33100000,33000000
chr1_331,chr1,33200000,33100000
chr1_332,chr1,33300000,33200000
chr1_333,chr1,33400000,33300000
chr1_334,chr1,33500000,33400000
chr1_335,chr1,33600000,33500000
chr1_336,chr1,33700000,33600000
chr1_337,chr1,33800000,33700000
chr1_338,chr1,33900000,33800000
chr1_339,chr1,34000000,33900000
chr1_340,chr1,34100000,34000000
chr1_341,chr1,34200000,34100000
chr1_342,chr1,34300000,34200000
chr1_343,chr1,34400000,34300000
chr1_344,chr1,34500000,34400000
chr1_345,chr1,34600000,34500000
chr1_346,chr1,34700000,34600000
chr1_347,chr1,34800000,34700000
chr1_348,chr1,34900000,34800000
chr1_349,chr1,35000000,34900000
chr1_350,chr1,35100000,35000000
chr1_351,chr1,35200000,35100000
chr1_352,chr1,35300000,35200000
chr1_353,chr1,35400000,35300000
chr1_354,chr1,35500000,35400000
chr1_355,chr1,35600000,35500000
chr1_356,chr1,35700000,35600000
chr1_357,chr1,35800000,35700000
chr1_358,chr1,35900000,35800000
chr1_359,chr1,36000000,35900000
chr1_360,chr1,36100000,36000000
chr1_361,chr1,36200000,36100000
chr1_362,chr1,36300000,36200000
chr1_363,chr1,36400000,36300000
chr1_364,chr1,36500000,36400000
chr1_365,chr1,36600000,36500000
chr1_366,chr1,36700000,36600000
chr1_367,chr1,36800000,36700000
chr1_368,chr1,36900000,36800000
chr1_369,chr1,37000000,36900000
chr1_370,chr1,37100000,37000000
chr1_371,chr1,37200000,37100000
chr1_372,chr1,37300000,37200000
chr1_373,chr1,37400000,37300000
chr1_374,chr1,37500000,37400000
chr1_375,chr1,37600000,37500000
chr1_376,chr1,37700000,37600000
chr1_377,chr1,37800000,37700000
chr1_378,chr1,37900000,37800000
chr1_379,chr1,38000000,37900000
chr1_380,chr1,38100000,38000000
chr1_381,chr1,38200000,38100000
chr1_382,chr1,38300000,38200000
chr1_383,chr1,38400000,38300000
chr1_384,chr1,38500000,38400000
chr1_385,chr1,38600000,38500000
chr1_386,chr1,38700000,38600000
chr1_387,chr1,38800000,38700000
chr1_388,chr1,38900000,38800000
chr1_389,chr1,39000000,38900000
chr1_390,chr1,39100000,39000000
chr1_391,chr1,39200000,39100000
chr1_392,chr1,39300000,39200000
chr1_393,chr1,39400000,39300000
chr1_394,chr1,39500000,39400000
chr1_395,chr1,39600000,39500000
chr1_396,chr1,39700000,39600000
chr1_397,chr1,39800000,39700000
chr1_398,chr1,39900000,39800000
chr1_399,chr1,40000000,39900000
chr1_400,chr1,40100000,40000000
chr1_401,chr1,40200000,40100000
chr1_402,chr1,40300000,40200000
chr1_403,chr1,40400000,40300000
chr1_404,chr1,40500000,40400000
chr1_405,chr1,40600000,40500000
chr1_406,chr1,40700000,40600000
chr1_407,chr1,40800000,40700000
chr1_408,chr1,40900000,40800000
chr1_409,chr1,41000000,40900000
chr1_410,chr1,41100000,41000000
chr1_411,chr1,41200000,41100000
chr1_412,chr1,41300000,41200000
chr1_413,chr1,41400000,41300000
chr1_414,chr1,41500000,41400000
chr1_415,chr1,41600000,41500000
chr1_416,chr1,41700000,41600000
chr1_417,chr1,41800000,41700000
chr1_418,chr1,41900000,41800000
chr1_419,chr1,42000000,41900000
chr1_420,chr1,42100000,42000000
chr1_421,chr1,42200000,42100000
chr1_422,chr1,42300000,42200000
chr1_423,chr1,42400000,42300000
chr1_424,chr1,42500000,42400000
chr1_425,chr1,42600000,42500000
chr1_426,chr1,42700000,42600000
chr1_427,chr1,42800000,42700000
chr1_428,chr1,42900000,42800000
chr1_429,chr1,43000000,42900000
chr1_430,chr1,43100000,43000000
chr1_431,chr1,43200000,43100000
chr1_432,chr1,43300000,43200000
chr1_433,chr1,43400000,43300000
chr1_434,chr1,43500000,43400000
chr1_435,chr1,43600000,43500000
chr1_436,chr1,43700000,43600000
chr1_437,chr1,43800000,43700000
chr1_438,chr1,43900000,43800000
chr1_439,chr1,44000000,43900000
chr1_440,chr1,44100000,44000000
chr1_441,chr1,44200000,44100000
chr1_442,chr1,44300000,44200000
chr1_443,chr1,44400000,44300000
chr1_444,chr1,44500000,44400000
chr1_445,chr1,44600000,44500000
chr1_446,chr1,44700000,44600000
chr1_447,chr1,44800000,44700000
chr1_448,chr1,44900000,44800000
chr1_449,chr1,45000000,44900000
chr1_450,chr1,45100000,45000000
chr1_451,chr1,45200000,45100000
chr1_452,chr1,45300000,45200000
chr1_453,chr1,45400000,45300000
chr1_454,chr1,45500000,45400000
chr1_455,chr1,45600000,45500000
chr1_456,chr1,45700000,45600000
chr1_457,chr1,45800000,45700000
chr1_458,chr1,45900000,45800000
chr1_459,chr1,46000000,45900000
chr1_460,chr1,46100000,46000000
chr1_461,chr1,46200000,46100000
chr1_462,chr1,46300000,46200000
chr1_463,chr1,46400000,46300000
chr1_464,chr1,46500000,46400000
chr1_465,chr1,46600000,46500000
chr1_466,chr1,46700000,46600000
chr1_467,chr1,46800000,46700000
chr1_468,chr1,46900000,46800000
chr1_469,chr1,47000000,46900000
chr1_470,chr1,47100000,47000000
chr1_471,chr1,47200000,47100000
chr1_472,chr1,47300000,47200000
chr1_473,chr1,47400000,47300000
chr1_474,chr1,47500000,47400000
chr1_475,chr1,47600000,47500000
chr1_476,chr1,47700000,47600000
chr1_477,chr1,47800000,47700000
chr1_478,chr1,47900000,47800000
chr1_479,chr1,48000000,47900000
chr1_480,chr1,48100000,48000000
chr1_481,chr1,48200000,48100000
chr1_482,chr1,48300000,48200000
chr1_483,chr1,48400000,48300000
chr1_484,chr1,48500000,48400000
chr1_485,chr1,48600000,48500000
chr1_486,chr1,48700000,48600000
chr1_487,chr1,48800000,48700000
chr1_488,chr1,48900000,48800000
chr1_489,chr1,49000000,48900000
chr1_490,chr1,49100000,49000000
chr1_491,chr1,49200000,49100000
chr1_492,chr1,49300000,49200000
chr1_493,chr1,49400000,49300000
chr1_494,chr1,49500000,49400000
chr1_495,chr1,49600000,49500000
chr1_496,chr1,49700000,49600000
chr1_497,chr1,49800000,49700000
chr1_498,chr1,49900000,49800000
chr1_499,chr1,50000000,49900000
chr1_500,chr1,50100000,50000000
chr1_501,chr1,50200000,50100000
chr1_502,chr1,50300000,50200000
chr1_503,chr1,50400000,50300000
chr1_504,chr1,50500000,50400000
chr1_505,chr1,50600000,50500000
chr1_506,chr1,50700000,50600000
chr1_507,chr1,50800000,50700000
chr1_508,chr1,50900000,50800000
chr1_509,chr1,51000000,50900000
chr1_510,chr1,51100000,51000000
chr1_511,chr1,51200000,51100000
chr1_512,chr1,51300000,51200000
chr1_513,chr1,51400000,51300000
chr1_514,chr1,51500000,51400000
chr1_515,chr1,51600000,51500000
chr1_516,chr1,51700000,51600000
chr1_517,chr1,51800000,51700000
chr1_518,chr1,51900000,51800000
chr1_519,chr1,52000000,51900000
chr1_520,chr1,52100000,52000000
chr1_521,chr1,52200000,52100000
chr1_522,chr1,52300000,52200000
chr1_523,chr1,52400000,52300000
chr1_524,chr1,52500000,52400000
chr1_525,chr1,52600000,52500000
chr1_526,chr1,52700000,52600000
chr1_527,chr1,52800000,52700000
chr1_528,chr1,52900000,52800000
chr1_529,chr1,53000000,52900000
chr1_530,chr1,53100000,53000000
chr1_531,chr1,53200000,53100000
chr1_532,chr1,53300000,53200000
chr1_533,chr1,53400000,53300000
chr1_534,chr1,53500000,53400000
chr1_535,chr1,53600000,53500000
chr1_536,chr1,53700000,53600000
chr1_537,chr1,53800000,53700000
chr1_538,chr1,53900000,53800000
chr1_539,chr1,54000000,53900000
chr1_540,chr1,54100000,54000000
chr1_541,chr1,54200000,54100000
chr1_542,chr1,54300000,54200000
chr1_543,chr1,54400000,54300000
chr1_544,chr1,54500000,54400000
chr1_545,chr1,54600000,54500000
chr1_546,chr1,54700000,54600000
chr1_547,chr1,54800000,54700000
chr1_548,chr1,54900000,54800000
chr1_549,chr1,55000000,54900000
chr1_550,chr1,55100000,55000000
chr1_551,chr1,55200000,55100000
chr1_552,chr1,55300000,55200000
chr1_553,chr1,55400000,55300000
chr1_554,chr1,55500000,55400000
chr1_555,chr1,55600000,55500000
chr1_556,chr1,55700000,55600000
chr1_557,chr1,55800000,55700000
chr1_558,chr1,55900000,55800000
chr1_559,chr1,56000000,55900000
chr1_560,chr1,56100000,56000000
chr1_561,chr1,56200000,56100000
chr1_562,chr1,56300000,56200000
chr1_563,chr1,56400000,56300000
chr1_564,chr1,56500000,56400000
chr1_565,chr1,56600000,56500000
chr1_566,chr1,56700000,56600000
chr1_567,chr1,56800000,56700000
chr1_568,chr1,56900000,56800000
chr1_569,chr1,57000000,56900000
chr1_570,chr1,57100000,57000000
chr1_571,chr1,57200000,57100000
chr1_572,chr1,57300000,57200000
chr1_573,chr1,57400000,57300000
chr1_574,chr1,57500000,57400000
chr1_575,chr1,57600000,57500000
chr1_576,chr1,57700000,57600000
chr1_577,chr1,57800000,57700000
chr1_578,chr1,57900000,57800000
chr1_579,chr1,58000000,57900000
chr1_580,chr1,58100000,58000000
chr1_581,chr1,58200000,58100000
chr1_582,chr1,58300000,58200000
chr1_583,chr1,58400000,58300000
chr1_584,chr1,58500000,58400000
chr1_585,chr1,58600000,58500000
chr1_586,chr1,58700000,58600000
chr1_587,chr1,58800000,58700000
chr1_588,chr1,58900000,58800000
chr1_589,chr1,59000000,58900000
chr1_590,chr1,59100000,59000000
chr1_591,chr1,59200000,59100000
chr1_592,chr1,59300000,59200000
chr1_593,chr1,59400000,59300000
chr1_594,chr1,59500000,59400000
chr1_595,chr1,59600000,59500000
chr1_596,chr1,59700000,59600000
chr1_597,chr1,59800000,59700000
chr1_598,chr1,59900000,59800000
chr1_599,chr1,60000000,59900000
chr1_600,chr1,60100000,60000000
chr1_601,chr1,60200000,60100000
chr1_602,chr1,60300000,60200000
chr1_603,chr1,60400000,60300000
chr1_604,chr1,60500000,60400000
chr1_605,chr1,60600000,60500000
chr1_606,chr1,60700000,60600000
chr1_607,chr1,60800000,60700000
chr1_608,chr1,60900000,60800000
chr1_609,chr1,61000000,60900000
chr1_610,chr1,61100000,61000000
chr1_611,chr1,61200000,61100000
chr1_612,chr1,61300000,61200000
chr1_613,chr1,61400000,61300000
chr1_614,chr1,61500000,61400000
chr1_615,chr1,61600000,61500000
chr1_616,chr1,61700000,61600000
chr1_617,chr1,61800000,61700000
chr1_618,chr1,61900000,61800000
chr1_619,chr1,62000000,61900000
chr1_620,chr1,62100000,62000000
chr1_621,chr1,62200000,62100000
chr1_622,chr1,62300000,62200000
chr1_623,chr1,62400000,62300000
chr1_624,chr1,62500000,62400000
chr1_625,chr1,62600000,62500000
chr1_626,chr1,62700000,62600000
chr1_627,chr1,62800000,62700000
chr1_628,chr1,62900000,62800000
chr1_629,chr1,63000000,62900000
chr1_630,chr1,63100000,63000000
chr1_631,chr1,63200000,63100000
chr1_632,chr1,63300000,63200000
chr1_633,chr1,63400000,63300000
chr1_634,chr1,63500000,63400000
chr1_635,chr1,63600000,63500000
chr1_636,chr1,63700000,63600000
chr1_637,chr1,63800000,63700000
chr1_638,chr1,63900000,63800000
chr1_639,chr1,64000000,63900000
chr1_640,chr1,64100000,64000000
chr1_641,chr1,64200000,64100000
chr1_642,chr1,64300000,64200000
chr1_643,chr1,64400000,64300000
chr1_644,chr1,64500000,64400000
chr1_645,chr1,64600000,64500000
chr1_646,chr1,64700000,64600000
chr1_647,chr1,64800000,64700000
chr1_648,chr1,64900000,64800000
chr1_649,chr1,65000000,64900000
chr1_650,chr1,65100000,65000000
chr1_651,chr1,65200000,65100000
chr1_652,chr1,65300000,65200000
chr1_653,chr1,65400000,65300000
chr1_654,chr1,65500000,65400000
chr1_655,chr1,65600000,65500000
chr1_656,chr1,65700000,65600000
chr1_657,chr1,65800000,65700000
chr1_658,chr1,65900000,65800000
chr1_659,chr1,66000000,65900000
chr1_660,chr1,66100000,66000000
chr1_661,chr1,66200000,66100000
chr1_662,chr1,66300000,66200000
chr1_663,chr1,66400000,66300000
chr1_664,chr1,66500000,66400000
chr1_665,chr1,66600000,66500000
chr1_666,chr1,66700000,66600000
chr1_667,chr1,66800000,66700000
chr1_668,chr1,66900000,66800000
chr1_669,chr1,67000000,66900000
chr1_670,chr1,67100000,67000000
chr1_671,chr1,67200000,67100000
chr1_672,chr1,67300000,67200000
chr1_673,chr1,67400000,67300000
chr1_674,chr1,67500000,67400000
chr1_675,chr1,67600000,67500000
chr1_676,chr1,67700000,67600000
chr1_677,chr1,67800000,67700000
chr1_678,chr1,67900000,67800000
chr1_679,chr1,68000000,67900000
chr1_680,chr1,68100000,68000000
chr1_681,chr1,68200000,68100000
chr1_682,chr1,68300000,68200000
chr1_683,chr1,68400000,68300000
chr1_684,chr1,68500000,68400000
chr1_685,chr1,68600000,68500000
chr1_686,chr1,68700000,68600000
chr1_687,chr1,68800000,68700000
chr1_688,chr1,68900000,68800000
chr1_689,chr1,69000000,68900000
chr1_690,chr1,69100000,69000000
chr1_691,chr1,69200000,69100000
chr1_692,chr1,69300000,69200000
chr1_693,chr1,69400000,69300000
chr1_694,chr1,69500000,69400000
chr1_695,chr1,69600000,69500000
chr1_696,chr1,69700000,69600000
chr1_697,chr1,69800000,69700000
chr1_698,chr1,69900000,69800000
chr1_699,chr1,70000000,69900000
chr1_700,chr1,70100000,70000000
chr1_701,chr1,70200000,70100000
chr1_702,chr1,70300000,70200000
chr1_703,chr1,70400000,70300000
chr1_704,chr1,70500000,70400000
chr1_705,chr1,70600000,70500000
chr1_706,chr1,70700000,70600000
chr1_707,chr1,70800000,70700000
chr1_708,chr1,70900000,70800000
chr1_709,chr1,71000000,70900000
chr1_710,chr1,71100000,71000000
chr1_711,chr1,71200000,71100000
chr1_712,chr1,71300000,71200000
chr1_713,chr1,71400000,71300000
chr1_714,chr1,71500000,71400000
chr1_715,chr1,71600000,71500000
chr1_716,chr1,71700000,71600000
chr1_717,chr1,71800000,71700000
chr1_718,chr1,71900000,71800000
chr1_719,chr1,72000000,71900000
chr1_720,chr1,72100000,72000000
chr1_721,chr1,72200000,72100000
chr1_722,chr1,72300000,72200000
chr1_723,chr1,72400000,72300000
chr1_724,chr1,72500000,72400000
chr1_725,chr1,72600000,72500000
chr1_726,chr1,72700000,72600000
chr1_727,chr1,72800000,72700000
chr1_728,chr1,72900000,72800000
chr1_729,chr1,73000000,72900000
chr1_730,chr1,73100000,73000000
chr1_731,chr1,73200000,73100000
chr1_732,chr1,73300000,73200000
chr1_733,chr1,73400000,73300000
chr1_734,chr1,73500000,73400000
chr1_735,chr1,73600000,73500000
chr1_736,chr1,73700000,73600000
chr1_737,chr1,73800000,73700000
chr1_738,chr1,73900000,73800000
chr1_739,chr1,74000000,73900000
chr1_740,chr1,74100000,74000000
chr1_741,chr1,74200000,74100000
chr1_742,chr1,74300000,74200000
chr1_743,chr1,74400000,74300000
chr1_744,chr1,74500000,74400000
chr1_745,chr1,74600000,74500000
chr1_746,chr1,74700000,74600000
chr1_747,chr1,74800000,74700000
chr1_748,chr1,74900000,74800000
chr1_749,chr1,75000000,74900000
chr1_750,chr1,75100000,75000000
chr1_751,chr1,75200000,75100000
chr1_752,chr1,75300000,75200000
chr1_753,chr1,75400000,75300000
chr1_754,chr1,75500000,75400000
chr1_755,chr1,75600000,75500000
chr1_756,chr1,75700000,75600000
chr1_757,chr1,75800000,75700000
chr1_758,chr1,75900000,75800000
chr1_759,chr1,76000000,75900000
chr1_760,chr1,76100000,76000000
chr1_761,chr1,76200000,76100000
chr1_762,chr1,76300000,76200000
chr1_763,chr1,76400000,76300000
chr1_764,chr1,76500000,76400000
chr1_765,chr1,76600000,76500000
chr1_766,chr1,76700000,76600000
chr1_767,chr1,76800000,76700000
chr1_768,chr1,76900000,76800000
chr1_769,chr1,77000000,76900000
chr1_770,chr1,77100000,77000000
chr1_771,chr1,77200000,77100000
chr1_772,chr1,77300000,77200000
chr1_773,chr1,77400000,77300000
chr1_774,chr1,77500000,77400000
chr1_775,chr1,77600000,77500000
chr1_776,chr1,77700000,77600000
chr1_777,chr1,77800000,77700000
chr1_778,chr1,77900000,77800000
chr1_779,chr1,78000000,77900000
chr1_780,chr1,78100000,78000000
chr1_781,chr1,78200000,78100000
chr1_782,chr1,78300000,78200000
chr1_783,chr1,78400000,78300000
chr1_784,chr1,78500000,78400000
chr1_785,chr1,78600000,78500000
chr1_786,chr1,78700000,78600000
chr1_787,chr1,78800000,78700000
chr1_788,chr1,78900000,78800000
chr1_789,chr1,79000000,78900000
chr1_790,chr1,79100000,79000000
chr1_791,chr1,79200000,79100000
chr1_792,chr1,79300000,79200000
chr1_793,chr1,79400000,79300000
chr1_794,chr1,79500000,79400000
chr1_795,chr1,79600000,79500000
chr1_796,chr1,79700000,79600000
chr1_797,chr1,79800000,79700000
chr1_798,chr1,79900000,79800000
chr1_799,chr1,80000000,79900000
chr1_800,chr1,80100000,80000000
chr1_801,chr1,80200000,80100000
chr1_802,chr1,80300000,80200000
chr1_803,chr1,80400000,80300000
chr1_804,chr1,80500000,80400000
chr1_805,chr1,80600000,80500000
chr1_806,chr1,80700000,80600000
chr1_807,chr1,80800000,80700000
chr1_808,chr1,80900000,80800000
chr1_809,chr1,81000000,80900000
chr1_810,chr1,81100000,81000000
chr1_811,chr1,81200000,81100000
chr1_812,chr1,81300000,81200000
chr1_813,chr1,81400000,81300000
chr1_814,chr1,81500000,81400000
chr1_815,chr1,81600000,81500000
chr1_816,chr1,81700000,81600000
chr1_817,chr1,81800000,81700000
chr1_818,chr1,81900000,81800000
chr1_819,chr1,82000000,81900000
chr1_820,chr1,82100000,82000000
chr1_821,chr1,82200000,82100000
chr1_822,chr1,82300000,82200000
chr1_823,chr1,82400000,82300000
chr1_824,chr1,82500000,82400000
chr1_825,chr1,82600000,82500000
chr1_826,chr1,82700000,82600000
chr1_827,chr1,82800000,82700000
chr1_828,chr1,82900000,82800000
chr1_829,chr1,83000000,82900000
chr1_830,chr1,83100000,83000000
chr1_831,chr1,83200000,83100000
chr1_832,chr1,83300000,83200000
chr1_833,chr1,83400000,83300000
chr1_834,chr1,83500000,83400000
chr1_835,chr1,83600000,83500000
chr1_836,chr1,83700000,83600000
chr1_837,chr1,83800000,83700000
chr1_838,chr1,83900000,83800000
chr1_839,chr1,84000000,83900000
chr1_840,chr1,84100000,84000000
chr1_841,chr1,84200000,84100000
chr1_842,chr1,84300000,84200000
chr1_843,chr1,84400000,84300000
chr1_844,chr1,84500000,84400000
chr1_845,chr1,84600000,84500000
chr1_846,chr1,84700000,84600000
chr1_847,chr1,84800000,84700000
chr1_848,chr1,84900000,84800000
chr1_849,chr1,85000000,84900000
chr1_850,chr1,85100000,85000000
chr1_851,chr1,85200000,85100000
chr1_852,chr1,85300000,85200000
chr1_853,chr1,85400000,85300000
chr1_854,chr1,85500000,85400000
chr1_855,chr1,85600000,85500000
chr1_856,chr1,85700000,85600000
chr1_857,chr1,85800000,85700000
chr1_858,chr1,85900000,85800000
chr1_859,chr1,86000000,85900000
chr1_860,chr1,86100000,86000000
chr1_861,chr1,86200000,86100000
chr1_862,chr1,86300000,86200000
chr1_863,chr1,86400000,86300000
chr1_864,chr1,86500000,86400000
chr1_865,chr1,86600000,86500000
chr1_866,chr1,86700000,86600000
chr1_867,chr1,86800000,86700000
chr1_868,chr1,86900000,86800000
chr1_869,chr1,87000000,86900000
chr1_870,chr1,87100000,87000000
chr1_871,chr1,87200000,87100000
chr1_872,chr1,87300000,87200000
chr1_873,chr1,87400000,87300000
chr1_874,chr1,87500000,87400000
chr1_875,chr1,87600000,87500000
chr1_876,chr1,87700000,87600000
chr1_877,chr1,87800000,87700000
chr1_878,chr1,87900000,87800000
chr1_879,chr1,88000000,87900000
chr1_880,chr1,88100000,88000000
chr1_881,chr1,88200000,88100000
chr1_882,chr1,88300000,88200000
chr1_883,chr1,88400000,88300000
chr1_884,chr1,88500000,88400000
chr1_885,chr1,88600000,88500000
chr1_886,chr1,88700000,88600000
chr1_887,chr1,88800000,88700000
chr1_888,chr1,88900000,88800000
chr1_889,chr1,89000000,88900000
chr1_890,chr1,89100000,89000000
chr1_891,chr1,89200000,89100000
chr1_892,chr1,89300000,89200000
chr1_893,chr1,89400000,89300000
chr1_894,chr1,89500000,89400000
chr1_895,chr1,89600000,89500000
chr1_896,chr1,89700000,89600000
chr1_897,chr1,89800000,89700000
chr1_898,chr1,89900000,89800000
chr1_899,chr1,90000000,89900000
chr1_900,chr1,90100000,90000000
chr1_901,chr1,90200000,90100000
chr1_902,chr1,90300000,90200000
chr1_903,chr1,90400000,90300000
chr1_904,chr1,90500000,90400000
chr1_905,chr1,90600000,90500000
chr1_906,chr1,90700000,90600000
chr1_907,chr1,90800000,90700000
chr1_908,chr1,90900000,90800000
chr1_909,chr1,91000000,90900000
chr1_910,chr1,91100000,91000000
chr1_911,chr1,91200000,91100000
chr1_912,chr1,91300000,91200000
chr1_913,chr1,91400000,91300000
chr1_914,chr1,91500000,91400000
chr1_915,chr1,91600000,91500000
chr1_916,chr1,91700000,91600000
chr1_917,chr1,91800000,91700000
chr1_918,chr1,91900000,91800000
chr1_919,chr1,92000000,91900000
chr1_920,chr1,92100000,92000000
chr1_921,chr1,92200000,92100000
chr1_922,chr1,92300000,92200000
chr1_923,chr1,92400000,92300000
chr1_924,chr1,92500000,92400000
chr1_925,chr1,92600000,92500000
chr1_926,chr1,92700000,92600000
chr1_927,chr1,92800000,92700000
chr1_928,chr1,92900000,92800000
chr1_929,chr1,93000000,92900000
chr1_930,chr1,93100000,93000000
chr1_931,chr1,93200000,93100000
chr1_932,chr1,93300000,93200000
chr1_933,chr1,93400000,93300000
chr1_934,chr1,93500000,93400000
chr1_935,chr1,93600000,93500000
chr1_936,chr1,93700000,93600000
chr1_937,chr1,93800000,93700000
chr1_938,chr1,93900000,93800000
chr1_939,chr1,94000000,93900000
chr1_940,chr1,94100000,94000000
chr1_941,chr1,94200000,94100000
chr1_942,chr1,94300000,94200000
chr1_943,chr1,94400000,94300000
chr1_944,chr1,94500000,94400000
chr1_945,chr1,94600000,94500000
chr1_946,chr1,94700000,94600000
chr1_947,chr1,94800000,94700000
chr1_948,chr1,94900000,94800000
chr1_949,chr1,95000000,94900000
chr1_950,chr1,95100000,95000000
chr1_951,chr1,95200000,95100000
chr1_952,chr1,95300000,95200000
chr1_953,chr1,95400000,95300000
chr1_954,chr1,95500000,95400000
chr1_955,chr1,95600000,95500000
chr1_956,chr1,95700000,95600000
chr1_957,chr1,95800000,95700000
chr1_958,chr1,95900000,95800000
chr1_959,chr1,96000000,95900000
chr1_960,chr1,96100000,96000000
chr1_961,chr1,96200000,96100000
chr1_962,chr1,96300000,96200000
chr1_963,chr1,96400000,96300000
chr1_964,chr1,96500000,96400000
chr1_965,chr1,96600000,96500000
chr1_966,chr1,96700000,96600000
chr1_967,chr1,96800000,96700000
chr1_968,chr1,96900000,96800000
chr1_969,chr1,97000000,96900000
chr1_970,chr1,97100000,97000000
chr1_971,chr1,97200000,97100000
chr1_972,chr1,97300000,97200000
chr1_973,chr1,97400000,97300000
chr1_974,chr1,97500000,97400000
chr1_975,chr1,97600000,97500000
chr1_976,chr1,97700000,97600000
chr1_977,chr1,97800000,97700000
chr1_978,chr1,97900000,97800000
chr1_979,chr1,98000000,97900000
chr1_980,chr1,98100000,98000000
chr1_981,chr1,98200000,98100000
chr1_982,chr1,98300000,98200000
chr1_983,chr1,98400000,98300000
chr1_984,chr1,98500000,98400000
chr1_985,chr1,98600000,98500000
chr1_986,chr1,98700000,98600000
chr1_987,chr1,98800000,98700000
chr1_988,chr1,98900000,98800000
chr1_989,chr1,99000000,98900000
chr1_990,chr1,99100000,99000000
chr1_991,chr1,99200000,99100000
chr1_992,chr1,99300000,99200000
chr1_993,chr1,99400000,99300000
chr1_994,chr1,99500000,99400000
chr1_995,chr1,99600000,99500000
chr1_996,chr1,99700000,99600000
chr1_997,chr1,99800000,99700000
chr1_998,chr1,99900000,99800000
chr1_999,chr1,100000000,99900000
chr1_1000,chr1,100100000,100000000
chr1_1001,chr1,100200000,100100000
chr1_1002,chr1,100300000,100200000
chr1_1003,chr1,100400000,100300000
chr1_1004,chr1,100500000,100400000
chr1_1005,chr1,100600000,100500000
chr1_1006,chr1,100700000,100600000
chr1_1007,chr1,100800000,100700000
chr1_1008,chr1,100900000,100800000
chr1_1009,chr1,101000000,100900000
chr1_1010,chr1,101100000,101000000
chr1_1011,chr1,101200000,101100000
chr1_1012,chr1,101300000,101200000
chr1_1013,chr1,101400000,101300000
chr1_1014,chr1,101500000,101400000
chr1_1015,chr1,101600000,101500000
chr1_1016,chr1,101700000,101600000
chr1_1017,chr1,101800000,101700000
chr1_1018,chr1,101900000,101800000
chr1_1019,chr1,102000000,101900000
chr1_1020,chr1,102100000,102000000
chr1_1021,chr1,102200000,102100000
chr1_1022,chr1,102300000,102200000
chr1_1023,chr1,102400000,102300000
chr1_1024,chr1,102500000,102400000
chr1_1025,chr1,102600000,102500000
chr1_1026,chr1,102700000,102600000
chr1_1027,chr1,102800000,102700000
chr1_1028,chr1,102900000,102800000
chr1_1029,chr1,103000000,102900000
chr1_1030,chr1,103100000,103000000
chr1_1031,chr1,103200000,103100000
chr1_1032,chr1,103300000,103200000
chr1_1033,chr1,103400000,103300000
chr1_1034,chr1,103500000,103400000
chr1_1035,chr1,103600000,103500000
chr1_1036,chr1,103700000,103600000
chr1_1037,chr1,103800000,103700000
chr1_1038,chr1,103900000,103800000
chr1_1039,chr1,104000000,103900000
chr1_1040,chr1,104100000,104000000
chr1_1041,chr1,104200000,104100000
chr1_1042,chr1,104300000,104200000
chr1_1043,chr1,104400000,104300000
chr1_1044,chr1,104500000,104400000
chr1_1045,chr1,104600000,104500000
chr1_1046,chr1,104700000,104600000
chr1_1047,chr1,104800000,104700000
chr1_1048,chr1,104900000,104800000
chr1_1049,chr1,105000000,104900000
chr1_1050,chr1,105100000,105000000
chr1_1051,chr1,105200000,105100000
chr1_1052,chr1,105300000,105200000
chr1_1053,chr1,105400000,105300000
chr1_1054,chr1,105500000,105400000
chr1_1055,chr1,105600000,105500000
chr1_1056,chr1,105700000,105600000
chr1_1057,chr1,105800000,105700000
chr1_1058,chr1,105900000,105800000
chr1_1059,chr1,106000000,105900000
chr1_1060,chr1,106100000,106000000
chr1_1061,chr1,106200000,106100000
chr1_1062,chr1,106300000,106200000
chr1_1063,chr1,106400000,106300000
chr1_1064,chr1,106500000,106400000
chr1_1065,chr1,106600000,106500000
chr1_1066,chr1,106700000,106600000
chr1_1067,chr1,106800000,106700000
chr1_1068,chr1,106900000,106800000
chr1_1069,chr1,107000000,106900000
chr1_1070,chr1,107100000,107000000
chr1_1071,chr1,107200000,107100000
chr1_1072,chr1,107300000,107200000
chr1_1073,chr1,107400000,107300000
chr1_1074,chr1,107500000,107400000
chr1_1075,chr1,107600000,107500000
chr1_1076,chr1,107700000,107600000
chr1_1077,chr1,107800000,107700000
chr1_1078,chr1,107900000,107800000
chr1_1079,chr1,108000000,107900000
chr1_1080,chr1,108100000,108000000
chr1_1081,chr1,108200000,108100000
chr1_1082,chr1,108300000,108200000
chr1_1083,chr1,108400000,108300000
chr1_1084,chr1,108500000,108400000
chr1_1085,chr1,108600000,108500000
chr1_1086,chr1,108700000,108600000
chr1_1087,chr1,108800000,108700000
chr1_1088,chr1,108900000,108800000
chr1_1089,chr1,109000000,108900000
chr1_1090,chr1,109100000,109000000
chr1_1091,chr1,109200000,109100000
chr1_1092,chr1,109300000,109200000
chr1_1093,chr1,109400000,109300000
chr1_1094,chr1,109500000,109400000
chr1_1095,chr1,109600000,109500000
chr1_1096,chr1,109700000,109600000
chr1_1097,chr1,109800000,109700000
chr1_1098,chr1,109900000,109800000
chr1_1099,chr1,110000000,109900000
chr1_1100,chr1,110100000,110000000
chr1_1101,chr1,110200000,110100000
chr1_1102,chr1,110300000,110200000
chr1_1103,chr1,110400000,110300000
chr1_1104,chr1,110500000,110400000
chr1_1105,chr1,110600000,110500000
chr1_1106,chr1,110700000,110600000
chr1_1107,chr1,110800000,110700000
chr1_1108,chr1,110900000,110800000
chr1_1109,chr1,111000000,110900000
chr1_1110,chr1,111100000,111000000
chr1_1111,chr1,111200000,111100000
chr1_1112,chr1,111300000,111200000
chr1_1113,chr1,111400000,111300000
chr1_1114,chr1,111500000,111400000
chr1_1115,chr1,111600000,111500000
chr1_1116,chr1,111700000,111600000
chr1_1117,chr1,111800000,111700000
chr1_1118,chr1,111900000,111800000
chr1_1119,chr1,112000000,111900000
chr1_1120,chr1,112100000,112000000
chr1_1121,chr1,112200000,112100000
chr1_1122,chr1,112300000,112200000
chr1_1123,chr1,112400000,112300000
chr1_1124,chr1,112500000,112400000
chr1_1125,chr1,112600000,112500000
chr1_1126,chr1,112700000,112600000
chr1_1127,chr1,112800000,112700000
chr1_1128,chr1,112900000,112800000
chr1_1129,chr1,113000000,112900000
chr1_1130,chr1,113100000,113000000
chr1_1131,chr1,113200000,113100000
chr1_1132,chr1,113300000,113200000
chr1_1133,chr1,113400000,113300000
chr1_1134,chr1,113500000,113400000
chr1_1135,chr1,113600000,113500000
chr1_1136,chr1,113700000,113600000
chr1_1137,chr1,113800000,113700000
chr1_1138,chr1,113900000,113800000
chr1_1139,chr1,114000000,113900000
chr1_1140,chr1,114100000,114000000
chr1_1141,chr1,114200000,114100000
chr1_1142,chr1,114300000,114200000
chr1_1143,chr1,114400000,114300000
chr1_1144,chr1,114500000,114400000
chr1_1145,chr1,114600000,114500000
chr1_1146,chr1,114700000,114600000
chr1_1147,chr1,114800000,114700000
chr1_1148,chr1,114900000,114800000
chr1_1149,chr1,115000000,114900000
chr1_1150,chr1,115100000,115000000
chr1_1151,chr1,115200000,115100000
chr1_1152,chr1,115300000,115200000
chr1_1153,chr1,115400000,115300000
chr1_1154,chr1,115500000,115400000
chr1_1155,chr1,115600000,115500000
chr1_1156,chr1,115700000,115600000
chr1_1157,chr1,115800000,115700000
chr1_1158,chr1,115900000,115800000
chr1_1159,chr1,116000000,115900000
chr1_1160,chr1,116100000,116000000
chr1_1161,chr1,116200000,116100000
chr1_1162,chr1,116300000,116200000
chr1_1163,chr1,116400000,116300000
chr1_1164,chr1,116500000,116400000
chr1_1165,chr1,116600000,116500000
chr1_1166,chr1,116700000,116600000
chr1_1167,chr1,116800000,116700000
chr1_1168,chr1,116900000,116800000
chr1_1169,chr1,117000000,116900000
chr1_1170,chr1,117100000,117000000
chr1_1171,chr1,117200000,117100000
chr1_1172,chr1,117300000,117200000
chr1_1173,chr1,117400000,117300000
chr1_1174,chr1,117500000,117400000
chr1_1175,chr1,117600000,117500000
chr1_1176,chr1,117700000,117600000
chr1_1177,chr1,117800000,117700000
chr1_1178,chr1,117900000,117800000
chr1_1179,chr1,118000000,117900000
chr1_1180,chr1,118100000,118000000
chr1_1181,chr1,118200000,118100000
chr1_1182,chr1,118300000,118200000
chr1_1183,chr1,118400000,118300000
chr1_1184,chr1,118500000,118400000
chr1_1185,chr1,118600000,118500000
chr1_1186,chr1,118700000,118600000
chr1_1187,chr1,118800000,118700000
chr1_1188,chr1,118900000,118800000
chr1_1189,chr1,119000000,118900000
chr1_1190,chr1,119100000,119000000
chr1_1191,chr1,119200000,119100000
chr1_1192,chr1,119300000,119200000
chr1_1193,chr1,119400000,119300000
chr1_1194,chr1,119500000,119400000
chr1_1195,chr1,119600000,119500000
chr1_1196,chr1,119700000,119600000
chr1_1197,chr1,119800000,119700000
chr1_1198,chr1,119900000,119800000
chr1_1199,chr1,120000000,119900000
chr1_1200,chr1,120100000,120000000
chr1_1201,chr1,120200000,120100000
chr1_1202,chr1,120300000,120200000
chr1_1203,chr1,120400000,120300000
chr1_1204,chr1,120500000,120400000
chr1_1205,chr1,120600000,120500000
chr1_1206,chr1,120700000,120600000
chr1_1207,chr1,120800000,120700000
chr1_1208,chr1,120900000,120800000
chr1_1209,chr1,121000000,120900000
chr1_1210,chr1,121100000,121000000
chr1_1211,chr1,121200000,121100000
chr1_1212,chr1,121300000,121200000
chr1_1213,chr1,121400000,121300000
chr1_1214,chr1,121500000,121400000
chr1_1215,chr1,121600000,121500000
chr1_1216,chr1,121700000,121600000
chr1_1217,chr1,121800000,121700000
chr1_1218,chr1,121900000,121800000
chr1_1219,chr1,122000000,121900000
chr1_1220,chr1,122100000,122000000
chr1_1221,chr1,122200000,122100000
chr1_1222,chr1,122300000,122200000
chr1_1223,chr1,122400000,122300000
chr1_1224,chr1,122500000,122400000
chr1_1225,chr1,122600000,122500000
chr1_1226,chr1,122700000,122600000
chr1_1227,chr1,122800000,122700000
chr1_1228,chr1,122900000,122800000
chr1_1229,chr1,123000000,122900000
chr1_1230,chr1,123100000,123000000
chr1_1231,chr1,123200000,123100000
chr1_1232,chr1,123300000,123200000
chr1_1233,chr1,123400000,123300000
chr1_1234,chr1,123500000,123400000
chr1_1235,chr1,123600000,123500000
chr1_1236,chr1,123700000,123600000
chr1_1237,chr1,123800000,123700000
chr1_1238,chr1,123900000,123800000
chr1_1239,chr1,124000000,123900000
chr1_1240,chr1,124100000,124000000
chr1_1241,chr1,124200000,124100000
chr1_1242,chr1,124300000,124200000
chr1_1243,chr1,124400000,124300000
chr1_1244,chr1,124500000,124400000
chr1_1245,chr1,124600000,124500000
chr1_1246,chr1,124700000,124600000
chr1_1247,chr1,124800000,124700000
chr1_1248,chr1,124900000,124800000
chr1_1249,chr1,125000000,124900000
chr1_1250,chr1,125100000,125000000
chr1_1251,chr1,125200000,125100000
chr1_1252,chr1,125300000,125200000
chr1_1253,chr1,125400000,125300000
chr1_1254,chr1,125500000,125400000
chr1_1255,chr1,125600000,125500000
chr1_1256,chr1,125700000,125600000
chr1_1257,chr1,125800000,125700000
chr1_1258,chr1,125900000,125800000
chr1_1259,chr1,126000000,125900000
chr1_1260,chr1,126100000,126000000
chr1_1261,chr1,126200000,126100000
chr1_1262,chr1,126300000,126200000
chr1_1263,chr1,126400000,126300000
chr1_1264,chr1,126500000,126400000
chr1_1265,chr1,126600000,126500000
chr1_1266,chr1,126700000,126600000
chr1_1267,chr1,126800000,126700000
chr1_1268,chr1,126900000,126800000
chr1_1269,chr1,127000000,126900000
chr1_1270,chr1,127100000,127000000
chr1_1271,chr1,127200000,127100000
chr1_1272,chr1,127300000,127200000
chr1_1273,chr1,127400000,127300000
chr1_1274,chr1,127500000,127400000
chr1_1275,chr1,127600000,127500000
chr1_1276,chr1,127700000,127600000
chr1_1277,chr1,127800000,127700000
chr1_1278,chr1,127900000,127800000
chr1_1279,chr1,128000000,127900000
chr1_1280,chr1,128100000,128000000
chr1_1281,chr1,128200000,128100000
chr1_1282,chr1,128300000,128200000
chr1_1283,chr1,128400000,128300000
chr1_1284,chr1,128500000,128400000
chr1_1285,chr1,128600000,128500000
chr1_1286,chr1,128700000,128600000
chr1_1287,chr1,128800000,128700000
chr1_1288,chr1,128900000,128800000
chr1_1289,chr1,129000000,128900000
chr1_1290,chr1,129100000,129000000
chr1_1291,chr1,129200000,129100000
chr1_1292,chr1,129300000,129200000
chr1_1293,chr1,129400000,129300000
chr1_1294,chr1,129500000,129400000
chr1_1295,chr1,129600000,129500000
chr1_1296,chr1,129700000,129600000
chr1_1297,chr1,129800000,129700000
chr1_1298,chr1,129900000,129800000
chr1_1299,chr1,130000000,129900000
chr1_1300,chr1,130100000,130000000
chr1_1301,chr1,130200000,130100000
chr1_1302,chr1,130300000,130200000
chr1_1303,chr1,130400000,130300000
chr1_1304,chr1,130500000,130400000
chr1_1305,chr1,130600000,130500000
chr1_1306,chr1,130700000,130600000
chr1_1307,chr1,130800000,130700000
chr1_1308,chr1,130900000,130800000
chr1_1309,chr1,131000000,130900000
chr1_1310,chr1,131100000,131000000
chr1_1311,chr1,131200000,131100000
chr1_1312,chr1,131300000,131200000
chr1_1313,chr1,131400000,131300000
chr1_1314,chr1,131500000,131400000
chr1_1315,chr1,131600000,131500000
chr1_1316,chr1,131700000,131600000
chr1_1317,chr1,131800000,131700000
chr1_1318,chr1,131900000,131800000
chr1_1319,chr1,132000000,131900000
chr1_1320,chr1,132100000,132000000
chr1_1321,chr1,132200000,132100000
chr1_1322,chr1,132300000,132200000
chr1_1323,chr1,132400000,132300000
chr1_1324,chr1,132500000,132400000
chr1_1325,chr1,132600000,132500000
chr1_1326,chr1,132700000,132600000
chr1_1327,chr1,132800000,132700000
chr1_1328,chr1,132900000,132800000
chr1_1329,chr1,133000000,132900000
chr1_1330,chr1,133100000,133000000
chr1_1331,chr1,133200000,133100000
chr1_1332,chr1,133300000,133200000
chr1_1333,chr1,133400000,133300000
chr1_1334,chr1,133500000,133400000
chr1_1335,chr1,133600000,133500000
chr1_1336,chr1,133700000,133600000
chr1_1337,chr1,133800000,133700000
chr1_1338,chr1,133900000,133800000
chr1_1339,chr1,134000000,133900000
chr1_1340,chr1,134100000,134000000
chr1_1341,chr1,134200000,134100000
chr1_1342,chr1,134300000,134200000
chr1_1343,chr1,134400000,134300000
chr1_1344,chr1,134500000,134400000
chr1_1345,chr1,134600000,134500000
chr1_1346,chr1,134700000,134600000
chr1_1347,chr1,134800000,134700000
chr1_1348,chr1,134900000,134800000
chr1_1349,chr1,135000000,134900000
chr1_1350,chr1,135100000,135000000
chr1_1351,chr1,135200000,135100000
chr1_1352,chr1,135300000,135200000
chr1_1353,chr1,135400000,135300000
chr1_1354,chr1,135500000,135400000
chr1_1355,chr1,135600000,135500000
chr1_1356,chr1,135700000,135600000
chr1_1357,chr1,135800000,135700000
chr1_1358,chr1,135900000,135800000
chr1_1359,chr1,136000000,135900000
chr1_1360,chr1,136100000,136000000
chr1_1361,chr1,136200000,136100000
chr1_1362,chr1,136300000,136200000
chr1_1363,chr1,136400000,136300000
chr1_1364,chr1,136500000,136400000
chr1_1365,chr1,136600000,136500000
chr1_1366,chr1,136700000,136600000
chr1_1367,chr1,136800000,136700000
chr1_1368,chr1,136900000,136800000
chr1_1369,chr1,137000000,136900000
chr1_1370,chr1,137100000,137000000
chr1_1371,chr1,137200000,137100000
chr1_1372,chr1,137300000,137200000
chr1_1373,chr1,137400000,137300000
chr1_1374,chr1,137500000,137400000
chr1_1375,chr1,137600000,137500000
chr1_1376,chr1,137700000,137600000
chr1_1377,chr1,137800000,137700000
chr1_1378,chr1,137900000,137800000
chr1_1379,chr1,138000000,137900000
chr1_1380,chr1,138100000,138000000
chr1_1381,chr1,138200000,138100000
chr1_1382,chr1,138300000,138200000
chr1_1383,chr1,138400000,138300000
chr1_1384,chr1,138500000,138400000
chr1_1385,chr1,138600000,138500000
chr1_1386,chr1,138700000,138600000
chr1_1387,chr1,138800000,138700000
chr1_1388,chr1,138900000,138800000
chr1_1389,chr1,139000000,138900000
chr1_1390,chr1,139100000,139000000
chr1_1391,chr1,139200000,139100000
chr1_1392,chr1,139300000,139200000
chr1_1393,chr1,139400000,139300000
chr1_1394,chr1,139500000,139400000
chr1_1395,chr1,139600000,139500000
chr1_1396,chr1,139700000,139600000
chr1_1397,chr1,139800000,139700000
chr1_1398,chr1,139900000,139800000
chr1_1399,chr1,140000000,139900000
chr1_1400,chr1,140100000,140000000
chr1_1401,chr1,140200000,140100000
chr1_1402,chr1,140300000,140200000
chr1_1403,chr1,140400000,140300000
chr1_1404,chr1,140500000,140400000
chr1_1405,chr1,140600000,140500000
chr1_1406,chr1,140700000,140600000
chr1_1407,chr1,140800000,140700000
chr1_1408,chr1,140900000,140800000
chr1_1409,chr1,141000000,140900000
chr1_1410,chr1,141100000,141000000
chr1_1411,chr1,141200000,141100000
chr1_1412,chr1,141300000,141200000
chr1_1413,chr1,141400000,141300000
chr1_1414,chr1,141500000,141400000
chr1_1415,chr1,141600000,141500000
chr1_1416,chr1,141700000,141600000
chr1_1417,chr1,141800000,141700000
chr1_1418,chr1,141900000,141800000
chr1_1419,chr1,142000000,141900000
chr1_1420,chr1,142100000,142000000
chr1_1421,chr1,142200000,142100000
chr1_1422,chr1,142300000,142200000
chr1_1423,chr1,142400000,142300000
chr1_1424,chr1,142500000,142400000
chr1_1425,chr1,142600000,142500000
chr1_1426,chr1,142700000,142600000
chr1_1427,chr1,142800000,142700000
chr1_1428,chr1,142900000,142800000
chr1_1429,chr1,143000000,142900000
chr1_1430,chr1,143100000,143000000
chr1_1431,chr1,143200000,143100000
chr1_1432,chr1,143300000,143200000
chr1_1433,chr1,143400000,143300000
chr1_1434,chr1,143500000,143400000
chr1_1435,chr1,143600000,143500000
chr1_1436,chr1,143700000,143600000
chr1_1437,chr1,143800000,143700000
chr1_1438,chr1,143900000,143800000
chr1_1439,chr1,144000000,143900000
chr1_1440,chr1,144100000,144000000
chr1_1441,chr1,144200000,144100000
chr1_1442,chr1,144300000,144200000
chr1_1443,chr1,144400000,144300000
chr1_1444,chr1,144500000,144400000
chr1_1445,chr1,144600000,144500000
chr1_1446,chr1,144700000,144600000
chr1_1447,chr1,144800000,144700000
chr1_1448,chr1,144900000,144800000
chr1_1449,chr1,145000000,144900000
chr1_1450,chr1,145100000,145000000
chr1_1451,chr1,145200000,145100000
chr1_1452,chr1,145300000,145200000
chr1_1453,chr1,145400000,145300000
chr1_1454,chr1,145500000,145400000
chr1_1455,chr1,145600000,145500000
chr1_1456,chr1,145700000,145600000
chr1_1457,chr1,145800000,145700000
chr1_1458,chr1,145900000,145800000
chr1_1459,chr1,146000000,145900000
chr1_1460,chr1,146100000,146000000
chr1_1461,chr1,146200000,146100000
chr1_1462,chr1,146300000,146200000
chr1_1463,chr1,146400000,146300000
chr1_1464,chr1,146500000,146400000
chr1_1465,chr1,146600000,146500000
chr1_1466,chr1,146700000,146600000
chr1_1467,chr1,146800000,146700000
chr1_1468,chr1,146900000,146800000
chr1_1469,chr1,147000000,146900000
chr1_1470,chr1,147100000,147000000
chr1_1471,chr1,147200000,147100000
chr1_1472,chr1,147300000,147200000
chr1_1473,chr1,147400000,147300000
chr1_1474,chr1,147500000,147400000
chr1_1475,chr1,147600000,147500000
chr1_1476,chr1,147700000,147600000
chr1_1477,chr1,147800000,147700000
chr1_1478,chr1,147900000,147800000
chr1_1479,chr1,148000000,147900000
chr1_1480,chr1,148100000,148000000
chr1_1481,chr1,148200000,148100000
chr1_1482,chr1,148300000,148200000
chr1_1483,chr1,148400000,148300000
chr1_1484,chr1,148500000,148400000
chr1_1485,chr1,148600000,148500000
chr1_1486,chr1,148700000,148600000
chr1_1487,chr1,148800000,148700000
chr1_1488,chr1,148900000,148800000
chr1_1489,chr1,149000000,148900000
chr1_1490,chr1,149100000,149000000
chr1_1491,chr1,149200000,149100000
chr1_1492,chr1,149300000,149200000
chr1_1493,chr1,149400000,149300000
chr1_1494,chr1,149500000,149400000
chr1_1495,chr1,149600000,149500000
chr1_1496,chr1,149700000,149600000
chr1_1497,chr1,149800000,149700000
chr1_1498,chr1,149900000,149800000
chr1_1499,chr1,150000000,149900000
chr1_1500,chr1,150100000,150000000
chr1_1501,chr1,150200000,150100000
chr1_1502,chr1,150300000,150200000
chr1_1503,chr1,150400000,150300000
chr1_1504,chr1,150500000,150400000
chr1_1505,chr1,150600000,150500000
chr1_1506,chr1,150700000,150600000
chr1_1507,chr1,150800000,150700000
chr1_1508,chr1,150900000,150800000
chr1_1509,chr1,151000000,150900000
chr1_1510,chr1,151100000,151000000
chr1_1511,chr1,151200000,151100000
chr1_1512,chr1,151300000,151200000
chr1_1513,chr1,151400000,151300000
chr1_1514,chr1,151500000,151400000
chr1_1515,chr1,151600000,151500000
chr1_1516,chr1,151700000,151600000
chr1_1517,chr1,151800000,151700000
chr1_1518,chr1,151900000,151800000
chr1_1519,chr1,152000000,151900000
chr1_1520,chr1,152100000,152000000
chr1_1521,chr1,152200000,152100000
chr1_1522,chr1,152300000,152200000
chr1_1523,chr1,152400000,152300000
chr1_1524,chr1,152500000,152400000
chr1_1525,chr1,152600000,152500000
chr1_1526,chr1,152700000,152600000
chr1_1527,chr1,152800000,152700000
chr1_1528,chr1,152900000,152800000
chr1_1529,chr1,153000000,152900000
chr1_1530,chr1,153100000,153000000
chr1_1531,chr1,153200000,153100000
chr1_1532,chr1,153300000,153200000
chr1_1533,chr1,153400000,153300000
chr1_1534,chr1,153500000,153400000
chr1_1535,chr1,153600000,153500000
chr1_1536,chr1,153700000,153600000
chr1_1537,chr1,153800000,153700000
chr1_1538,chr1,153900000,153800000
chr1_1539,chr1,154000000,153900000
chr1_1540,chr1,154100000,154000000
chr1_1541,chr1,154200000,154100000
chr1_1542,chr1,154300000,154200000
chr1_1543,chr1,154400000,154300000
chr1_1544,chr1,154500000,154400000
chr1_1545,chr1,154600000,154500000
chr1_1546,chr1,154700000,154600000
chr1_1547,chr1,154800000,154700000
chr1_1548,chr1,154900000,154800000
chr1_1549,chr1,155000000,154900000
chr1_1550,chr1,155100000,155000000
chr1_1551,chr1,155200000,155100000
chr1_1552,chr1,155300000,155200000
chr1_1553,chr1,155400000,155300000
chr1_1554,chr1,155500000,155400000
chr1_1555,chr1,155600000,155500000
chr1_1556,chr1,155700000,155600000
chr1_1557,chr1,155800000,155700000
chr1_1558,chr1,155900000,155800000
chr1_1559,chr1,156000000,155900000
chr1_1560,chr1,156100000,156000000
chr1_1561,chr1,156200000,156100000
chr1_1562,chr1,156300000,156200000
chr1_1563,chr1,156400000,156300000
chr1_1564,chr1,156500000,156400000
chr1_1565,chr1,156600000,156500000
chr1_1566,chr1,156700000,156600000
chr1_1567,chr1,156800000,156700000
chr1_1568,chr1,156900000,156800000
chr1_1569,chr1,157000000,156900000
chr1_1570,chr1,157100000,157000000
chr1_1571,chr1,157200000,157100000
chr1_1572,chr1,157300000,157200000
chr1_1573,chr1,157400000,157300000
chr1_1574,chr1,157500000,157400000
chr1_1575,chr1,157600000,157500000
chr1_1576,chr1,157700000,157600000
chr1_1577,chr1,157800000,157700000
chr1_1578,chr1,157900000,157800000
chr1_1579,chr1,158000000,157900000
chr1_1580,chr1,158100000,158000000
chr1_1581,chr1,158200000,158100000
chr1_1582,chr1,158300000,158200000
chr1_1583,chr1,158400000,158300000
chr1_1584,chr1,158500000,158400000
chr1_1585,chr1,158600000,158500000
chr1_1586,chr1,158700000,158600000
chr1_1587,chr1,158800000,158700000
chr1_1588,chr1,158900000,158800000
chr1_1589,chr1,159000000,158900000
chr1_1590,chr1,159100000,159000000
chr1_1591,chr1,159200000,159100000
chr1_1592,chr1,159300000,159200000
chr1_1593,chr1,159400000,159300000
chr1_1594,chr1,159500000,159400000
chr1_1595,chr1,159600000,159500000
chr1_1596,chr1,159700000,159600000
chr1_1597,chr1,159800000,159700000
chr1_1598,chr1,159900000,159800000
chr1_1599,chr1,160000000,159900000
chr1_1600,chr1,160100000,160000000
chr1_1601,chr1,160200000,160100000
chr1_1602,chr1,160300000,160200000
chr1_1603,chr1,160400000,160300000
chr1_1604,chr1,160500000,160400000
chr1_1605,chr1,160600000,160500000
chr1_1606,chr1,160700000,160600000
chr1_1607,chr1,160800000,160700000
chr1_1608,chr1,160900000,160800000
chr1_1609,chr1,161000000,160900000
chr1_1610,chr1,161100000,161000000
chr1_1611,chr1,161200000,161100000
chr1_1612,chr1,161300000,161200000
chr1_1613,chr1,161400000,161300000
chr1_1614,chr1,161500000,161400000
chr1_1615,chr1,161600000,161500000
chr1_1616,chr1,161700000,161600000
chr1_1617,chr1,161800000,161700000
chr1_1618,chr1,161900000,161800000
chr1_1619,chr1,162000000,161900000
chr1_1620,chr1,162100000,162000000
chr1_1621,chr1,162200000,162100000
chr1_1622,chr1,162300000,162200000
chr1_1623,chr1,162400000,162300000
chr1_1624,chr1,162500000,162400000
chr1_1625,chr1,162600000,162500000
chr1_1626,chr1,162700000,162600000
chr1_1627,chr1,162800000,162700000
chr1_1628,chr1,162900000,162800000
chr1_1629,chr1,163000000,162900000
chr1_1630,chr1,163100000,163000000
chr1_1631,chr1,163200000,163100000
chr1_1632,chr1,163300000,163200000
chr1_1633,chr1,163400000,163300000
chr1_1634,chr1,163500000,163400000
chr1_1635,chr1,163600000,163500000
chr1_1636,chr1,163700000,163600000
chr1_1637,chr1,163800000,163700000
chr1_1638,chr1,163900000,163800000
chr1_1639,chr1,164000000,163900000
chr1_1640,chr1,164100000,164000000
chr1_1641,chr1,164200000,164100000
chr1_1642,chr1,164300000,164200000
chr1_1643,chr1,164400000,164300000
chr1_1644,chr1,164500000,164400000
chr1_1645,chr1,164600000,164500000
chr1_1646,chr1,164700000,164600000
chr1_1647,chr1,164800000,164700000
chr1_1648,chr1,164900000,164800000
chr1_1649,chr1,165000000,164900000
chr1_1650,chr1,165100000,165000000
chr1_1651,chr1,165200000,165100000
chr1_1652,chr1,165300000,165200000
chr1_1653,chr1,165400000,165300000
chr1_1654,chr1,165500000,165400000
chr1_1655,chr1,165600000,165500000
chr1_1656,chr1,165700000,165600000
chr1_1657,chr1,165800000,165700000
chr1_1658,chr1,165900000,165800000
chr1_1659,chr1,166000000,165900000
chr1_1660,chr1,166100000,166000000
chr1_1661,chr1,166200000,166100000
chr1_1662,chr1,166300000,166200000
chr1_1663,chr1,166400000,166300000
chr1_1664,chr1,166500000,166400000
chr1_1665,chr1,166600000,166500000
chr1_1666,chr1,166700000,166600000
chr1_1667,chr1,166800000,166700000
chr1_1668,chr1,166900000,166800000
chr1_1669,chr1,167000000,166900000
chr1_1670,chr1,167100000,167000000
chr1_1671,chr1,167200000,167100000
chr1_1672,chr1,167300000,167200000
chr1_1673,chr1,167400000,167300000
chr1_1674,chr1,167500000,167400000
chr1_1675,chr1,167600000,167500000
chr1_1676,chr1,167700000,167600000
chr1_1677,chr1,167800000,167700000
chr1_1678,chr1,167900000,167800000
chr1_1679,chr1,168000000,167900000
chr1_1680,chr1,168100000,168000000
chr1_1681,chr1,168200000,168100000
chr1_1682,chr1,168300000,168200000
chr1_1683,chr1,168400000,168300000
chr1_1684,chr1,168500000,168400000
chr1_1685,chr1,168600000,168500000
chr1_1686,chr1,168700000,168600000
chr1_1687,chr1,168800000,168700000
chr1_1688,chr1,168900000,168800000
chr1_1689,chr1,169000000,168900000
chr1_1690,chr1,169100000,169000000
chr1_1691,chr1,169200000,169100000
chr1_1692,chr1,169300000,169200000
chr1_1693,chr1,169400000,169300000
chr1_1694,chr1,169500000,169400000
chr1_1695,chr1,169600000,169500000
chr1_1696,chr1,169700000,169600000
chr1_1697,chr1,169800000,169700000
chr1_1698,chr1,169900000,169800000
chr1_1699,chr1,170000000,169900000
chr1_1700,chr1,170100000,170000000
chr1_1701,chr1,170200000,170100000
chr1_1702,chr1,170300000,170200000
chr1_1703,chr1,170400000,170300000
chr1_1704,chr1,170500000,170400000
chr1_1705,chr1,170600000,170500000
chr1_1706,chr1,170700000,170600000
chr1_1707,chr1,170800000,170700000
chr1_1708,chr1,170900000,170800000
chr1_1709,chr1,171000000,170900000
chr1_1710,chr1,171100000,171000000
chr1_1711,chr1,171200000,171100000
chr1_1712,chr1,171300000,171200000
chr1_1713,chr1,171400000,171300000
chr1_1714,chr1,171500000,171400000
chr1_1715,chr1,171600000,171500000
chr1_1716,chr1,171700000,171600000
chr1_1717,chr1,171800000,171700000
chr1_1718,chr1,171900000,171800000
chr1_1719,chr1,172000000,171900000
chr1_1720,chr1,172100000,172000000
chr1_1721,chr1,172200000,172100000
chr1_1722,chr1,172300000,172200000
chr1_1723,chr1,172400000,172300000
chr1_1724,chr1,172500000,172400000
chr1_1725,chr1,172600000,172500000
chr1_1726,chr1,172700000,172600000
chr1_1727,chr1,172800000,172700000
chr1_1728,chr1,172900000,172800000
chr1_1729,chr1,173000000,172900000
chr1_1730,chr1,173100000,173000000
chr1_1731,chr1,173200000,173100000
chr1_1732,chr1,173300000,173200000
chr1_1733,chr1,173400000,173300000
chr1_1734,chr1,173500000,173400000
chr1_1735,chr1,173600000,173500000
chr1_1736,chr1,173700000,173600000
chr1_1737,chr1,173800000,173700000
chr1_1738,chr1,173900000,173800000
chr1_1739,chr1,174000000,173900000
chr1_1740,chr1,174100000,174000000
chr1_1741,chr1,174200000,174100000
chr1_1742,chr1,174300000,174200000
chr1_1743,chr1,174400000,174300000
chr1_1744,chr1,174500000,174400000
chr1_1745,chr1,174600000,174500000
chr1_1746,chr1,174700000,174600000
chr1_1747,chr1,174800000,174700000
chr1_1748,chr1,174900000,174800000
chr1_1749,chr1,175000000,174900000
chr1_1750,chr1,175100000,175000000
chr1_1751,chr1,175200000,175100000
chr1_1752,chr1,175300000,175200000
chr1_1753,chr1,175400000,175300000
chr1_1754,chr1,175500000,175400000
chr1_1755,chr1,175600000,175500000
chr1_1756,chr1,175700000,175600000
chr1_1757,chr1,175800000,175700000
chr1_1758,chr1,175900000,175800000
chr1_1759,chr1,176000000,175900000
chr1_1760,chr1,176100000,176000000
chr1_1761,chr1,176200000,176100000
chr1_1762,chr1,176300000,176200000
chr1_1763,chr1,176400000,176300000
chr1_1764,chr1,176500000,176400000
chr1_1765,chr1,176600000,176500000
chr1_1766,chr1,176700000,176600000
chr1_1767,chr1,176800000,176700000
chr1_1768,chr1,176900000,176800000
chr1_1769,chr1,177000000,176900000
chr1_1770,chr1,177100000,177000000
chr1_1771,chr1,177200000,177100000
chr1_1772,chr1,177300000,177200000
chr1_1773,chr1,177400000,177300000
chr1_1774,chr1,177500000,177400000
chr1_1775,chr1,177600000,177500000
chr1_1776,chr1,177700000,177600000
chr1_1777,chr1,177800000,177700000
chr1_1778,chr1,177900000,177800000
chr1_1779,chr1,178000000,177900000
chr1_1780,chr1,178100000,178000000
chr1_1781,chr1,178200000,178100000
chr1_1782,chr1,178300000,178200000
chr1_1783,chr1,178400000,178300000
chr1_1784,chr1,178500000,178400000
chr1_1785,chr1,178600000,178500000
chr1_1786,chr1,178700000,178600000
chr1_1787,chr1,178800000,178700000
chr1_1788,chr1,178900000,178800000
chr1_1789,chr1,179000000,178900000
chr1_1790,chr1,179100000,179000000
chr1_1791,chr1,179200000,179100000
chr1_1792,chr1,179300000,179200000
chr1_1793,chr1,179400000,179300000
chr1_1794,chr1,179500000,179400000
chr1_1795,chr1,179600000,179500000
chr1_1796,chr1,179700000,179600000
chr1_1797,chr1,179800000,179700000
chr1_1798,chr1,179900000,179800000
chr1_1799,chr1,180000000,179900000
chr1_1800,chr1,180100000,180000000
chr1_1801,chr1,180200000,180100000
chr1_1802,chr1,180300000,180200000
chr1_1803,chr1,180400000,180300000
chr1_1804,chr1,180500000,180400000
chr1_1805,chr1,180600000,180500000
chr1_1806,chr1,180700000,180600000
chr1_1807,chr1,180800000,180700000
chr1_1808,chr1,180900000,180800000
chr1_1809,chr1,181000000,180900000
chr1_1810,chr1,181100000,181000000
chr1_1811,chr1,181200000,181100000
chr1_1812,chr1,181300000,181200000
chr1_1813,chr1,181400000,181300000
chr1_1814,chr1,181500000,181400000
chr1_1815,chr1,181600000,181500000
chr1_1816,chr1,181700000,181600000
chr1_1817,chr1,181800000,181700000
chr1_1818,chr1,181900000,181800000
chr1_1819,chr1,182000000,181900000
chr1_1820,chr1,182100000,182000000
chr1_1821,chr1,182200000,182100000
chr1_1822,chr1,182300000,182200000
chr1_1823,chr1,182400000,182300000
chr1_1824,chr1,182500000,182400000
chr1_1825,chr1,182600000,182500000
chr1_1826,chr1,182700000,182600000
chr1_1827,chr1,182800000,182700000
chr1_1828,chr1,182900000,182800000
chr1_1829,chr1,183000000,182900000
chr1_1830,chr1,183100000,183000000
chr1_1831,chr1,183200000,183100000
chr1_1832,chr1,183300000,183200000
chr1_1833,chr1,183400000,183300000
chr1_1834,chr1,183500000,183400000
chr1_1835,chr1,183600000,183500000
chr1_1836,chr1,183700000,183600000
chr1_1837,chr1,183800000,183700000
chr1_1838,chr1,183900000,183800000
chr1_1839,chr1,184000000,183900000
chr1_1840,chr1,184100000,184000000
chr1_1841,chr1,184200000,184100000
chr1_1842,chr1,184300000,184200000
chr1_1843,chr1,184400000,184300000
chr1_1844,chr1,184500000,184400000
chr1_1845,chr1,184600000,184500000
chr1_1846,chr1,184700000,184600000
chr1_1847,chr1,184800000,184700000
chr1_1848,chr1,184900000,184800000
chr1_1849,chr1,185000000,184900000
chr1_1850,chr1,185100000,185000000
chr1_1851,chr1,185200000,185100000
chr1_1852,chr1,185300000,185200000
chr1_1853,chr1,185400000,185300000
chr1_1854,chr1,185500000,185400000
chr1_1855,chr1,185600000,185500000
chr1_1856,chr1,185700000,185600000
chr1_1857,chr1,185800000,185700000
chr1_1858,chr1,185900000,185800000
chr1_1859,chr1,186000000,185900000
chr1_1860,chr1,186100000,186000000
chr1_1861,chr1,186200000,186100000
chr1_1862,chr1,186300000,186200000
chr1_1863,chr1,186400000,186300000
chr1_1864,chr1,186500000,186400000
chr1_1865,chr1,186600000,186500000
chr1_1866,chr1,186700000,186600000
chr1_1867,chr1,186800000,186700000
chr1_1868,chr1,186900000,186800000
chr1_1869,chr1,187000000,186900000
chr1_1870,chr1,187100000,187000000
chr1_1871,chr1,187200000,187100000
chr1_1872,chr1,187300000,187200000
chr1_1873,chr1,187400000,187300000
chr1_1874,chr1,187500000,187400000
chr1_1875,chr1,187600000,187500000
chr1_1876,chr1,187700000,187600000
chr1_1877,chr1,187800000,187700000
chr1_1878,chr1,187900000,187800000
chr1_1879,chr1,188000000,187900000
chr1_1880,chr1,188100000,188000000
chr1_1881,chr1,188200000,188100000
chr1_1882,chr1,188300000,188200000
chr1_1883,chr1,188400000,188300000
chr1_1884,chr1,188500000,188400000
chr1_1885,chr1,188600000,188500000
chr1_1886,chr1,188700000,188600000
chr1_1887,chr1,188800000,188700000
chr1_1888,chr1,188900000,188800000
chr1_1889,chr1,189000000,188900000
chr1_1890,chr1,189100000,189000000
chr1_1891,chr1,189200000,189100000
chr1_1892,chr1,189300000,189200000
chr1_1893,chr1,189400000,189300000
chr1_1894,chr1,189500000,189400000
chr1_1895,chr1,189600000,189500000
chr1_1896,chr1,189700000,189600000
chr1_1897,chr1,189800000,189700000
chr1_1898,chr1,189900000,189800000
chr1_1899,chr1,190000000,189900000
chr1_1900,chr1,190100000,190000000
chr1_1901,chr1,190200000,190100000
chr1_1902,chr1,190300000,190200000
chr1_1903,chr1,190400000,190300000
chr1_1904,chr1,190500000,190400000
chr1_1905,chr1,190600000,190500000
chr1_1906,chr1,190700000,190600000
chr1_1907,chr1,190800000,190700000
chr1_1908,chr1,190900000,190800000
chr1_1909,chr1,191000000,190900000
chr1_1910,chr1,191100000,191000000
chr1_1911,chr1,191200000,191100000
chr1_1912,chr1,191300000,191200000
chr1_1913,chr1,191400000,191300000
chr1_1914,chr1,191500000,191400000
chr1_1915,chr1,191600000,191500000
chr1_1916,chr1,191700000,191600000
chr1_1917,chr1,191800000,191700000
chr1_1918,chr1,191900000,191800000
chr1_1919,chr1,192000000,191900000
chr1_1920,chr1,192100000,192000000
chr1_1921,chr1,192200000,192100000
chr1_1922,chr1,192300000,192200000
chr1_1923,chr1,192400000,192300000
chr1_1924,chr1,192500000,192400000
chr1_1925,chr1,192600000,192500000
chr1_1926,chr1,192700000,192600000
chr1_1927,chr1,192800000,192700000
chr1_1928,chr1,192900000,192800000
chr1_1929,chr1,193000000,192900000
chr1_1930,chr1,193100000,193000000
chr1_1931,chr1,193200000,193100000
chr1_1932,chr1,193300000,193200000
chr1_1933,chr1,193400000,193300000
chr1_1934,chr1,193500000,193400000
chr1_1935,chr1,193600000,193500000
chr1_1936,chr1,193700000,193600000
chr1_1937,chr1,193800000,193700000
chr1_1938,chr1,193900000,193800000
chr1_1939,chr1,194000000,193900000
chr1_1940,chr1,194100000,194000000
chr1_1941,chr1,194200000,194100000
chr1_1942,chr1,194300000,194200000
chr1_1943,chr1,194400000,194300000
chr1_1944,chr1,194500000,194400000
chr1_1945,chr1,194600000,194500000
chr1_1946,chr1,194700000,194600000
chr1_1947,chr1,194800000,194700000
chr1_1948,chr1,194900000,194800000
chr1_1949,chr1,195000000,194900000
chr1_1950,chr1,195100000,195000000
chr1_1951,chr1,195200000,195100000
chr1_1952,chr1,195300000,195200000
chr1_1953,chr1,195400000,195300000
chr1_1954,chr1,195471971,195400000
chr10_0,chr10,100000,0
chr10_1,chr10,200000,100000
chr10_2,chr10,300000,200000
chr10_3,chr10,400000,300000
chr10_4,chr10,500000,400000
chr10_5,chr10,600000,500000
chr10_6,chr10,700000,600000
chr10_7,chr10,800000,700000
chr10_8,chr10,900000,800000
chr10_9,chr10,1000000,900000
chr10_10,chr10,1100000,1000000
chr10_11,chr10,1200000,1100000
chr10_12,chr10,1300000,1200000
chr10_13,chr10,1400000,1300000
chr10_14,chr10,1500000,1400000
chr10_15,chr10,1600000,1500000
chr10_16,chr10,1700000,1600000
chr10_17,chr10,1800000,1700000
chr10_18,chr10,1900000,1800000
chr10_19,chr10,2000000,1900000
chr10_20,chr10,2100000,2000000
chr10_21,chr10,2200000,2100000
chr10_22,chr10,2300000,2200000
chr10_23,chr10,2400000,2300000
chr10_24,chr10,2500000,2400000
chr10_25,chr10,2600000,2500000
chr10_26,chr10,2700000,2600000
chr10_27,chr10,2800000,2700000
chr10_28,chr10,2900000,2800000
chr10_29,chr10,3000000,2900000
chr10_30,chr10,3100000,3000000
chr10_31,chr10,3200000,3100000
chr10_32,chr10,3300000,3200000
chr10_33,chr10,3400000,3300000
chr10_34,chr10,3500000,3400000
chr10_35,chr10,3600000,3500000
chr10_36,chr10,3700000,3600000
chr10_37,chr10,3800000,3700000
chr10_38,chr10,3900000,3800000
chr10_39,chr10,4000000,3900000
chr10_40,chr10,4100000,4000000
chr10_41,chr10,4200000,4100000
chr10_42,chr10,4300000,4200000
chr10_43,chr10,4400000,4300000
chr10_44,chr10,4500000,4400000
chr10_45,chr10,4600000,4500000
chr10_46,chr10,4700000,4600000
chr10_47,chr10,4800000,4700000
chr10_48,chr10,4900000,4800000
chr10_49,chr10,5000000,4900000
chr10_50,chr10,5100000,5000000
chr10_51,chr10,5200000,5100000
chr10_52,chr10,5300000,5200000
chr10_53,chr10,5400000,5300000
chr10_54,chr10,5500000,5400000
chr10_55,chr10,5600000,5500000
chr10_56,chr10,5700000,5600000
chr10_57,chr10,5800000,5700000
chr10_58,chr10,5900000,5800000
chr10_59,chr10,6000000,5900000
chr10_60,chr10,6100000,6000000
chr10_61,chr10,6200000,6100000
chr10_62,chr10,6300000,6200000
chr10_63,chr10,6400000,6300000
chr10_64,chr10,6500000,6400000
chr10_65,chr10,6600000,6500000
chr10_66,chr10,6700000,6600000
chr10_67,chr10,6800000,6700000
chr10_68,chr10,6900000,6800000
chr10_69,chr10,7000000,6900000
chr10_70,chr10,7100000,7000000
chr10_71,chr10,7200000,7100000
chr10_72,chr10,7300000,7200000
chr10_73,chr10,7400000,7300000
chr10_74,chr10,7500000,7400000
chr10_75,chr10,7600000,7500000
chr10_76,chr10,7700000,7600000
chr10_77,chr10,7800000,7700000
chr10_78,chr10,7900000,7800000
chr10_79,chr10,8000000,7900000
chr10_80,chr10,8100000,8000000
chr10_81,chr10,8200000,8100000
chr10_82,chr10,8300000,8200000
chr10_83,chr10,8400000,8300000
chr10_84,chr10,8500000,8400000
chr10_85,chr10,8600000,8500000
chr10_86,chr10,8700000,8600000
chr10_87,chr10,8800000,8700000
chr10_88,chr10,8900000,8800000
chr10_89,chr10,9000000,8900000
chr10_90,chr10,9100000,9000000
chr10_91,chr10,9200000,9100000
chr10_92,chr10,9300000,9200000
chr10_93,chr10,9400000,9300000
chr10_94,chr10,9500000,9400000
chr10_95,chr10,9600000,9500000
chr10_96,chr10,9700000,9600000
chr10_97,chr10,9800000,9700000
chr10_98,chr10,9900000,9800000
chr10_99,chr10,10000000,9900000
chr10_100,chr10,10100000,10000000
chr10_101,chr10,10200000,10100000
chr10_102,chr10,10300000,10200000
chr10_103,chr10,10400000,10300000
chr10_104,chr10,10500000,10400000
chr10_105,chr10,10600000,10500000
chr10_106,chr10,10700000,10600000
chr10_107,chr10,10800000,10700000
chr10_108,chr10,10900000,10800000
chr10_109,chr10,11000000,10900000
chr10_110,chr10,11100000,11000000
chr10_111,chr10,11200000,11100000
chr10_112,chr10,11300000,11200000
chr10_113,chr10,11400000,11300000
chr10_114,chr10,11500000,11400000
chr10_115,chr10,11600000,11500000
chr10_116,chr10,11700000,11600000
chr10_117,chr10,11800000,11700000
chr10_118,chr10,11900000,11800000
chr10_119,chr10,12000000,11900000
chr10_120,chr10,12100000,12000000
chr10_121,chr10,12200000,12100000
chr10_122,chr10,12300000,12200000
chr10_123,chr10,12400000,12300000
chr10_124,chr10,12500000,12400000
chr10_125,chr10,12600000,12500000
chr10_126,chr10,12700000,12600000
chr10_127,chr10,12800000,12700000
chr10_128,chr10,12900000,12800000
chr10_129,chr10,13000000,12900000
chr10_130,chr10,13100000,13000000
chr10_131,chr10,13200000,13100000
chr10_132,chr10,13300000,13200000
chr10_133,chr10,13400000,13300000
chr10_134,chr10,13500000,13400000
chr10_135,chr10,13600000,13500000
chr10_136,chr10,13700000,13600000
chr10_137,chr10,13800000,13700000
chr10_138,chr10,13900000,13800000
chr10_139,chr10,14000000,13900000
chr10_140,chr10,14100000,14000000
chr10_141,chr10,14200000,14100000
chr10_142,chr10,14300000,14200000
chr10_143,chr10,14400000,14300000
chr10_144,chr10,14500000,14400000
chr10_145,chr10,14600000,14500000
chr10_146,chr10,14700000,14600000
chr10_147,chr10,14800000,14700000
chr10_148,chr10,14900000,14800000
chr10_149,chr10,15000000,14900000
chr10_150,chr10,15100000,15000000
chr10_151,chr10,15200000,15100000
chr10_152,chr10,15300000,15200000
chr10_153,chr10,15400000,15300000
chr10_154,chr10,15500000,15400000
chr10_155,chr10,15600000,15500000
chr10_156,chr10,15700000,15600000
chr10_157,chr10,15800000,15700000
chr10_158,chr10,15900000,15800000
chr10_159,chr10,16000000,15900000
chr10_160,chr10,16100000,16000000
chr10_161,chr10,16200000,16100000
chr10_162,chr10,16300000,16200000
chr10_163,chr10,16400000,16300000
chr10_164,chr10,16500000,16400000
chr10_165,chr10,16600000,16500000
chr10_166,chr10,16700000,16600000
chr10_167,chr10,16800000,16700000
chr10_168,chr10,16900000,16800000
chr10_169,chr10,17000000,16900000
chr10_170,chr10,17100000,17000000
chr10_171,chr10,17200000,17100000
chr10_172,chr10,17300000,17200000
chr10_173,chr10,17400000,17300000
chr10_174,chr10,17500000,17400000
chr10_175,chr10,17600000,17500000
chr10_176,chr10,17700000,17600000
chr10_177,chr10,17800000,17700000
chr10_178,chr10,17900000,17800000
chr10_179,chr10,18000000,17900000
chr10_180,chr10,18100000,18000000
chr10_181,chr10,18200000,18100000
chr10_182,chr10,18300000,18200000
chr10_183,chr10,18400000,18300000
chr10_184,chr10,18500000,18400000
chr10_185,chr10,18600000,18500000
chr10_186,chr10,18700000,18600000
chr10_187,chr10,18800000,18700000
chr10_188,chr10,18900000,18800000
chr10_189,chr10,19000000,18900000
chr10_190,chr10,19100000,19000000
chr10_191,chr10,19200000,19100000
chr10_192,chr10,19300000,19200000
chr10_193,chr10,19400000,19300000
chr10_194,chr10,19500000,19400000
chr10_195,chr10,19600000,19500000
chr10_196,chr10,19700000,19600000
chr10_197,chr10,19800000,19700000
chr10_198,chr10,19900000,19800000
chr10_199,chr10,20000000,19900000
chr10_200,chr10,20100000,20000000
chr10_201,chr10,20200000,20100000
chr10_202,chr10,20300000,20200000
chr10_203,chr10,20400000,20300000
chr10_204,chr10,20500000,20400000
chr10_205,chr10,20600000,20500000
chr10_206,chr10,20700000,20600000
chr10_207,chr10,20800000,20700000
chr10_208,chr10,20900000,20800000
chr10_209,chr10,21000000,20900000
chr10_210,chr10,21100000,21000000
chr10_211,chr10,21200000,21100000
chr10_212,chr10,21300000,21200000
chr10_213,chr10,21400000,21300000
chr10_214,chr10,21500000,21400000
chr10_215,chr10,21600000,21500000
chr10_216,chr10,21700000,21600000
chr10_217,chr10,21800000,21700000
chr10_218,chr10,21900000,21800000
chr10_219,chr10,22000000,21900000
chr10_220,chr10,22100000,22000000
chr10_221,chr10,22200000,22100000
chr10_222,chr10,22300000,22200000
chr10_223,chr10,22400000,22300000
chr10_224,chr10,22500000,22400000
chr10_225,chr10,22600000,22500000
chr10_226,chr10,22700000,22600000
chr10_227,chr10,22800000,22700000
chr10_228,chr10,22900000,22800000
chr10_229,chr10,23000000,22900000
chr10_230,chr10,23100000,23000000
chr10_231,chr10,23200000,23100000
chr10_232,chr10,23300000,23200000
chr10_233,chr10,23400000,23300000
chr10_234,chr10,23500000,23400000
chr10_235,chr10,23600000,23500000
chr10_236,chr10,23700000,23600000
chr10_237,chr10,23800000,23700000
chr10_238,chr10,23900000,23800000
chr10_239,chr10,24000000,23900000
chr10_240,chr10,24100000,24000000
chr10_241,chr10,24200000,24100000
chr10_242,chr10,24300000,24200000
chr10_243,chr10,24400000,24300000
chr10_244,chr10,24500000,24400000
chr10_245,chr10,24600000,24500000
chr10_246,chr10,24700000,24600000
chr10_247,chr10,24800000,24700000
chr10_248,chr10,24900000,24800000
chr10_249,chr10,25000000,24900000
chr10_250,chr10,25100000,25000000
chr10_251,chr10,25200000,25100000
chr10_252,chr10,25300000,25200000
chr10_253,chr10,25400000,25300000
chr10_254,chr10,25500000,25400000
chr10_255,chr10,25600000,25500000
chr10_256,chr10,25700000,25600000
chr10_257,chr10,25800000,25700000
chr10_258,chr10,25900000,25800000
chr10_259,chr10,26000000,25900000
chr10_260,chr10,26100000,26000000
chr10_261,chr10,26200000,26100000
chr10_262,chr10,26300000,26200000
chr10_263,chr10,26400000,26300000
chr10_264,chr10,26500000,26400000
chr10_265,chr10,26600000,26500000
chr10_266,chr10,26700000,26600000
chr10_267,chr10,26800000,26700000
chr10_268,chr10,26900000,26800000
chr10_269,chr10,27000000,26900000
chr10_270,chr10,27100000,27000000
chr10_271,chr10,27200000,27100000
chr10_272,chr10,27300000,27200000
chr10_273,chr10,27400000,27300000
chr10_274,chr10,27500000,27400000
chr10_275,chr10,27600000,27500000
chr10_276,chr10,27700000,27600000
chr10_277,chr10,27800000,27700000
chr10_278,chr10,27900000,27800000
chr10_279,chr10,28000000,27900000
chr10_280,chr10,28100000,28000000
chr10_281,chr10,28200000,28100000
chr10_282,chr10,28300000,28200000
chr10_283,chr10,28400000,28300000
chr10_284,chr10,28500000,28400000
chr10_285,chr10,28600000,28500000
chr10_286,chr10,28700000,28600000
chr10_287,chr10,28800000,28700000
chr10_288,chr10,28900000,28800000
chr10_289,chr10,29000000,28900000
chr10_290,chr10,29100000,29000000
chr10_291,chr10,29200000,29100000
chr10_292,chr10,29300000,29200000
chr10_293,chr10,29400000,29300000
chr10_294,chr10,29500000,29400000
chr10_295,chr10,29600000,29500000
chr10_296,chr10,29700000,29600000
chr10_297,chr10,29800000,29700000
chr10_298,chr10,29900000,29800000
chr10_299,chr10,30000000,29900000
chr10_300,chr10,30100000,30000000
chr10_301,chr10,30200000,30100000
chr10_302,chr10,30300000,30200000
chr10_303,chr10,30400000,30300000
chr10_304,chr10,30500000,30400000
chr10_305,chr10,30600000,30500000
chr10_306,chr10,30700000,30600000
chr10_307,chr10,30800000,30700000
chr10_308,chr10,30900000,30800000
chr10_309,chr10,31000000,30900000
chr10_310,chr10,31100000,31000000
chr10_311,chr10,31200000,31100000
chr10_312,chr10,31300000,31200000
chr10_313,chr10,31400000,31300000
chr10_314,chr10,31500000,31400000
chr10_315,chr10,31600000,31500000
chr10_316,chr10,31700000,31600000
chr10_317,chr10,31800000,31700000
chr10_318,chr10,31900000,31800000
chr10_319,chr10,32000000,31900000
chr10_320,chr10,32100000,32000000
chr10_321,chr10,32200000,32100000
chr10_322,chr10,32300000,32200000
chr10_323,chr10,32400000,32300000
chr10_324,chr10,32500000,32400000
chr10_325,chr10,32600000,32500000
chr10_326,chr10,32700000,32600000
chr10_327,chr10,32800000,32700000
chr10_328,chr10,32900000,32800000
chr10_329,chr10,33000000,32900000
chr10_330,chr10,33100000,33000000
chr10_331,chr10,33200000,33100000
chr10_332,chr10,33300000,33200000
chr10_333,chr10,33400000,33300000
chr10_334,chr10,33500000,33400000
chr10_335,chr10,33600000,33500000
chr10_336,chr10,33700000,33600000
chr10_337,chr10,33800000,33700000
chr10_338,chr10,33900000,33800000
chr10_339,chr10,34000000,33900000
chr10_340,chr10,34100000,34000000
chr10_341,chr10,34200000,34100000
chr10_342,chr10,34300000,34200000
chr10_343,chr10,34400000,34300000
chr10_344,chr10,34500000,34400000
chr10_345,chr10,34600000,34500000
chr10_346,chr10,34700000,34600000
chr10_347,chr10,34800000,34700000
chr10_348,chr10,34900000,34800000
chr10_349,chr10,35000000,34900000
chr10_350,chr10,35100000,35000000
chr10_351,chr10,35200000,35100000
chr10_352,chr10,35300000,35200000
chr10_353,chr10,35400000,35300000
chr10_354,chr10,35500000,35400000
chr10_355,chr10,35600000,35500000
chr10_356,chr10,35700000,35600000
chr10_357,chr10,35800000,35700000
chr10_358,chr10,35900000,35800000
chr10_359,chr10,36000000,35900000
chr10_360,chr10,36100000,36000000
chr10_361,chr10,36200000,36100000
chr10_362,chr10,36300000,36200000
chr10_363,chr10,36400000,36300000
chr10_364,chr10,36500000,36400000
chr10_365,chr10,36600000,36500000
chr10_366,chr10,36700000,36600000
chr10_367,chr10,36800000,36700000
chr10_368,chr10,36900000,36800000
chr10_369,chr10,37000000,36900000
chr10_370,chr10,37100000,37000000
chr10_371,chr10,37200000,37100000
chr10_372,chr10,37300000,37200000
chr10_373,chr10,37400000,37300000
chr10_374,chr10,37500000,37400000
chr10_375,chr10,37600000,37500000
chr10_376,chr10,37700000,37600000
chr10_377,chr10,37800000,37700000
chr10_378,chr10,37900000,37800000
chr10_379,chr10,38000000,37900000
chr10_380,chr10,38100000,38000000
chr10_381,chr10,38200000,38100000
chr10_382,chr10,38300000,38200000
chr10_383,chr10,38400000,38300000
chr10_384,chr10,38500000,38400000
chr10_385,chr10,38600000,38500000
chr10_386,chr10,38700000,38600000
chr10_387,chr10,38800000,38700000
chr10_388,chr10,38900000,38800000
chr10_389,chr10,39000000,38900000
chr10_390,chr10,39100000,39000000
chr10_391,chr10,39200000,39100000
chr10_392,chr10,39300000,39200000
chr10_393,chr10,39400000,39300000
chr10_394,chr10,39500000,39400000
chr10_395,chr10,39600000,39500000
chr10_396,chr10,39700000,39600000
chr10_397,chr10,39800000,39700000
chr10_398,chr10,39900000,39800000
chr10_399,chr10,40000000,39900000
chr10_400,chr10,40100000,40000000
chr10_401,chr10,40200000,40100000
chr10_402,chr10,40300000,40200000
chr10_403,chr10,40400000,40300000
chr10_404,chr10,40500000,40400000
chr10_405,chr10,40600000,40500000
chr10_406,chr10,40700000,40600000
chr10_407,chr10,40800000,40700000
chr10_408,chr10,40900000,40800000
chr10_409,chr10,41000000,40900000
chr10_410,chr10,41100000,41000000
chr10_411,chr10,41200000,41100000
chr10_412,chr10,41300000,41200000
chr10_413,chr10,41400000,41300000
chr10_414,chr10,41500000,41400000
chr10_415,chr10,41600000,41500000
chr10_416,chr10,41700000,41600000
chr10_417,chr10,41800000,41700000
chr10_418,chr10,41900000,41800000
chr10_419,chr10,42000000,41900000
chr10_420,chr10,42100000,42000000
chr10_421,chr10,42200000,42100000
chr10_422,chr10,42300000,42200000
chr10_423,chr10,42400000,42300000
chr10_424,chr10,42500000,42400000
chr10_425,chr10,42600000,42500000
chr10_426,chr10,42700000,42600000
chr10_427,chr10,42800000,42700000
chr10_428,chr10,42900000,42800000
chr10_429,chr10,43000000,42900000
chr10_430,chr10,43100000,43000000
chr10_431,chr10,43200000,43100000
chr10_432,chr10,43300000,43200000
chr10_433,chr10,43400000,43300000
chr10_434,chr10,43500000,43400000
chr10_435,chr10,43600000,43500000
chr10_436,chr10,43700000,43600000
chr10_437,chr10,43800000,43700000
chr10_438,chr10,43900000,43800000
chr10_439,chr10,44000000,43900000
chr10_440,chr10,44100000,44000000
chr10_441,chr10,44200000,44100000
chr10_442,chr10,44300000,44200000
chr10_443,chr10,44400000,44300000
chr10_444,chr10,44500000,44400000
chr10_445,chr10,44600000,44500000
chr10_446,chr10,44700000,44600000
chr10_447,chr10,44800000,44700000
chr10_448,chr10,44900000,44800000
chr10_449,chr10,45000000,44900000
chr10_450,chr10,45100000,45000000
chr10_451,chr10,45200000,45100000
chr10_452,chr10,45300000,45200000
chr10_453,chr10,45400000,45300000
chr10_454,chr10,45500000,45400000
chr10_455,chr10,45600000,45500000
chr10_456,chr10,45700000,45600000
chr10_457,chr10,45800000,45700000
chr10_458,chr10,45900000,45800000
chr10_459,chr10,46000000,45900000
chr10_460,chr10,46100000,46000000
chr10_461,chr10,46200000,46100000
chr10_462,chr10,46300000,46200000
chr10_463,chr10,46400000,46300000
chr10_464,chr10,46500000,46400000
chr10_465,chr10,46600000,46500000
chr10_466,chr10,46700000,46600000
chr10_467,chr10,46800000,46700000
chr10_468,chr10,46900000,46800000
chr10_469,chr10,47000000,46900000
chr10_470,chr10,47100000,47000000
chr10_471,chr10,47200000,47100000
chr10_472,chr10,47300000,47200000
chr10_473,chr10,47400000,47300000
chr10_474,chr10,47500000,47400000
chr10_475,chr10,47600000,47500000
chr10_476,chr10,47700000,47600000
chr10_477,chr10,47800000,47700000
chr10_478,chr10,47900000,47800000
chr10_479,chr10,48000000,47900000
chr10_480,chr10,48100000,48000000
chr10_481,chr10,48200000,48100000
chr10_482,chr10,48300000,48200000
chr10_483,chr10,48400000,48300000
chr10_484,chr10,48500000,48400000
chr10_485,chr10,48600000,48500000
chr10_486,chr10,48700000,48600000
chr10_487,chr10,48800000,48700000
chr10_488,chr10,48900000,48800000
chr10_489,chr10,49000000,48900000
chr10_490,chr10,49100000,49000000
chr10_491,chr10,49200000,49100000
chr10_492,chr10,49300000,49200000
chr10_493,chr10,49400000,49300000
chr10_494,chr10,49500000,49400000
chr10_495,chr10,49600000,49500000
chr10_496,chr10,49700000,49600000
chr10_497,chr10,49800000,49700000
chr10_498,chr10,49900000,49800000
chr10_499,chr10,50000000,49900000
chr10_500,chr10,50100000,50000000
chr10_501,chr10,50200000,50100000
chr10_502,chr10,50300000,50200000
chr10_503,chr10,50400000,50300000
chr10_504,chr10,50500000,50400000
chr10_505,chr10,50600000,50500000
chr10_506,chr10,50700000,50600000
chr10_507,chr10,50800000,50700000
chr10_508,chr10,50900000,50800000
chr10_509,chr10,51000000,50900000
chr10_510,chr10,51100000,51000000
chr10_511,chr10,51200000,51100000
chr10_512,chr10,51300000,51200000
chr10_513,chr10,51400000,51300000
chr10_514,chr10,51500000,51400000
chr10_515,chr10,51600000,51500000
chr10_516,chr10,51700000,51600000
chr10_517,chr10,51800000,51700000
chr10_518,chr10,51900000,51800000
chr10_519,chr10,52000000,51900000
chr10_520,chr10,52100000,52000000
chr10_521,chr10,52200000,52100000
chr10_522,chr10,52300000,52200000
chr10_523,chr10,52400000,52300000
chr10_524,chr10,52500000,52400000
chr10_525,chr10,52600000,52500000
chr10_526,chr10,52700000,52600000
chr10_527,chr10,52800000,52700000
chr10_528,chr10,52900000,52800000
chr10_529,chr10,53000000,52900000
chr10_530,chr10,53100000,53000000
chr10_531,chr10,53200000,53100000
chr10_532,chr10,53300000,53200000
chr10_533,chr10,53400000,53300000
chr10_534,chr10,53500000,53400000
chr10_535,chr10,53600000,53500000
chr10_536,chr10,53700000,53600000
chr10_537,chr10,53800000,53700000
chr10_538,chr10,53900000,53800000
chr10_539,chr10,54000000,53900000
chr10_540,chr10,54100000,54000000
chr10_541,chr10,54200000,54100000
chr10_542,chr10,54300000,54200000
chr10_543,chr10,54400000,54300000
chr10_544,chr10,54500000,54400000
chr10_545,chr10,54600000,54500000
chr10_546,chr10,54700000,54600000
chr10_547,chr10,54800000,54700000
chr10_548,chr10,54900000,54800000
chr10_549,chr10,55000000,54900000
chr10_550,chr10,55100000,55000000
chr10_551,chr10,55200000,55100000
chr10_552,chr10,55300000,55200000
chr10_553,chr10,55400000,55300000
chr10_554,chr10,55500000,55400000
chr10_555,chr10,55600000,55500000
chr10_556,chr10,55700000,55600000
chr10_557,chr10,55800000,55700000
chr10_558,chr10,55900000,55800000
chr10_559,chr10,56000000,55900000
chr10_560,chr10,56100000,56000000
chr10_561,chr10,56200000,56100000
chr10_562,chr10,56300000,56200000
chr10_563,chr10,56400000,56300000
chr10_564,chr10,56500000,56400000
chr10_565,chr10,56600000,56500000
chr10_566,chr10,56700000,56600000
chr10_567,chr10,56800000,56700000
chr10_568,chr10,56900000,56800000
chr10_569,chr10,57000000,56900000
chr10_570,chr10,57100000,57000000
chr10_571,chr10,57200000,57100000
chr10_572,chr10,57300000,57200000
chr10_573,chr10,57400000,57300000
chr10_574,chr10,57500000,57400000
chr10_575,chr10,57600000,57500000
chr10_576,chr10,57700000,57600000
chr10_577,chr10,57800000,57700000
chr10_578,chr10,57900000,57800000
chr10_579,chr10,58000000,57900000
chr10_580,chr10,58100000,58000000
chr10_581,chr10,58200000,58100000
chr10_582,chr10,58300000,58200000
chr10_583,chr10,58400000,58300000
chr10_584,chr10,58500000,58400000
chr10_585,chr10,58600000,58500000
chr10_586,chr10,58700000,58600000
chr10_587,chr10,58800000,58700000
chr10_588,chr10,58900000,58800000
chr10_589,chr10,59000000,58900000
chr10_590,chr10,59100000,59000000
chr10_591,chr10,59200000,59100000
chr10_592,chr10,59300000,59200000
chr10_593,chr10,59400000,59300000
chr10_594,chr10,59500000,59400000
chr10_595,chr10,59600000,59500000
chr10_596,chr10,59700000,59600000
chr10_597,chr10,59800000,59700000
chr10_598,chr10,59900000,59800000
chr10_599,chr10,60000000,59900000
chr10_600,chr10,60100000,60000000
chr10_601,chr10,60200000,60100000
chr10_602,chr10,60300000,60200000
chr10_603,chr10,60400000,60300000
chr10_604,chr10,60500000,60400000
chr10_605,chr10,60600000,60500000
chr10_606,chr10,60700000,60600000
chr10_607,chr10,60800000,60700000
chr10_608,chr10,60900000,60800000
chr10_609,chr10,61000000,60900000
chr10_610,chr10,61100000,61000000
chr10_611,chr10,61200000,61100000
chr10_612,chr10,61300000,61200000
chr10_613,chr10,61400000,61300000
chr10_614,chr10,61500000,61400000
chr10_615,chr10,61600000,61500000
chr10_616,chr10,61700000,61600000
chr10_617,chr10,61800000,61700000
chr10_618,chr10,61900000,61800000
chr10_619,chr10,62000000,61900000
chr10_620,chr10,62100000,62000000
chr10_621,chr10,62200000,62100000
chr10_622,chr10,62300000,62200000
chr10_623,chr10,62400000,62300000
chr10_624,chr10,62500000,62400000
chr10_625,chr10,62600000,62500000
chr10_626,chr10,62700000,62600000
chr10_627,chr10,62800000,62700000
chr10_628,chr10,62900000,62800000
chr10_629,chr10,63000000,62900000
chr10_630,chr10,63100000,63000000
chr10_631,chr10,63200000,63100000
chr10_632,chr10,63300000,63200000
chr10_633,chr10,63400000,63300000
chr10_634,chr10,63500000,63400000
chr10_635,chr10,63600000,63500000
chr10_636,chr10,63700000,63600000
chr10_637,chr10,63800000,63700000
chr10_638,chr10,63900000,63800000
chr10_639,chr10,64000000,63900000
chr10_640,chr10,64100000,64000000
chr10_641,chr10,64200000,64100000
chr10_642,chr10,64300000,64200000
chr10_643,chr10,64400000,64300000
chr10_644,chr10,64500000,64400000
chr10_645,chr10,64600000,64500000
chr10_646,chr10,64700000,64600000
chr10_647,chr10,64800000,64700000
chr10_648,chr10,64900000,64800000
chr10_649,chr10,65000000,64900000
chr10_650,chr10,65100000,65000000
chr10_651,chr10,65200000,65100000
chr10_652,chr10,65300000,65200000
chr10_653,chr10,65400000,65300000
chr10_654,chr10,65500000,65400000
chr10_655,chr10,65600000,65500000
chr10_656,chr10,65700000,65600000
chr10_657,chr10,65800000,65700000
chr10_658,chr10,65900000,65800000
chr10_659,chr10,66000000,65900000
chr10_660,chr10,66100000,66000000
chr10_661,chr10,66200000,66100000
chr10_662,chr10,66300000,66200000
chr10_663,chr10,66400000,66300000
chr10_664,chr10,66500000,66400000
chr10_665,chr10,66600000,66500000
chr10_666,chr10,66700000,66600000
chr10_667,chr10,66800000,66700000
chr10_668,chr10,66900000,66800000
chr10_669,chr10,67000000,66900000
chr10_670,chr10,67100000,67000000
chr10_671,chr10,67200000,67100000
chr10_672,chr10,67300000,67200000
chr10_673,chr10,67400000,67300000
chr10_674,chr10,67500000,67400000
chr10_675,chr10,67600000,67500000
chr10_676,chr10,67700000,67600000
chr10_677,chr10,67800000,67700000
chr10_678,chr10,67900000,67800000
chr10_679,chr10,68000000,67900000
chr10_680,chr10,68100000,68000000
chr10_681,chr10,68200000,68100000
chr10_682,chr10,68300000,68200000
chr10_683,chr10,68400000,68300000
chr10_684,chr10,68500000,68400000
chr10_685,chr10,68600000,68500000
chr10_686,chr10,68700000,68600000
chr10_687,chr10,68800000,68700000
chr10_688,chr10,68900000,68800000
chr10_689,chr10,69000000,68900000
chr10_690,chr10,69100000,69000000
chr10_691,chr10,69200000,69100000
chr10_692,chr10,69300000,69200000
chr10_693,chr10,69400000,69300000
chr10_694,chr10,69500000,69400000
chr10_695,chr10,69600000,69500000
chr10_696,chr10,69700000,69600000
chr10_697,chr10,69800000,69700000
chr10_698,chr10,69900000,69800000
chr10_699,chr10,70000000,69900000
chr10_700,chr10,70100000,70000000
chr10_701,chr10,70200000,70100000
chr10_702,chr10,70300000,70200000
chr10_703,chr10,70400000,70300000
chr10_704,chr10,70500000,70400000
chr10_705,chr10,70600000,70500000
chr10_706,chr10,70700000,70600000
chr10_707,chr10,70800000,70700000
chr10_708,chr10,70900000,70800000
chr10_709,chr10,71000000,70900000
chr10_710,chr10,71100000,71000000
chr10_711,chr10,71200000,71100000
chr10_712,chr10,71300000,71200000
chr10_713,chr10,71400000,71300000
chr10_714,chr10,71500000,71400000
chr10_715,chr10,71600000,71500000
chr10_716,chr10,71700000,71600000
chr10_717,chr10,71800000,71700000
chr10_718,chr10,71900000,71800000
chr10_719,chr10,72000000,71900000
chr10_720,chr10,72100000,72000000
chr10_721,chr10,72200000,72100000
chr10_722,chr10,72300000,72200000
chr10_723,chr10,72400000,72300000
chr10_724,chr10,72500000,72400000
chr10_725,chr10,72600000,72500000
chr10_726,chr10,72700000,72600000
chr10_727,chr10,72800000,72700000
chr10_728,chr10,72900000,72800000
chr10_729,chr10,73000000,72900000
chr10_730,chr10,73100000,73000000
chr10_731,chr10,73200000,73100000
chr10_732,chr10,73300000,73200000
chr10_733,chr10,73400000,73300000
chr10_734,chr10,73500000,73400000
chr10_735,chr10,73600000,73500000
chr10_736,chr10,73700000,73600000
chr10_737,chr10,73800000,73700000
chr10_738,chr10,73900000,73800000
chr10_739,chr10,74000000,73900000
chr10_740,chr10,74100000,74000000
chr10_741,chr10,74200000,74100000
chr10_742,chr10,74300000,74200000
chr10_743,chr10,74400000,74300000
chr10_744,chr10,74500000,74400000
chr10_745,chr10,74600000,74500000
chr10_746,chr10,74700000,74600000
chr10_747,chr10,74800000,74700000
chr10_748,chr10,74900000,74800000
chr10_749,chr10,75000000,74900000
chr10_750,chr10,75100000,75000000
chr10_751,chr10,75200000,75100000
chr10_752,chr10,75300000,75200000
chr10_753,chr10,75400000,75300000
chr10_754,chr10,75500000,75400000
chr10_755,chr10,75600000,75500000
chr10_756,chr10,75700000,75600000
chr10_757,chr10,75800000,75700000
chr10_758,chr10,75900000,75800000
chr10_759,chr10,76000000,75900000
chr10_760,chr10,76100000,76000000
chr10_761,chr10,76200000,76100000
chr10_762,chr10,76300000,76200000
chr10_763,chr10,76400000,76300000
chr10_764,chr10,76500000,76400000
chr10_765,chr10,76600000,76500000
chr10_766,chr10,76700000,76600000
chr10_767,chr10,76800000,76700000
chr10_768,chr10,76900000,76800000
chr10_769,chr10,77000000,76900000
chr10_770,chr10,77100000,77000000
chr10_771,chr10,77200000,77100000
chr10_772,chr10,77300000,77200000
chr10_773,chr10,77400000,77300000
chr10_774,chr10,77500000,77400000
chr10_775,chr10,77600000,77500000
chr10_776,chr10,77700000,77600000
chr10_777,chr10,77800000,77700000
chr10_778,chr10,77900000,77800000
chr10_779,chr10,78000000,77900000
chr10_780,chr10,78100000,78000000
chr10_781,chr10,78200000,78100000
chr10_782,chr10,78300000,78200000
chr10_783,chr10,78400000,78300000
chr10_784,chr10,78500000,78400000
chr10_785,chr10,78600000,78500000
chr10_786,chr10,78700000,78600000
chr10_787,chr10,78800000,78700000
chr10_788,chr10,78900000,78800000
chr10_789,chr10,79000000,78900000
chr10_790,chr10,79100000,79000000
chr10_791,chr10,79200000,79100000
chr10_792,chr10,79300000,79200000
chr10_793,chr10,79400000,79300000
chr10_794,chr10,79500000,79400000
chr10_795,chr10,79600000,79500000
chr10_796,chr10,79700000,79600000
chr10_797,chr10,79800000,79700000
chr10_798,chr10,79900000,79800000
chr10_799,chr10,80000000,79900000
chr10_800,chr10,80100000,80000000
chr10_801,chr10,80200000,80100000
chr10_802,chr10,80300000,80200000
chr10_803,chr10,80400000,80300000
chr10_804,chr10,80500000,80400000
chr10_805,chr10,80600000,80500000
chr10_806,chr10,80700000,80600000
chr10_807,chr10,80800000,80700000
chr10_808,chr10,80900000,80800000
chr10_809,chr10,81000000,80900000
chr10_810,chr10,81100000,81000000
chr10_811,chr10,81200000,81100000
chr10_812,chr10,81300000,81200000
chr10_813,chr10,81400000,81300000
chr10_814,chr10,81500000,81400000
chr10_815,chr10,81600000,81500000
chr10_816,chr10,81700000,81600000
chr10_817,chr10,81800000,81700000
chr10_818,chr10,81900000,81800000
chr10_819,chr10,82000000,81900000
chr10_820,chr10,82100000,82000000
chr10_821,chr10,82200000,82100000
chr10_822,chr10,82300000,82200000
chr10_823,chr10,82400000,82300000
chr10_824,chr10,82500000,82400000
chr10_825,chr10,82600000,82500000
chr10_826,chr10,82700000,82600000
chr10_827,chr10,82800000,82700000
chr10_828,chr10,82900000,82800000
chr10_829,chr10,83000000,82900000
chr10_830,chr10,83100000,83000000
chr10_831,chr10,83200000,83100000
chr10_832,chr10,83300000,83200000
chr10_833,chr10,83400000,83300000
chr10_834,chr10,83500000,83400000
chr10_835,chr10,83600000,83500000
chr10_836,chr10,83700000,83600000
chr10_837,chr10,83800000,83700000
chr10_838,chr10,83900000,83800000
chr10_839,chr10,84000000,83900000
chr10_840,chr10,84100000,84000000
chr10_841,chr10,84200000,84100000
chr10_842,chr10,84300000,84200000
chr10_843,chr10,84400000,84300000
chr10_844,chr10,84500000,84400000
chr10_845,chr10,84600000,84500000
chr10_846,chr10,84700000,84600000
chr10_847,chr10,84800000,84700000
chr10_848,chr10,84900000,84800000
chr10_849,chr10,85000000,84900000
chr10_850,chr10,85100000,85000000
chr10_851,chr10,85200000,85100000
chr10_852,chr10,85300000,85200000
chr10_853,chr10,85400000,85300000
chr10_854,chr10,85500000,85400000
chr10_855,chr10,85600000,85500000
chr10_856,chr10,85700000,85600000
chr10_857,chr10,85800000,85700000
chr10_858,chr10,85900000,85800000
chr10_859,chr10,86000000,85900000
chr10_860,chr10,86100000,86000000
chr10_861,chr10,86200000,86100000
chr10_862,chr10,86300000,86200000
chr10_863,chr10,86400000,86300000
chr10_864,chr10,86500000,86400000
chr10_865,chr10,86600000,86500000
chr10_866,chr10,86700000,86600000
chr10_867,chr10,86800000,86700000
chr10_868,chr10,86900000,86800000
chr10_869,chr10,87000000,86900000
chr10_870,chr10,87100000,87000000
chr10_871,chr10,87200000,87100000
chr10_872,chr10,87300000,87200000
chr10_873,chr10,87400000,87300000
chr10_874,chr10,87500000,87400000
chr10_875,chr10,87600000,87500000
chr10_876,chr10,87700000,87600000
chr10_877,chr10,87800000,87700000
chr10_878,chr10,87900000,87800000
chr10_879,chr10,88000000,87900000
chr10_880,chr10,88100000,88000000
chr10_881,chr10,88200000,88100000
chr10_882,chr10,88300000,88200000
chr10_883,chr10,88400000,88300000
chr10_884,chr10,88500000,88400000
chr10_885,chr10,88600000,88500000
chr10_886,chr10,88700000,88600000
chr10_887,chr10,88800000,88700000
chr10_888,chr10,88900000,88800000
chr10_889,chr10,89000000,88900000
chr10_890,chr10,89100000,89000000
chr10_891,chr10,89200000,89100000
chr10_892,chr10,89300000,89200000
chr10_893,chr10,89400000,89300000
chr10_894,chr10,89500000,89400000
chr10_895,chr10,89600000,89500000
chr10_896,chr10,89700000,89600000
chr10_897,chr10,89800000,89700000
chr10_898,chr10,89900000,89800000
chr10_899,chr10,90000000,89900000
chr10_900,chr10,90100000,90000000
chr10_901,chr10,90200000,90100000
chr10_902,chr10,90300000,90200000
chr10_903,chr10,90400000,90300000
chr10_904,chr10,90500000,90400000
chr10_905,chr10,90600000,90500000
chr10_906,chr10,90700000,90600000
chr10_907,chr10,90800000,90700000
chr10_908,chr10,90900000,90800000
chr10_909,chr10,91000000,90900000
chr10_910,chr10,91100000,91000000
chr10_911,chr10,91200000,91100000
chr10_912,chr10,91300000,91200000
chr10_913,chr10,91400000,91300000
chr10_914,chr10,91500000,91400000
chr10_915,chr10,91600000,91500000
chr10_916,chr10,91700000,91600000
chr10_917,chr10,91800000,91700000
chr10_918,chr10,91900000,91800000
chr10_919,chr10,92000000,91900000
chr10_920,chr10,92100000,92000000
chr10_921,chr10,92200000,92100000
chr10_922,chr10,92300000,92200000
chr10_923,chr10,92400000,92300000
chr10_924,chr10,92500000,92400000
chr10_925,chr10,92600000,92500000
chr10_926,chr10,92700000,92600000
chr10_927,chr10,92800000,92700000
chr10_928,chr10,92900000,92800000
chr10_929,chr10,93000000,92900000
chr10_930,chr10,93100000,93000000
chr10_931,chr10,93200000,93100000
chr10_932,chr10,93300000,93200000
chr10_933,chr10,93400000,93300000
chr10_934,chr10,93500000,93400000
chr10_935,chr10,93600000,93500000
chr10_936,chr10,93700000,93600000
chr10_937,chr10,93800000,93700000
chr10_938,chr10,93900000,93800000
chr10_939,chr10,94000000,93900000
chr10_940,chr10,94100000,94000000
chr10_941,chr10,94200000,94100000
chr10_942,chr10,94300000,94200000
chr10_943,chr10,94400000,94300000
chr10_944,chr10,94500000,94400000
chr10_945,chr10,94600000,94500000
chr10_946,chr10,94700000,94600000
chr10_947,chr10,94800000,94700000
chr10_948,chr10,94900000,94800000
chr10_949,chr10,95000000,94900000
chr10_950,chr10,95100000,95000000
chr10_951,chr10,95200000,95100000
chr10_952,chr10,95300000,95200000
chr10_953,chr10,95400000,95300000
chr10_954,chr10,95500000,95400000
chr10_955,chr10,95600000,95500000
chr10_956,chr10,95700000,95600000
chr10_957,chr10,95800000,95700000
chr10_958,chr10,95900000,95800000
chr10_959,chr10,96000000,95900000
chr10_960,chr10,96100000,96000000
chr10_961,chr10,96200000,96100000
chr10_962,chr10,96300000,96200000
chr10_963,chr10,96400000,96300000
chr10_964,chr10,96500000,96400000
chr10_965,chr10,96600000,96500000
chr10_966,chr10,96700000,96600000
chr10_967,chr10,96800000,96700000
chr10_968,chr10,96900000,96800000
chr10_969,chr10,97000000,96900000
chr10_970,chr10,97100000,97000000
chr10_971,chr10,97200000,97100000
chr10_972,chr10,97300000,97200000
chr10_973,chr10,97400000,97300000
chr10_974,chr10,97500000,97400000
chr10_975,chr10,97600000,97500000
chr10_976,chr10,97700000,97600000
chr10_977,chr10,97800000,97700000
chr10_978,chr10,97900000,97800000
chr10_979,chr10,98000000,97900000
chr10_980,chr10,98100000,98000000
chr10_981,chr10,98200000,98100000
chr10_982,chr10,98300000,98200000
chr10_983,chr10,98400000,98300000
chr10_984,chr10,98500000,98400000
chr10_985,chr10,98600000,98500000
chr10_986,chr10,98700000,98600000
chr10_987,chr10,98800000,98700000
chr10_988,chr10,98900000,98800000
chr10_989,chr10,99000000,98900000
chr10_990,chr10,99100000,99000000
chr10_991,chr10,99200000,99100000
chr10_992,chr10,99300000,99200000
chr10_993,chr10,99400000,99300000
chr10_994,chr10,99500000,99400000
chr10_995,chr10,99600000,99500000
chr10_996,chr10,99700000,99600000
chr10_997,chr10,99800000,99700000
chr10_998,chr10,99900000,99800000
chr10_999,chr10,100000000,99900000
chr10_1000,chr10,100100000,100000000
chr10_1001,chr10,100200000,100100000
chr10_1002,chr10,100300000,100200000
chr10_1003,chr10,100400000,100300000
chr10_1004,chr10,100500000,100400000
chr10_1005,chr10,100600000,100500000
chr10_1006,chr10,100700000,100600000
chr10_1007,chr10,100800000,100700000
chr10_1008,chr10,100900000,100800000
chr10_1009,chr10,101000000,100900000
chr10_1010,chr10,101100000,101000000
chr10_1011,chr10,101200000,101100000
chr10_1012,chr10,101300000,101200000
chr10_1013,chr10,101400000,101300000
chr10_1014,chr10,101500000,101400000
chr10_1015,chr10,101600000,101500000
chr10_1016,chr10,101700000,101600000
chr10_1017,chr10,101800000,101700000
chr10_1018,chr10,101900000,101800000
chr10_1019,chr10,102000000,101900000
chr10_1020,chr10,102100000,102000000
chr10_1021,chr10,102200000,102100000
chr10_1022,chr10,102300000,102200000
chr10_1023,chr10,102400000,102300000
chr10_1024,chr10,102500000,102400000
chr10_1025,chr10,102600000,102500000
chr10_1026,chr10,102700000,102600000
chr10_1027,chr10,102800000,102700000
chr10_1028,chr10,102900000,102800000
chr10_1029,chr10,103000000,102900000
chr10_1030,chr10,103100000,103000000
chr10_1031,chr10,103200000,103100000
chr10_1032,chr10,103300000,103200000
chr10_1033,chr10,103400000,103300000
chr10_1034,chr10,103500000,103400000
chr10_1035,chr10,103600000,103500000
chr10_1036,chr10,103700000,103600000
chr10_1037,chr10,103800000,103700000
chr10_1038,chr10,103900000,103800000
chr10_1039,chr10,104000000,103900000
chr10_1040,chr10,104100000,104000000
chr10_1041,chr10,104200000,104100000
chr10_1042,chr10,104300000,104200000
chr10_1043,chr10,104400000,104300000
chr10_1044,chr10,104500000,104400000
chr10_1045,chr10,104600000,104500000
chr10_1046,chr10,104700000,104600000
chr10_1047,chr10,104800000,104700000
chr10_1048,chr10,104900000,104800000
chr10_1049,chr10,105000000,104900000
chr10_1050,chr10,105100000,105000000
chr10_1051,chr10,105200000,105100000
chr10_1052,chr10,105300000,105200000
chr10_1053,chr10,105400000,105300000
chr10_1054,chr10,105500000,105400000
chr10_1055,chr10,105600000,105500000
chr10_1056,chr10,105700000,105600000
chr10_1057,chr10,105800000,105700000
chr10_1058,chr10,105900000,105800000
chr10_1059,chr10,106000000,105900000
chr10_1060,chr10,106100000,106000000
chr10_1061,chr10,106200000,106100000
chr10_1062,chr10,106300000,106200000
chr10_1063,chr10,106400000,106300000
chr10_1064,chr10,106500000,106400000
chr10_1065,chr10,106600000,106500000
chr10_1066,chr10,106700000,106600000
chr10_1067,chr10,106800000,106700000
chr10_1068,chr10,106900000,106800000
chr10_1069,chr10,107000000,106900000
chr10_1070,chr10,107100000,107000000
chr10_1071,chr10,107200000,107100000
chr10_1072,chr10,107300000,107200000
chr10_1073,chr10,107400000,107300000
chr10_1074,chr10,107500000,107400000
chr10_1075,chr10,107600000,107500000
chr10_1076,chr10,107700000,107600000
chr10_1077,chr10,107800000,107700000
chr10_1078,chr10,107900000,107800000
chr10_1079,chr10,108000000,107900000
chr10_1080,chr10,108100000,108000000
chr10_1081,chr10,108200000,108100000
chr10_1082,chr10,108300000,108200000
chr10_1083,chr10,108400000,108300000
chr10_1084,chr10,108500000,108400000
chr10_1085,chr10,108600000,108500000
chr10_1086,chr10,108700000,108600000
chr10_1087,chr10,108800000,108700000
chr10_1088,chr10,108900000,108800000
chr10_1089,chr10,109000000,108900000
chr10_1090,chr10,109100000,109000000
chr10_1091,chr10,109200000,109100000
chr10_1092,chr10,109300000,109200000
chr10_1093,chr10,109400000,109300000
chr10_1094,chr10,109500000,109400000
chr10_1095,chr10,109600000,109500000
chr10_1096,chr10,109700000,109600000
chr10_1097,chr10,109800000,109700000
chr10_1098,chr10,109900000,109800000
chr10_1099,chr10,110000000,109900000
chr10_1100,chr10,110100000,110000000
chr10_1101,chr10,110200000,110100000
chr10_1102,chr10,110300000,110200000
chr10_1103,chr10,110400000,110300000
chr10_1104,chr10,110500000,110400000
chr10_1105,chr10,110600000,110500000
chr10_1106,chr10,110700000,110600000
chr10_1107,chr10,110800000,110700000
chr10_1108,chr10,110900000,110800000
chr10_1109,chr10,111000000,110900000
chr10_1110,chr10,111100000,111000000
chr10_1111,chr10,111200000,111100000
chr10_1112,chr10,111300000,111200000
chr10_1113,chr10,111400000,111300000
chr10_1114,chr10,111500000,111400000
chr10_1115,chr10,111600000,111500000
chr10_1116,chr10,111700000,111600000
chr10_1117,chr10,111800000,111700000
chr10_1118,chr10,111900000,111800000
chr10_1119,chr10,112000000,111900000
chr10_1120,chr10,112100000,112000000
chr10_1121,chr10,112200000,112100000
chr10_1122,chr10,112300000,112200000
chr10_1123,chr10,112400000,112300000
chr10_1124,chr10,112500000,112400000
chr10_1125,chr10,112600000,112500000
chr10_1126,chr10,112700000,112600000
chr10_1127,chr10,112800000,112700000
chr10_1128,chr10,112900000,112800000
chr10_1129,chr10,113000000,112900000
chr10_1130,chr10,113100000,113000000
chr10_1131,chr10,113200000,113100000
chr10_1132,chr10,113300000,113200000
chr10_1133,chr10,113400000,113300000
chr10_1134,chr10,113500000,113400000
chr10_1135,chr10,113600000,113500000
chr10_1136,chr10,113700000,113600000
chr10_1137,chr10,113800000,113700000
chr10_1138,chr10,113900000,113800000
chr10_1139,chr10,114000000,113900000
chr10_1140,chr10,114100000,114000000
chr10_1141,chr10,114200000,114100000
chr10_1142,chr10,114300000,114200000
chr10_1143,chr10,114400000,114300000
chr10_1144,chr10,114500000,114400000
chr10_1145,chr10,114600000,114500000
chr10_1146,chr10,114700000,114600000
chr10_1147,chr10,114800000,114700000
chr10_1148,chr10,114900000,114800000
chr10_1149,chr10,115000000,114900000
chr10_1150,chr10,115100000,115000000
chr10_1151,chr10,115200000,115100000
chr10_1152,chr10,115300000,115200000
chr10_1153,chr10,115400000,115300000
chr10_1154,chr10,115500000,115400000
chr10_1155,chr10,115600000,115500000
chr10_1156,chr10,115700000,115600000
chr10_1157,chr10,115800000,115700000
chr10_1158,chr10,115900000,115800000
chr10_1159,chr10,116000000,115900000
chr10_1160,chr10,116100000,116000000
chr10_1161,chr10,116200000,116100000
chr10_1162,chr10,116300000,116200000
chr10_1163,chr10,116400000,116300000
chr10_1164,chr10,116500000,116400000
chr10_1165,chr10,116600000,116500000
chr10_1166,chr10,116700000,116600000
chr10_1167,chr10,116800000,116700000
chr10_1168,chr10,116900000,116800000
chr10_1169,chr10,117000000,116900000
chr10_1170,chr10,117100000,117000000
chr10_1171,chr10,117200000,117100000
chr10_1172,chr10,117300000,117200000
chr10_1173,chr10,117400000,117300000
chr10_1174,chr10,117500000,117400000
chr10_1175,chr10,117600000,117500000
chr10_1176,chr10,117700000,117600000
chr10_1177,chr10,117800000,117700000
chr10_1178,chr10,117900000,117800000
chr10_1179,chr10,118000000,117900000
chr10_1180,chr10,118100000,118000000
chr10_1181,chr10,118200000,118100000
chr10_1182,chr10,118300000,118200000
chr10_1183,chr10,118400000,118300000
chr10_1184,chr10,118500000,118400000
chr10_1185,chr10,118600000,118500000
chr10_1186,chr10,118700000,118600000
chr10_1187,chr10,118800000,118700000
chr10_1188,chr10,118900000,118800000
chr10_1189,chr10,119000000,118900000
chr10_1190,chr10,119100000,119000000
chr10_1191,chr10,119200000,119100000
chr10_1192,chr10,119300000,119200000
chr10_1193,chr10,119400000,119300000
chr10_1194,chr10,119500000,119400000
chr10_1195,chr10,119600000,119500000
chr10_1196,chr10,119700000,119600000
chr10_1197,chr10,119800000,119700000
chr10_1198,chr10,119900000,119800000
chr10_1199,chr10,120000000,119900000
chr10_1200,chr10,120100000,120000000
chr10_1201,chr10,120200000,120100000
chr10_1202,chr10,120300000,120200000
chr10_1203,chr10,120400000,120300000
chr10_1204,chr10,120500000,120400000
chr10_1205,chr10,120600000,120500000
chr10_1206,chr10,120700000,120600000
chr10_1207,chr10,120800000,120700000
chr10_1208,chr10,120900000,120800000
chr10_1209,chr10,121000000,120900000
chr10_1210,chr10,121100000,121000000
chr10_1211,chr10,121200000,121100000
chr10_1212,chr10,121300000,121200000
chr10_1213,chr10,121400000,121300000
chr10_1214,chr10,121500000,121400000
chr10_1215,chr10,121600000,121500000
chr10_1216,chr10,121700000,121600000
chr10_1217,chr10,121800000,121700000
chr10_1218,chr10,121900000,121800000
chr10_1219,chr10,122000000,121900000
chr10_1220,chr10,122100000,122000000
chr10_1221,chr10,122200000,122100000
chr10_1222,chr10,122300000,122200000
chr10_1223,chr10,122400000,122300000
chr10_1224,chr10,122500000,122400000
chr10_1225,chr10,122600000,122500000
chr10_1226,chr10,122700000,122600000
chr10_1227,chr10,122800000,122700000
chr10_1228,chr10,122900000,122800000
chr10_1229,chr10,123000000,122900000
chr10_1230,chr10,123100000,123000000
chr10_1231,chr10,123200000,123100000
chr10_1232,chr10,123300000,123200000
chr10_1233,chr10,123400000,123300000
chr10_1234,chr10,123500000,123400000
chr10_1235,chr10,123600000,123500000
chr10_1236,chr10,123700000,123600000
chr10_1237,chr10,123800000,123700000
chr10_1238,chr10,123900000,123800000
chr10_1239,chr10,124000000,123900000
chr10_1240,chr10,124100000,124000000
chr10_1241,chr10,124200000,124100000
chr10_1242,chr10,124300000,124200000
chr10_1243,chr10,124400000,124300000
chr10_1244,chr10,124500000,124400000
chr10_1245,chr10,124600000,124500000
chr10_1246,chr10,124700000,124600000
chr10_1247,chr10,124800000,124700000
chr10_1248,chr10,124900000,124800000
chr10_1249,chr10,125000000,124900000
chr10_1250,chr10,125100000,125000000
chr10_1251,chr10,125200000,125100000
chr10_1252,chr10,125300000,125200000
chr10_1253,chr10,125400000,125300000
chr10_1254,chr10,125500000,125400000
chr10_1255,chr10,125600000,125500000
chr10_1256,chr10,125700000,125600000
chr10_1257,chr10,125800000,125700000
chr10_1258,chr10,125900000,125800000
chr10_1259,chr10,126000000,125900000
chr10_1260,chr10,126100000,126000000
chr10_1261,chr10,126200000,126100000
chr10_1262,chr10,126300000,126200000
chr10_1263,chr10,126400000,126300000
chr10_1264,chr10,126500000,126400000
chr10_1265,chr10,126600000,126500000
chr10_1266,chr10,126700000,126600000
chr10_1267,chr10,126800000,126700000
chr10_1268,chr10,126900000,126800000
chr10_1269,chr10,127000000,126900000
chr10_1270,chr10,127100000,127000000
chr10_1271,chr10,127200000,127100000
chr10_1272,chr10,127300000,127200000
chr10_1273,chr10,127400000,127300000
chr10_1274,chr10,127500000,127400000
chr10_1275,chr10,127600000,127500000
chr10_1276,chr10,127700000,127600000
chr10_1277,chr10,127800000,127700000
chr10_1278,chr10,127900000,127800000
chr10_1279,chr10,128000000,127900000
chr10_1280,chr10,128100000,128000000
chr10_1281,chr10,128200000,128100000
chr10_1282,chr10,128300000,128200000
chr10_1283,chr10,128400000,128300000
chr10_1284,chr10,128500000,128400000
chr10_1285,chr10,128600000,128500000
chr10_1286,chr10,128700000,128600000
chr10_1287,chr10,128800000,128700000
chr10_1288,chr10,128900000,128800000
chr10_1289,chr10,129000000,128900000
chr10_1290,chr10,129100000,129000000
chr10_1291,chr10,129200000,129100000
chr10_1292,chr10,129300000,129200000
chr10_1293,chr10,129400000,129300000
chr10_1294,chr10,129500000,129400000
chr10_1295,chr10,129600000,129500000
chr10_1296,chr10,129700000,129600000
chr10_1297,chr10,129800000,129700000
chr10_1298,chr10,129900000,129800000
chr10_1299,chr10,130000000,129900000
chr10_1300,chr10,130100000,130000000
chr10_1301,chr10,130200000,130100000
chr10_1302,chr10,130300000,130200000
chr10_1303,chr10,130400000,130300000
chr10_1304,chr10,130500000,130400000
chr10_1305,chr10,130600000,130500000
chr10_1306,chr10,130694993,130600000
chr11_0,chr11,100000,0
chr11_1,chr11,200000,100000
chr11_2,chr11,300000,200000
chr11_3,chr11,400000,300000
chr11_4,chr11,500000,400000
chr11_5,chr11,600000,500000
chr11_6,chr11,700000,600000
chr11_7,chr11,800000,700000
chr11_8,chr11,900000,800000
chr11_9,chr11,1000000,900000
chr11_10,chr11,1100000,1000000
chr11_11,chr11,1200000,1100000
chr11_12,chr11,1300000,1200000
chr11_13,chr11,1400000,1300000
chr11_14,chr11,1500000,1400000
chr11_15,chr11,1600000,1500000
chr11_16,chr11,1700000,1600000
chr11_17,chr11,1800000,1700000
chr11_18,chr11,1900000,1800000
chr11_19,chr11,2000000,1900000
chr11_20,chr11,2100000,2000000
chr11_21,chr11,2200000,2100000
chr11_22,chr11,2300000,2200000
chr11_23,chr11,2400000,2300000
chr11_24,chr11,2500000,2400000
chr11_25,chr11,2600000,2500000
chr11_26,chr11,2700000,2600000
chr11_27,chr11,2800000,2700000
chr11_28,chr11,2900000,2800000
chr11_29,chr11,3000000,2900000
chr11_30,chr11,3100000,3000000
chr11_31,chr11,3200000,3100000
chr11_32,chr11,3300000,3200000
chr11_33,chr11,3400000,3300000
chr11_34,chr11,3500000,3400000
chr11_35,chr11,3600000,3500000
chr11_36,chr11,3700000,3600000
chr11_37,chr11,3800000,3700000
chr11_38,chr11,3900000,3800000
chr11_39,chr11,4000000,3900000
chr11_40,chr11,4100000,4000000
chr11_41,chr11,4200000,4100000
chr11_42,chr11,4300000,4200000
chr11_43,chr11,4400000,4300000
chr11_44,chr11,4500000,4400000
chr11_45,chr11,4600000,4500000
chr11_46,chr11,4700000,4600000
chr11_47,chr11,4800000,4700000
chr11_48,chr11,4900000,4800000
chr11_49,chr11,5000000,4900000
chr11_50,chr11,5100000,5000000
chr11_51,chr11,5200000,5100000
chr11_52,chr11,5300000,5200000
chr11_53,chr11,5400000,5300000
chr11_54,chr11,5500000,5400000
chr11_55,chr11,5600000,5500000
chr11_56,chr11,5700000,5600000
chr11_57,chr11,5800000,5700000
chr11_58,chr11,5900000,5800000
chr11_59,chr11,6000000,5900000
chr11_60,chr11,6100000,6000000
chr11_61,chr11,6200000,6100000
chr11_62,chr11,6300000,6200000
chr11_63,chr11,6400000,6300000
chr11_64,chr11,6500000,6400000
chr11_65,chr11,6600000,6500000
chr11_66,chr11,6700000,6600000
chr11_67,chr11,6800000,6700000
chr11_68,chr11,6900000,6800000
chr11_69,chr11,7000000,6900000
chr11_70,chr11,7100000,7000000
chr11_71,chr11,7200000,7100000
chr11_72,chr11,7300000,7200000
chr11_73,chr11,7400000,7300000
chr11_74,chr11,7500000,7400000
chr11_75,chr11,7600000,7500000
chr11_76,chr11,7700000,7600000
chr11_77,chr11,7800000,7700000
chr11_78,chr11,7900000,7800000
chr11_79,chr11,8000000,7900000
chr11_80,chr11,8100000,8000000
chr11_81,chr11,8200000,8100000
chr11_82,chr11,8300000,8200000
chr11_83,chr11,8400000,8300000
chr11_84,chr11,8500000,8400000
chr11_85,chr11,8600000,8500000
chr11_86,chr11,8700000,8600000
chr11_87,chr11,8800000,8700000
chr11_88,chr11,8900000,8800000
chr11_89,chr11,9000000,8900000
chr11_90,chr11,9100000,9000000
chr11_91,chr11,9200000,9100000
chr11_92,chr11,9300000,9200000
chr11_93,chr11,9400000,9300000
chr11_94,chr11,9500000,9400000
chr11_95,chr11,9600000,9500000
chr11_96,chr11,9700000,9600000
chr11_97,chr11,9800000,9700000
chr11_98,chr11,9900000,9800000
chr11_99,chr11,10000000,9900000
chr11_100,chr11,10100000,10000000
chr11_101,chr11,10200000,10100000
chr11_102,chr11,10300000,10200000
chr11_103,chr11,10400000,10300000
chr11_104,chr11,10500000,10400000
chr11_105,chr11,10600000,10500000
chr11_106,chr11,10700000,10600000
chr11_107,chr11,10800000,10700000
chr11_108,chr11,10900000,10800000
chr11_109,chr11,11000000,10900000
chr11_110,chr11,11100000,11000000
chr11_111,chr11,11200000,11100000
chr11_112,chr11,11300000,11200000
chr11_113,chr11,11400000,11300000
chr11_114,chr11,11500000,11400000
chr11_115,chr11,11600000,11500000
chr11_116,chr11,11700000,11600000
chr11_117,chr11,11800000,11700000
chr11_118,chr11,11900000,11800000
chr11_119,chr11,12000000,11900000
chr11_120,chr11,12100000,12000000
chr11_121,chr11,12200000,12100000
chr11_122,chr11,12300000,12200000
chr11_123,chr11,12400000,12300000
chr11_124,chr11,12500000,12400000
chr11_125,chr11,12600000,12500000
chr11_126,chr11,12700000,12600000
chr11_127,chr11,12800000,12700000
chr11_128,chr11,12900000,12800000
chr11_129,chr11,13000000,12900000
chr11_130,chr11,13100000,13000000
chr11_131,chr11,13200000,13100000
chr11_132,chr11,13300000,13200000
chr11_133,chr11,13400000,13300000
chr11_134,chr11,13500000,13400000
chr11_135,chr11,13600000,13500000
chr11_136,chr11,13700000,13600000
chr11_137,chr11,13800000,13700000
chr11_138,chr11,13900000,13800000
chr11_139,chr11,14000000,13900000
chr11_140,chr11,14100000,14000000
chr11_141,chr11,14200000,14100000
chr11_142,chr11,14300000,14200000
chr11_143,chr11,14400000,14300000
chr11_144,chr11,14500000,14400000
chr11_145,chr11,14600000,14500000
chr11_146,chr11,14700000,14600000
chr11_147,chr11,14800000,14700000
chr11_148,chr11,14900000,14800000
chr11_149,chr11,15000000,14900000
chr11_150,chr11,15100000,15000000
chr11_151,chr11,15200000,15100000
chr11_152,chr11,15300000,15200000
chr11_153,chr11,15400000,15300000
chr11_154,chr11,15500000,15400000
chr11_155,chr11,15600000,15500000
chr11_156,chr11,15700000,15600000
chr11_157,chr11,15800000,15700000
chr11_158,chr11,15900000,15800000
chr11_159,chr11,16000000,15900000
chr11_160,chr11,16100000,16000000
chr11_161,chr11,16200000,16100000
chr11_162,chr11,16300000,16200000
chr11_163,chr11,16400000,16300000
chr11_164,chr11,16500000,16400000
chr11_165,chr11,16600000,16500000
chr11_166,chr11,16700000,16600000
chr11_167,chr11,16800000,16700000
chr11_168,chr11,16900000,16800000
chr11_169,chr11,17000000,16900000
chr11_170,chr11,17100000,17000000
chr11_171,chr11,17200000,17100000
chr11_172,chr11,17300000,17200000
chr11_173,chr11,17400000,17300000
chr11_174,chr11,17500000,17400000
chr11_175,chr11,17600000,17500000
chr11_176,chr11,17700000,17600000
chr11_177,chr11,17800000,17700000
chr11_178,chr11,17900000,17800000
chr11_179,chr11,18000000,17900000
chr11_180,chr11,18100000,18000000
chr11_181,chr11,18200000,18100000
chr11_182,chr11,18300000,18200000
chr11_183,chr11,18400000,18300000
chr11_184,chr11,18500000,18400000
chr11_185,chr11,18600000,18500000
chr11_186,chr11,18700000,18600000
chr11_187,chr11,18800000,18700000
chr11_188,chr11,18900000,18800000
chr11_189,chr11,19000000,18900000
chr11_190,chr11,19100000,19000000
chr11_191,chr11,19200000,19100000
chr11_192,chr11,19300000,19200000
chr11_193,chr11,19400000,19300000
chr11_194,chr11,19500000,19400000
chr11_195,chr11,19600000,19500000
chr11_196,chr11,19700000,19600000
chr11_197,chr11,19800000,19700000
chr11_198,chr11,19900000,19800000
chr11_199,chr11,20000000,19900000
chr11_200,chr11,20100000,20000000
chr11_201,chr11,20200000,20100000
chr11_202,chr11,20300000,20200000
chr11_203,chr11,20400000,20300000
chr11_204,chr11,20500000,20400000
chr11_205,chr11,20600000,20500000
chr11_206,chr11,20700000,20600000
chr11_207,chr11,20800000,20700000
chr11_208,chr11,20900000,20800000
chr11_209,chr11,21000000,20900000
chr11_210,chr11,21100000,21000000
chr11_211,chr11,21200000,21100000
chr11_212,chr11,21300000,21200000
chr11_213,chr11,21400000,21300000
chr11_214,chr11,21500000,21400000
chr11_215,chr11,21600000,21500000
chr11_216,chr11,21700000,21600000
chr11_217,chr11,21800000,21700000
chr11_218,chr11,21900000,21800000
chr11_219,chr11,22000000,21900000
chr11_220,chr11,22100000,22000000
chr11_221,chr11,22200000,22100000
chr11_222,chr11,22300000,22200000
chr11_223,chr11,22400000,22300000
chr11_224,chr11,22500000,22400000
chr11_225,chr11,22600000,22500000
chr11_226,chr11,22700000,22600000
chr11_227,chr11,22800000,22700000
chr11_228,chr11,22900000,22800000
chr11_229,chr11,23000000,22900000
chr11_230,chr11,23100000,23000000
chr11_231,chr11,23200000,23100000
chr11_232,chr11,23300000,23200000
chr11_233,chr11,23400000,23300000
chr11_234,chr11,23500000,23400000
chr11_235,chr11,23600000,23500000
chr11_236,chr11,23700000,23600000
chr11_237,chr11,23800000,23700000
chr11_238,chr11,23900000,23800000
chr11_239,chr11,24000000,23900000
chr11_240,chr11,24100000,24000000
chr11_241,chr11,24200000,24100000
chr11_242,chr11,24300000,24200000
chr11_243,chr11,24400000,24300000
chr11_244,chr11,24500000,24400000
chr11_245,chr11,24600000,24500000
chr11_246,chr11,24700000,24600000
chr11_247,chr11,24800000,24700000
chr11_248,chr11,24900000,24800000
chr11_249,chr11,25000000,24900000
chr11_250,chr11,25100000,25000000
chr11_251,chr11,25200000,25100000
chr11_252,chr11,25300000,25200000
chr11_253,chr11,25400000,25300000
chr11_254,chr11,25500000,25400000
chr11_255,chr11,25600000,25500000
chr11_256,chr11,25700000,25600000
chr11_257,chr11,25800000,25700000
chr11_258,chr11,25900000,25800000
chr11_259,chr11,26000000,25900000
chr11_260,chr11,26100000,26000000
chr11_261,chr11,26200000,26100000
chr11_262,chr11,26300000,26200000
chr11_263,chr11,26400000,26300000
chr11_264,chr11,26500000,26400000
chr11_265,chr11,26600000,26500000
chr11_266,chr11,26700000,26600000
chr11_267,chr11,26800000,26700000
chr11_268,chr11,26900000,26800000
chr11_269,chr11,27000000,26900000
chr11_270,chr11,27100000,27000000
chr11_271,chr11,27200000,27100000
chr11_272,chr11,27300000,27200000
chr11_273,chr11,27400000,27300000
chr11_274,chr11,27500000,27400000
chr11_275,chr11,27600000,27500000
chr11_276,chr11,27700000,27600000
chr11_277,chr11,27800000,27700000
chr11_278,chr11,27900000,27800000
chr11_279,chr11,28000000,27900000
chr11_280,chr11,28100000,28000000
chr11_281,chr11,28200000,28100000
chr11_282,chr11,28300000,28200000
chr11_283,chr11,28400000,28300000
chr11_284,chr11,28500000,28400000
chr11_285,chr11,28600000,28500000
chr11_286,chr11,28700000,28600000
chr11_287,chr11,28800000,28700000
chr11_288,chr11,28900000,28800000
chr11_289,chr11,29000000,28900000
chr11_290,chr11,29100000,29000000
chr11_291,chr11,29200000,29100000
chr11_292,chr11,29300000,29200000
chr11_293,chr11,29400000,29300000
chr11_294,chr11,29500000,29400000
chr11_295,chr11,29600000,29500000
chr11_296,chr11,29700000,29600000
chr11_297,chr11,29800000,29700000
chr11_298,chr11,29900000,29800000
chr11_299,chr11,30000000,29900000
chr11_300,chr11,30100000,30000000
chr11_301,chr11,30200000,30100000
chr11_302,chr11,30300000,30200000
chr11_303,chr11,30400000,30300000
chr11_304,chr11,30500000,30400000
chr11_305,chr11,30600000,30500000
chr11_306,chr11,30700000,30600000
chr11_307,chr11,30800000,30700000
chr11_308,chr11,30900000,30800000
chr11_309,chr11,31000000,30900000
chr11_310,chr11,31100000,31000000
chr11_311,chr11,31200000,31100000
chr11_312,chr11,31300000,31200000
chr11_313,chr11,31400000,31300000
chr11_314,chr11,31500000,31400000
chr11_315,chr11,31600000,31500000
chr11_316,chr11,31700000,31600000
chr11_317,chr11,31800000,31700000
chr11_318,chr11,31900000,31800000
chr11_319,chr11,32000000,31900000
chr11_320,chr11,32100000,32000000
chr11_321,chr11,32200000,32100000
chr11_322,chr11,32300000,32200000
chr11_323,chr11,32400000,32300000
chr11_324,chr11,32500000,32400000
chr11_325,chr11,32600000,32500000
chr11_326,chr11,32700000,32600000
chr11_327,chr11,32800000,32700000
chr11_328,chr11,32900000,32800000
chr11_329,chr11,33000000,32900000
chr11_330,chr11,33100000,33000000
chr11_331,chr11,33200000,33100000
chr11_332,chr11,33300000,33200000
chr11_333,chr11,33400000,33300000
chr11_334,chr11,33500000,33400000
chr11_335,chr11,33600000,33500000
chr11_336,chr11,33700000,33600000
chr11_337,chr11,33800000,33700000
chr11_338,chr11,33900000,33800000
chr11_339,chr11,34000000,33900000
chr11_340,chr11,34100000,34000000
chr11_341,chr11,34200000,34100000
chr11_342,chr11,34300000,34200000
chr11_343,chr11,34400000,34300000
chr11_344,chr11,34500000,34400000
chr11_345,chr11,34600000,34500000
chr11_346,chr11,34700000,34600000
chr11_347,chr11,34800000,34700000
chr11_348,chr11,34900000,34800000
chr11_349,chr11,35000000,34900000
chr11_350,chr11,35100000,35000000
chr11_351,chr11,35200000,35100000
chr11_352,chr11,35300000,35200000
chr11_353,chr11,35400000,35300000
chr11_354,chr11,35500000,35400000
chr11_355,chr11,35600000,35500000
chr11_356,chr11,35700000,35600000
chr11_357,chr11,35800000,35700000
chr11_358,chr11,35900000,35800000
chr11_359,chr11,36000000,35900000
chr11_360,chr11,36100000,36000000
chr11_361,chr11,36200000,36100000
chr11_362,chr11,36300000,36200000
chr11_363,chr11,36400000,36300000
chr11_364,chr11,36500000,36400000
chr11_365,chr11,36600000,36500000
chr11_366,chr11,36700000,36600000
chr11_367,chr11,36800000,36700000
chr11_368,chr11,36900000,36800000
chr11_369,chr11,37000000,36900000
chr11_370,chr11,37100000,37000000
chr11_371,chr11,37200000,37100000
chr11_372,chr11,37300000,37200000
chr11_373,chr11,37400000,37300000
chr11_374,chr11,37500000,37400000
chr11_375,chr11,37600000,37500000
chr11_376,chr11,37700000,37600000
chr11_377,chr11,37800000,37700000
chr11_378,chr11,37900000,37800000
chr11_379,chr11,38000000,37900000
chr11_380,chr11,38100000,38000000
chr11_381,chr11,38200000,38100000
chr11_382,chr11,38300000,38200000
chr11_383,chr11,38400000,38300000
chr11_384,chr11,38500000,38400000
chr11_385,chr11,38600000,38500000
chr11_386,chr11,38700000,38600000
chr11_387,chr11,38800000,38700000
chr11_388,chr11,38900000,38800000
chr11_389,chr11,39000000,38900000
chr11_390,chr11,39100000,39000000
chr11_391,chr11,39200000,39100000
chr11_392,chr11,39300000,39200000
chr11_393,chr11,39400000,39300000
chr11_394,chr11,39500000,39400000
chr11_395,chr11,39600000,39500000
chr11_396,chr11,39700000,39600000
chr11_397,chr11,39800000,39700000
chr11_398,chr11,39900000,39800000
chr11_399,chr11,40000000,39900000
chr11_400,chr11,40100000,40000000
chr11_401,chr11,40200000,40100000
chr11_402,chr11,40300000,40200000
chr11_403,chr11,40400000,40300000
chr11_404,chr11,40500000,40400000
chr11_405,chr11,40600000,40500000
chr11_406,chr11,40700000,40600000
chr11_407,chr11,40800000,40700000
chr11_408,chr11,40900000,40800000
chr11_409,chr11,41000000,40900000
chr11_410,chr11,41100000,41000000
chr11_411,chr11,41200000,41100000
chr11_412,chr11,41300000,41200000
chr11_413,chr11,41400000,41300000
chr11_414,chr11,41500000,41400000
chr11_415,chr11,41600000,41500000
chr11_416,chr11,41700000,41600000
chr11_417,chr11,41800000,41700000
chr11_418,chr11,41900000,41800000
chr11_419,chr11,42000000,41900000
chr11_420,chr11,42100000,42000000
chr11_421,chr11,42200000,42100000
chr11_422,chr11,42300000,42200000
chr11_423,chr11,42400000,42300000
chr11_424,chr11,42500000,42400000
chr11_425,chr11,42600000,42500000
chr11_426,chr11,42700000,42600000
chr11_427,chr11,42800000,42700000
chr11_428,chr11,42900000,42800000
chr11_429,chr11,43000000,42900000
chr11_430,chr11,43100000,43000000
chr11_431,chr11,43200000,43100000
chr11_432,chr11,43300000,43200000
chr11_433,chr11,43400000,43300000
chr11_434,chr11,43500000,43400000
chr11_435,chr11,43600000,43500000
chr11_436,chr11,43700000,43600000
chr11_437,chr11,43800000,43700000
chr11_438,chr11,43900000,43800000
chr11_439,chr11,44000000,43900000
chr11_440,chr11,44100000,44000000
chr11_441,chr11,44200000,44100000
chr11_442,chr11,44300000,44200000
chr11_443,chr11,44400000,44300000
chr11_444,chr11,44500000,44400000
chr11_445,chr11,44600000,44500000
chr11_446,chr11,44700000,44600000
chr11_447,chr11,44800000,44700000
chr11_448,chr11,44900000,44800000
chr11_449,chr11,45000000,44900000
chr11_450,chr11,45100000,45000000
chr11_451,chr11,45200000,45100000
chr11_452,chr11,45300000,45200000
chr11_453,chr11,45400000,45300000
chr11_454,chr11,45500000,45400000
chr11_455,chr11,45600000,45500000
chr11_456,chr11,45700000,45600000
chr11_457,chr11,45800000,45700000
chr11_458,chr11,45900000,45800000
chr11_459,chr11,46000000,45900000
chr11_460,chr11,46100000,46000000
chr11_461,chr11,46200000,46100000
chr11_462,chr11,46300000,46200000
chr11_463,chr11,46400000,46300000
chr11_464,chr11,46500000,46400000
chr11_465,chr11,46600000,46500000
chr11_466,chr11,46700000,46600000
chr11_467,chr11,46800000,46700000
chr11_468,chr11,46900000,46800000
chr11_469,chr11,47000000,46900000
chr11_470,chr11,47100000,47000000
chr11_471,chr11,47200000,47100000
chr11_472,chr11,47300000,47200000
chr11_473,chr11,47400000,47300000
chr11_474,chr11,47500000,47400000
chr11_475,chr11,47600000,47500000
chr11_476,chr11,47700000,47600000
chr11_477,chr11,47800000,47700000
chr11_478,chr11,47900000,47800000
chr11_479,chr11,48000000,47900000
chr11_480,chr11,48100000,48000000
chr11_481,chr11,48200000,48100000
chr11_482,chr11,48300000,48200000
chr11_483,chr11,48400000,48300000
chr11_484,chr11,48500000,48400000
chr11_485,chr11,48600000,48500000
chr11_486,chr11,48700000,48600000
chr11_487,chr11,48800000,48700000
chr11_488,chr11,48900000,48800000
chr11_489,chr11,49000000,48900000
chr11_490,chr11,49100000,49000000
chr11_491,chr11,49200000,49100000
chr11_492,chr11,49300000,49200000
chr11_493,chr11,49400000,49300000
chr11_494,chr11,49500000,49400000
chr11_495,chr11,49600000,49500000
chr11_496,chr11,49700000,49600000
chr11_497,chr11,49800000,49700000
chr11_498,chr11,49900000,49800000
chr11_499,chr11,50000000,49900000
chr11_500,chr11,50100000,50000000
chr11_501,chr11,50200000,50100000
chr11_502,chr11,50300000,50200000
chr11_503,chr11,50400000,50300000
chr11_504,chr11,50500000,50400000
chr11_505,chr11,50600000,50500000
chr11_506,chr11,50700000,50600000
chr11_507,chr11,50800000,50700000
chr11_508,chr11,50900000,50800000
chr11_509,chr11,51000000,50900000
chr11_510,chr11,51100000,51000000
chr11_511,chr11,51200000,51100000
chr11_512,chr11,51300000,51200000
chr11_513,chr11,51400000,51300000
chr11_514,chr11,51500000,51400000
chr11_515,chr11,51600000,51500000
chr11_516,chr11,51700000,51600000
chr11_517,chr11,51800000,51700000
chr11_518,chr11,51900000,51800000
chr11_519,chr11,52000000,51900000
chr11_520,chr11,52100000,52000000
chr11_521,chr11,52200000,52100000
chr11_522,chr11,52300000,52200000
chr11_523,chr11,52400000,52300000
chr11_524,chr11,52500000,52400000
chr11_525,chr11,52600000,52500000
chr11_526,chr11,52700000,52600000
chr11_527,chr11,52800000,52700000
chr11_528,chr11,52900000,52800000
chr11_529,chr11,53000000,52900000
chr11_530,chr11,53100000,53000000
chr11_531,chr11,53200000,53100000
chr11_532,chr11,53300000,53200000
chr11_533,chr11,53400000,53300000
chr11_534,chr11,53500000,53400000
chr11_535,chr11,53600000,53500000
chr11_536,chr11,53700000,53600000
chr11_537,chr11,53800000,53700000
chr11_538,chr11,53900000,53800000
chr11_539,chr11,54000000,53900000
chr11_540,chr11,54100000,54000000
chr11_541,chr11,54200000,54100000
chr11_542,chr11,54300000,54200000
chr11_543,chr11,54400000,54300000
chr11_544,chr11,54500000,54400000
chr11_545,chr11,54600000,54500000
chr11_546,chr11,54700000,54600000
chr11_547,chr11,54800000,54700000
chr11_548,chr11,54900000,54800000
chr11_549,chr11,55000000,54900000
chr11_550,chr11,55100000,55000000
chr11_551,chr11,55200000,55100000
chr11_552,chr11,55300000,55200000
chr11_553,chr11,55400000,55300000
chr11_554,chr11,55500000,55400000
chr11_555,chr11,55600000,55500000
chr11_556,chr11,55700000,55600000
chr11_557,chr11,55800000,55700000
chr11_558,chr11,55900000,55800000
chr11_559,chr11,56000000,55900000
chr11_560,chr11,56100000,56000000
chr11_561,chr11,56200000,56100000
chr11_562,chr11,56300000,56200000
chr11_563,chr11,56400000,56300000
chr11_564,chr11,56500000,56400000
chr11_565,chr11,56600000,56500000
chr11_566,chr11,56700000,56600000
chr11_567,chr11,56800000,56700000
chr11_568,chr11,56900000,56800000
chr11_569,chr11,57000000,56900000
chr11_570,chr11,57100000,57000000
chr11_571,chr11,57200000,57100000
chr11_572,chr11,57300000,57200000
chr11_573,chr11,57400000,57300000
chr11_574,chr11,57500000,57400000
chr11_575,chr11,57600000,57500000
chr11_576,chr11,57700000,57600000
chr11_577,chr11,57800000,57700000
chr11_578,chr11,57900000,57800000
chr11_579,chr11,58000000,57900000
chr11_580,chr11,58100000,58000000
chr11_581,chr11,58200000,58100000
chr11_582,chr11,58300000,58200000
chr11_583,chr11,58400000,58300000
chr11_584,chr11,58500000,58400000
chr11_585,chr11,58600000,58500000
chr11_586,chr11,58700000,58600000
chr11_587,chr11,58800000,58700000
chr11_588,chr11,58900000,58800000
chr11_589,chr11,59000000,58900000
chr11_590,chr11,59100000,59000000
chr11_591,chr11,59200000,59100000
chr11_592,chr11,59300000,59200000
chr11_593,chr11,59400000,59300000
chr11_594,chr11,59500000,59400000
chr11_595,chr11,59600000,59500000
chr11_596,chr11,59700000,59600000
chr11_597,chr11,59800000,59700000
chr11_598,chr11,59900000,59800000
chr11_599,chr11,60000000,59900000
chr11_600,chr11,60100000,60000000
chr11_601,chr11,60200000,60100000
chr11_602,chr11,60300000,60200000
chr11_603,chr11,60400000,60300000
chr11_604,chr11,60500000,60400000
chr11_605,chr11,60600000,60500000
chr11_606,chr11,60700000,60600000
chr11_607,chr11,60800000,60700000
chr11_608,chr11,60900000,60800000
chr11_609,chr11,61000000,60900000
chr11_610,chr11,61100000,61000000
chr11_611,chr11,61200000,61100000
chr11_612,chr11,61300000,61200000
chr11_613,chr11,61400000,61300000
chr11_614,chr11,61500000,61400000
chr11_615,chr11,61600000,61500000
chr11_616,chr11,61700000,61600000
chr11_617,chr11,61800000,61700000
chr11_618,chr11,61900000,61800000
chr11_619,chr11,62000000,61900000
chr11_620,chr11,62100000,62000000
chr11_621,chr11,62200000,62100000
chr11_622,chr11,62300000,62200000
chr11_623,chr11,62400000,62300000
chr11_624,chr11,62500000,62400000
chr11_625,chr11,62600000,62500000
chr11_626,chr11,62700000,62600000
chr11_627,chr11,62800000,62700000
chr11_628,chr11,62900000,62800000
chr11_629,chr11,63000000,62900000
chr11_630,chr11,63100000,63000000
chr11_631,chr11,63200000,63100000
chr11_632,chr11,63300000,63200000
chr11_633,chr11,63400000,63300000
chr11_634,chr11,63500000,63400000
chr11_635,chr11,63600000,63500000
chr11_636,chr11,63700000,63600000
chr11_637,chr11,63800000,63700000
chr11_638,chr11,63900000,63800000
chr11_639,chr11,64000000,63900000
chr11_640,chr11,64100000,64000000
chr11_641,chr11,64200000,64100000
chr11_642,chr11,64300000,64200000
chr11_643,chr11,64400000,64300000
chr11_644,chr11,64500000,64400000
chr11_645,chr11,64600000,64500000
chr11_646,chr11,64700000,64600000
chr11_647,chr11,64800000,64700000
chr11_648,chr11,64900000,64800000
chr11_649,chr11,65000000,64900000
chr11_650,chr11,65100000,65000000
chr11_651,chr11,65200000,65100000
chr11_652,chr11,65300000,65200000
chr11_653,chr11,65400000,65300000
chr11_654,chr11,65500000,65400000
chr11_655,chr11,65600000,65500000
chr11_656,chr11,65700000,65600000
chr11_657,chr11,65800000,65700000
chr11_658,chr11,65900000,65800000
chr11_659,chr11,66000000,65900000
chr11_660,chr11,66100000,66000000
chr11_661,chr11,66200000,66100000
chr11_662,chr11,66300000,66200000
chr11_663,chr11,66400000,66300000
chr11_664,chr11,66500000,66400000
chr11_665,chr11,66600000,66500000
chr11_666,chr11,66700000,66600000
chr11_667,chr11,66800000,66700000
chr11_668,chr11,66900000,66800000
chr11_669,chr11,67000000,66900000
chr11_670,chr11,67100000,67000000
chr11_671,chr11,67200000,67100000
chr11_672,chr11,67300000,67200000
chr11_673,chr11,67400000,67300000
chr11_674,chr11,67500000,67400000
chr11_675,chr11,67600000,67500000
chr11_676,chr11,67700000,67600000
chr11_677,chr11,67800000,67700000
chr11_678,chr11,67900000,67800000
chr11_679,chr11,68000000,67900000
chr11_680,chr11,68100000,68000000
chr11_681,chr11,68200000,68100000
chr11_682,chr11,68300000,68200000
chr11_683,chr11,68400000,68300000
chr11_684,chr11,68500000,68400000
chr11_685,chr11,68600000,68500000
chr11_686,chr11,68700000,68600000
chr11_687,chr11,68800000,68700000
chr11_688,chr11,68900000,68800000
chr11_689,chr11,69000000,68900000
chr11_690,chr11,69100000,69000000
chr11_691,chr11,69200000,69100000
chr11_692,chr11,69300000,69200000
chr11_693,chr11,69400000,69300000
chr11_694,chr11,69500000,69400000
chr11_695,chr11,69600000,69500000
chr11_696,chr11,69700000,69600000
chr11_697,chr11,69800000,69700000
chr11_698,chr11,69900000,69800000
chr11_699,chr11,70000000,69900000
chr11_700,chr11,70100000,70000000
chr11_701,chr11,70200000,70100000
chr11_702,chr11,70300000,70200000
chr11_703,chr11,70400000,70300000
chr11_704,chr11,70500000,70400000
chr11_705,chr11,70600000,70500000
chr11_706,chr11,70700000,70600000
chr11_707,chr11,70800000,70700000
chr11_708,chr11,70900000,70800000
chr11_709,chr11,71000000,70900000
chr11_710,chr11,71100000,71000000
chr11_711,chr11,71200000,71100000
chr11_712,chr11,71300000,71200000
chr11_713,chr11,71400000,71300000
chr11_714,chr11,71500000,71400000
chr11_715,chr11,71600000,71500000
chr11_716,chr11,71700000,71600000
chr11_717,chr11,71800000,71700000
chr11_718,chr11,71900000,71800000
chr11_719,chr11,72000000,71900000
chr11_720,chr11,72100000,72000000
chr11_721,chr11,72200000,72100000
chr11_722,chr11,72300000,72200000
chr11_723,chr11,72400000,72300000
chr11_724,chr11,72500000,72400000
chr11_725,chr11,72600000,72500000
chr11_726,chr11,72700000,72600000
chr11_727,chr11,72800000,72700000
chr11_728,chr11,72900000,72800000
chr11_729,chr11,73000000,72900000
chr11_730,chr11,73100000,73000000
chr11_731,chr11,73200000,73100000
chr11_732,chr11,73300000,73200000
chr11_733,chr11,73400000,73300000
chr11_734,chr11,73500000,73400000
chr11_735,chr11,73600000,73500000
chr11_736,chr11,73700000,73600000
chr11_737,chr11,73800000,73700000
chr11_738,chr11,73900000,73800000
chr11_739,chr11,74000000,73900000
chr11_740,chr11,74100000,74000000
chr11_741,chr11,74200000,74100000
chr11_742,chr11,74300000,74200000
chr11_743,chr11,74400000,74300000
chr11_744,chr11,74500000,74400000
chr11_745,chr11,74600000,74500000
chr11_746,chr11,74700000,74600000
chr11_747,chr11,74800000,74700000
chr11_748,chr11,74900000,74800000
chr11_749,chr11,75000000,74900000
chr11_750,chr11,75100000,75000000
chr11_751,chr11,75200000,75100000
chr11_752,chr11,75300000,75200000
chr11_753,chr11,75400000,75300000
chr11_754,chr11,75500000,75400000
chr11_755,chr11,75600000,75500000
chr11_756,chr11,75700000,75600000
chr11_757,chr11,75800000,75700000
chr11_758,chr11,75900000,75800000
chr11_759,chr11,76000000,75900000
chr11_760,chr11,76100000,76000000
chr11_761,chr11,76200000,76100000
chr11_762,chr11,76300000,76200000
chr11_763,chr11,76400000,76300000
chr11_764,chr11,76500000,76400000
chr11_765,chr11,76600000,76500000
chr11_766,chr11,76700000,76600000
chr11_767,chr11,76800000,76700000
chr11_768,chr11,76900000,76800000
chr11_769,chr11,77000000,76900000
chr11_770,chr11,77100000,77000000
chr11_771,chr11,77200000,77100000
chr11_772,chr11,77300000,77200000
chr11_773,chr11,77400000,77300000
chr11_774,chr11,77500000,77400000
chr11_775,chr11,77600000,77500000
chr11_776,chr11,77700000,77600000
chr11_777,chr11,77800000,77700000
chr11_778,chr11,77900000,77800000
chr11_779,chr11,78000000,77900000
chr11_780,chr11,78100000,78000000
chr11_781,chr11,78200000,78100000
chr11_782,chr11,78300000,78200000
chr11_783,chr11,78400000,78300000
chr11_784,chr11,78500000,78400000
chr11_785,chr11,78600000,78500000
chr11_786,chr11,78700000,78600000
chr11_787,chr11,78800000,78700000
chr11_788,chr11,78900000,78800000
chr11_789,chr11,79000000,78900000
chr11_790,chr11,79100000,79000000
chr11_791,chr11,79200000,79100000
chr11_792,chr11,79300000,79200000
chr11_793,chr11,79400000,79300000
chr11_794,chr11,79500000,79400000
chr11_795,chr11,79600000,79500000
chr11_796,chr11,79700000,79600000
chr11_797,chr11,79800000,79700000
chr11_798,chr11,79900000,79800000
chr11_799,chr11,80000000,79900000
chr11_800,chr11,80100000,80000000
chr11_801,chr11,80200000,80100000
chr11_802,chr11,80300000,80200000
chr11_803,chr11,80400000,80300000
chr11_804,chr11,80500000,80400000
chr11_805,chr11,80600000,80500000
chr11_806,chr11,80700000,80600000
chr11_807,chr11,80800000,80700000
chr11_808,chr11,80900000,80800000
chr11_809,chr11,81000000,80900000
chr11_810,chr11,81100000,81000000
chr11_811,chr11,81200000,81100000
chr11_812,chr11,81300000,81200000
chr11_813,chr11,81400000,81300000
chr11_814,chr11,81500000,81400000
chr11_815,chr11,81600000,81500000
chr11_816,chr11,81700000,81600000
chr11_817,chr11,81800000,81700000
chr11_818,chr11,81900000,81800000
chr11_819,chr11,82000000,81900000
chr11_820,chr11,82100000,82000000
chr11_821,chr11,82200000,82100000
chr11_822,chr11,82300000,82200000
chr11_823,chr11,82400000,82300000
chr11_824,chr11,82500000,82400000
chr11_825,chr11,82600000,82500000
chr11_826,chr11,82700000,82600000
chr11_827,chr11,82800000,82700000
chr11_828,chr11,82900000,82800000
chr11_829,chr11,83000000,82900000
chr11_830,chr11,83100000,83000000
chr11_831,chr11,83200000,83100000
chr11_832,chr11,83300000,83200000
chr11_833,chr11,83400000,83300000
chr11_834,chr11,83500000,83400000
chr11_835,chr11,83600000,83500000
chr11_836,chr11,83700000,83600000
chr11_837,chr11,83800000,83700000
chr11_838,chr11,83900000,83800000
chr11_839,chr11,84000000,83900000
chr11_840,chr11,84100000,84000000
chr11_841,chr11,84200000,84100000
chr11_842,chr11,84300000,84200000
chr11_843,chr11,84400000,84300000
chr11_844,chr11,84500000,84400000
chr11_845,chr11,84600000,84500000
chr11_846,chr11,84700000,84600000
chr11_847,chr11,84800000,84700000
chr11_848,chr11,84900000,84800000
chr11_849,chr11,85000000,84900000
chr11_850,chr11,85100000,85000000
chr11_851,chr11,85200000,85100000
chr11_852,chr11,85300000,85200000
chr11_853,chr11,85400000,85300000
chr11_854,chr11,85500000,85400000
chr11_855,chr11,85600000,85500000
chr11_856,chr11,85700000,85600000
chr11_857,chr11,85800000,85700000
chr11_858,chr11,85900000,85800000
chr11_859,chr11,86000000,85900000
chr11_860,chr11,86100000,86000000
chr11_861,chr11,86200000,86100000
chr11_862,chr11,86300000,86200000
chr11_863,chr11,86400000,86300000
chr11_864,chr11,86500000,86400000
chr11_865,chr11,86600000,86500000
chr11_866,chr11,86700000,86600000
chr11_867,chr11,86800000,86700000
chr11_868,chr11,86900000,86800000
chr11_869,chr11,87000000,86900000
chr11_870,chr11,87100000,87000000
chr11_871,chr11,87200000,87100000
chr11_872,chr11,87300000,87200000
chr11_873,chr11,87400000,87300000
chr11_874,chr11,87500000,87400000
chr11_875,chr11,87600000,87500000
chr11_876,chr11,87700000,87600000
chr11_877,chr11,87800000,87700000
chr11_878,chr11,87900000,87800000
chr11_879,chr11,88000000,87900000
chr11_880,chr11,88100000,88000000
chr11_881,chr11,88200000,88100000
chr11_882,chr11,88300000,88200000
chr11_883,chr11,88400000,88300000
chr11_884,chr11,88500000,88400000
chr11_885,chr11,88600000,88500000
chr11_886,chr11,88700000,88600000
chr11_887,chr11,88800000,88700000
chr11_888,chr11,88900000,88800000
chr11_889,chr11,89000000,88900000
chr11_890,chr11,89100000,89000000
chr11_891,chr11,89200000,89100000
chr11_892,chr11,89300000,89200000
chr11_893,chr11,89400000,89300000
chr11_894,chr11,89500000,89400000
chr11_895,chr11,89600000,89500000
chr11_896,chr11,89700000,89600000
chr11_897,chr11,89800000,89700000
chr11_898,chr11,89900000,89800000
chr11_899,chr11,90000000,89900000
chr11_900,chr11,90100000,90000000
chr11_901,chr11,90200000,90100000
chr11_902,chr11,90300000,90200000
chr11_903,chr11,90400000,90300000
chr11_904,chr11,90500000,90400000
chr11_905,chr11,90600000,90500000
chr11_906,chr11,90700000,90600000
chr11_907,chr11,90800000,90700000
chr11_908,chr11,90900000,90800000
chr11_909,chr11,91000000,90900000
chr11_910,chr11,91100000,91000000
chr11_911,chr11,91200000,91100000
chr11_912,chr11,91300000,91200000
chr11_913,chr11,91400000,91300000
chr11_914,chr11,91500000,91400000
chr11_915,chr11,91600000,91500000
chr11_916,chr11,91700000,91600000
chr11_917,chr11,91800000,91700000
chr11_918,chr11,91900000,91800000
chr11_919,chr11,92000000,91900000
chr11_920,chr11,92100000,92000000
chr11_921,chr11,92200000,92100000
chr11_922,chr11,92300000,92200000
chr11_923,chr11,92400000,92300000
chr11_924,chr11,92500000,92400000
chr11_925,chr11,92600000,92500000
chr11_926,chr11,92700000,92600000
chr11_927,chr11,92800000,92700000
chr11_928,chr11,92900000,92800000
chr11_929,chr11,93000000,92900000
chr11_930,chr11,93100000,93000000
chr11_931,chr11,93200000,93100000
chr11_932,chr11,93300000,93200000
chr11_933,chr11,93400000,93300000
chr11_934,chr11,93500000,93400000
chr11_935,chr11,93600000,93500000
chr11_936,chr11,93700000,93600000
chr11_937,chr11,93800000,93700000
chr11_938,chr11,93900000,93800000
chr11_939,chr11,94000000,93900000
chr11_940,chr11,94100000,94000000
chr11_941,chr11,94200000,94100000
chr11_942,chr11,94300000,94200000
chr11_943,chr11,94400000,94300000
chr11_944,chr11,94500000,94400000
chr11_945,chr11,94600000,94500000
chr11_946,chr11,94700000,94600000
chr11_947,chr11,94800000,94700000
chr11_948,chr11,94900000,94800000
chr11_949,chr11,95000000,94900000
chr11_950,chr11,95100000,95000000
chr11_951,chr11,95200000,95100000
chr11_952,chr11,95300000,95200000
chr11_953,chr11,95400000,95300000
chr11_954,chr11,95500000,95400000
chr11_955,chr11,95600000,95500000
chr11_956,chr11,95700000,95600000
chr11_957,chr11,95800000,95700000
chr11_958,chr11,95900000,95800000
chr11_959,chr11,96000000,95900000
chr11_960,chr11,96100000,96000000
chr11_961,chr11,96200000,96100000
chr11_962,chr11,96300000,96200000
chr11_963,chr11,96400000,96300000
chr11_964,chr11,96500000,96400000
chr11_965,chr11,96600000,96500000
chr11_966,chr11,96700000,96600000
chr11_967,chr11,96800000,96700000
chr11_968,chr11,96900000,96800000
chr11_969,chr11,97000000,96900000
chr11_970,chr11,97100000,97000000
chr11_971,chr11,97200000,97100000
chr11_972,chr11,97300000,97200000
chr11_973,chr11,97400000,97300000
chr11_974,chr11,97500000,97400000
chr11_975,chr11,97600000,97500000
chr11_976,chr11,97700000,97600000
chr11_977,chr11,97800000,97700000
chr11_978,chr11,97900000,97800000
chr11_979,chr11,98000000,97900000
chr11_980,chr11,98100000,98000000
chr11_981,chr11,98200000,98100000
chr11_982,chr11,98300000,98200000
chr11_983,chr11,98400000,98300000
chr11_984,chr11,98500000,98400000
chr11_985,chr11,98600000,98500000
chr11_986,chr11,98700000,98600000
chr11_987,chr11,98800000,98700000
chr11_988,chr11,98900000,98800000
chr11_989,chr11,99000000,98900000
chr11_990,chr11,99100000,99000000
chr11_991,chr11,99200000,99100000
chr11_992,chr11,99300000,99200000
chr11_993,chr11,99400000,99300000
chr11_994,chr11,99500000,99400000
chr11_995,chr11,99600000,99500000
chr11_996,chr11,99700000,99600000
chr11_997,chr11,99800000,99700000
chr11_998,chr11,99900000,99800000
chr11_999,chr11,100000000,99900000
chr11_1000,chr11,100100000,100000000
chr11_1001,chr11,100200000,100100000
chr11_1002,chr11,100300000,100200000
chr11_1003,chr11,100400000,100300000
chr11_1004,chr11,100500000,100400000
chr11_1005,chr11,100600000,100500000
chr11_1006,chr11,100700000,100600000
chr11_1007,chr11,100800000,100700000
chr11_1008,chr11,100900000,100800000
chr11_1009,chr11,101000000,100900000
chr11_1010,chr11,101100000,101000000
chr11_1011,chr11,101200000,101100000
chr11_1012,chr11,101300000,101200000
chr11_1013,chr11,101400000,101300000
chr11_1014,chr11,101500000,101400000
chr11_1015,chr11,101600000,101500000
chr11_1016,chr11,101700000,101600000
chr11_1017,chr11,101800000,101700000
chr11_1018,chr11,101900000,101800000
chr11_1019,chr11,102000000,101900000
chr11_1020,chr11,102100000,102000000
chr11_1021,chr11,102200000,102100000
chr11_1022,chr11,102300000,102200000
chr11_1023,chr11,102400000,102300000
chr11_1024,chr11,102500000,102400000
chr11_1025,chr11,102600000,102500000
chr11_1026,chr11,102700000,102600000
chr11_1027,chr11,102800000,102700000
chr11_1028,chr11,102900000,102800000
chr11_1029,chr11,103000000,102900000
chr11_1030,chr11,103100000,103000000
chr11_1031,chr11,103200000,103100000
chr11_1032,chr11,103300000,103200000
chr11_1033,chr11,103400000,103300000
chr11_1034,chr11,103500000,103400000
chr11_1035,chr11,103600000,103500000
chr11_1036,chr11,103700000,103600000
chr11_1037,chr11,103800000,103700000
chr11_1038,chr11,103900000,103800000
chr11_1039,chr11,104000000,103900000
chr11_1040,chr11,104100000,104000000
chr11_1041,chr11,104200000,104100000
chr11_1042,chr11,104300000,104200000
chr11_1043,chr11,104400000,104300000
chr11_1044,chr11,104500000,104400000
chr11_1045,chr11,104600000,104500000
chr11_1046,chr11,104700000,104600000
chr11_1047,chr11,104800000,104700000
chr11_1048,chr11,104900000,104800000
chr11_1049,chr11,105000000,104900000
chr11_1050,chr11,105100000,105000000
chr11_1051,chr11,105200000,105100000
chr11_1052,chr11,105300000,105200000
chr11_1053,chr11,105400000,105300000
chr11_1054,chr11,105500000,105400000
chr11_1055,chr11,105600000,105500000
chr11_1056,chr11,105700000,105600000
chr11_1057,chr11,105800000,105700000
chr11_1058,chr11,105900000,105800000
chr11_1059,chr11,106000000,105900000
chr11_1060,chr11,106100000,106000000
chr11_1061,chr11,106200000,106100000
chr11_1062,chr11,106300000,106200000
chr11_1063,chr11,106400000,106300000
chr11_1064,chr11,106500000,106400000
chr11_1065,chr11,106600000,106500000
chr11_1066,chr11,106700000,106600000
chr11_1067,chr11,106800000,106700000
chr11_1068,chr11,106900000,106800000
chr11_1069,chr11,107000000,106900000
chr11_1070,chr11,107100000,107000000
chr11_1071,chr11,107200000,107100000
chr11_1072,chr11,107300000,107200000
chr11_1073,chr11,107400000,107300000
chr11_1074,chr11,107500000,107400000
chr11_1075,chr11,107600000,107500000
chr11_1076,chr11,107700000,107600000
chr11_1077,chr11,107800000,107700000
chr11_1078,chr11,107900000,107800000
chr11_1079,chr11,108000000,107900000
chr11_1080,chr11,108100000,108000000
chr11_1081,chr11,108200000,108100000
chr11_1082,chr11,108300000,108200000
chr11_1083,chr11,108400000,108300000
chr11_1084,chr11,108500000,108400000
chr11_1085,chr11,108600000,108500000
chr11_1086,chr11,108700000,108600000
chr11_1087,chr11,108800000,108700000
chr11_1088,chr11,108900000,108800000
chr11_1089,chr11,109000000,108900000
chr11_1090,chr11,109100000,109000000
chr11_1091,chr11,109200000,109100000
chr11_1092,chr11,109300000,109200000
chr11_1093,chr11,109400000,109300000
chr11_1094,chr11,109500000,109400000
chr11_1095,chr11,109600000,109500000
chr11_1096,chr11,109700000,109600000
chr11_1097,chr11,109800000,109700000
chr11_1098,chr11,109900000,109800000
chr11_1099,chr11,110000000,109900000
chr11_1100,chr11,110100000,110000000
chr11_1101,chr11,110200000,110100000
chr11_1102,chr11,110300000,110200000
chr11_1103,chr11,110400000,110300000
chr11_1104,chr11,110500000,110400000
chr11_1105,chr11,110600000,110500000
chr11_1106,chr11,110700000,110600000
chr11_1107,chr11,110800000,110700000
chr11_1108,chr11,110900000,110800000
chr11_1109,chr11,111000000,110900000
chr11_1110,chr11,111100000,111000000
chr11_1111,chr11,111200000,111100000
chr11_1112,chr11,111300000,111200000
chr11_1113,chr11,111400000,111300000
chr11_1114,chr11,111500000,111400000
chr11_1115,chr11,111600000,111500000
chr11_1116,chr11,111700000,111600000
chr11_1117,chr11,111800000,111700000
chr11_1118,chr11,111900000,111800000
chr11_1119,chr11,112000000,111900000
chr11_1120,chr11,112100000,112000000
chr11_1121,chr11,112200000,112100000
chr11_1122,chr11,112300000,112200000
chr11_1123,chr11,112400000,112300000
chr11_1124,chr11,112500000,112400000
chr11_1125,chr11,112600000,112500000
chr11_1126,chr11,112700000,112600000
chr11_1127,chr11,112800000,112700000
chr11_1128,chr11,112900000,112800000
chr11_1129,chr11,113000000,112900000
chr11_1130,chr11,113100000,113000000
chr11_1131,chr11,113200000,113100000
chr11_1132,chr11,113300000,113200000
chr11_1133,chr11,113400000,113300000
chr11_1134,chr11,113500000,113400000
chr11_1135,chr11,113600000,113500000
chr11_1136,chr11,113700000,113600000
chr11_1137,chr11,113800000,113700000
chr11_1138,chr11,113900000,113800000
chr11_1139,chr11,114000000,113900000
chr11_1140,chr11,114100000,114000000
chr11_1141,chr11,114200000,114100000
chr11_1142,chr11,114300000,114200000
chr11_1143,chr11,114400000,114300000
chr11_1144,chr11,114500000,114400000
chr11_1145,chr11,114600000,114500000
chr11_1146,chr11,114700000,114600000
chr11_1147,chr11,114800000,114700000
chr11_1148,chr11,114900000,114800000
chr11_1149,chr11,115000000,114900000
chr11_1150,chr11,115100000,115000000
chr11_1151,chr11,115200000,115100000
chr11_1152,chr11,115300000,115200000
chr11_1153,chr11,115400000,115300000
chr11_1154,chr11,115500000,115400000
chr11_1155,chr11,115600000,115500000
chr11_1156,chr11,115700000,115600000
chr11_1157,chr11,115800000,115700000
chr11_1158,chr11,115900000,115800000
chr11_1159,chr11,116000000,115900000
chr11_1160,chr11,116100000,116000000
chr11_1161,chr11,116200000,116100000
chr11_1162,chr11,116300000,116200000
chr11_1163,chr11,116400000,116300000
chr11_1164,chr11,116500000,116400000
chr11_1165,chr11,116600000,116500000
chr11_1166,chr11,116700000,116600000
chr11_1167,chr11,116800000,116700000
chr11_1168,chr11,116900000,116800000
chr11_1169,chr11,117000000,116900000
chr11_1170,chr11,117100000,117000000
chr11_1171,chr11,117200000,117100000
chr11_1172,chr11,117300000,117200000
chr11_1173,chr11,117400000,117300000
chr11_1174,chr11,117500000,117400000
chr11_1175,chr11,117600000,117500000
chr11_1176,chr11,117700000,117600000
chr11_1177,chr11,117800000,117700000
chr11_1178,chr11,117900000,117800000
chr11_1179,chr11,118000000,117900000
chr11_1180,chr11,118100000,118000000
chr11_1181,chr11,118200000,118100000
chr11_1182,chr11,118300000,118200000
chr11_1183,chr11,118400000,118300000
chr11_1184,chr11,118500000,118400000
chr11_1185,chr11,118600000,118500000
chr11_1186,chr11,118700000,118600000
chr11_1187,chr11,118800000,118700000
chr11_1188,chr11,118900000,118800000
chr11_1189,chr11,119000000,118900000
chr11_1190,chr11,119100000,119000000
chr11_1191,chr11,119200000,119100000
chr11_1192,chr11,119300000,119200000
chr11_1193,chr11,119400000,119300000
chr11_1194,chr11,119500000,119400000
chr11_1195,chr11,119600000,119500000
chr11_1196,chr11,119700000,119600000
chr11_1197,chr11,119800000,119700000
chr11_1198,chr11,119900000,119800000
chr11_1199,chr11,120000000,119900000
chr11_1200,chr11,120100000,120000000
chr11_1201,chr11,120200000,120100000
chr11_1202,chr11,120300000,120200000
chr11_1203,chr11,120400000,120300000
chr11_1204,chr11,120500000,120400000
chr11_1205,chr11,120600000,120500000
chr11_1206,chr11,120700000,120600000
chr11_1207,chr11,120800000,120700000
chr11_1208,chr11,120900000,120800000
chr11_1209,chr11,121000000,120900000
chr11_1210,chr11,121100000,121000000
chr11_1211,chr11,121200000,121100000
chr11_1212,chr11,121300000,121200000
chr11_1213,chr11,121400000,121300000
chr11_1214,chr11,121500000,121400000
chr11_1215,chr11,121600000,121500000
chr11_1216,chr11,121700000,121600000
chr11_1217,chr11,121800000,121700000
chr11_1218,chr11,121900000,121800000
chr11_1219,chr11,122000000,121900000
chr11_1220,chr11,122082543,122000000
chr12_0,chr12,100000,0
chr12_1,chr12,200000,100000
chr12_2,chr12,300000,200000
chr12_3,chr12,400000,300000
chr12_4,chr12,500000,400000
chr12_5,chr12,600000,500000
chr12_6,chr12,700000,600000
chr12_7,chr12,800000,700000
chr12_8,chr12,900000,800000
chr12_9,chr12,1000000,900000
chr12_10,chr12,1100000,1000000
chr12_11,chr12,1200000,1100000
chr12_12,chr12,1300000,1200000
chr12_13,chr12,1400000,1300000
chr12_14,chr12,1500000,1400000
chr12_15,chr12,1600000,1500000
chr12_16,chr12,1700000,1600000
chr12_17,chr12,1800000,1700000
chr12_18,chr12,1900000,1800000
chr12_19,chr12,2000000,1900000
chr12_20,chr12,2100000,2000000
chr12_21,chr12,2200000,2100000
chr12_22,chr12,2300000,2200000
chr12_23,chr12,2400000,2300000
chr12_24,chr12,2500000,2400000
chr12_25,chr12,2600000,2500000
chr12_26,chr12,2700000,2600000
chr12_27,chr12,2800000,2700000
chr12_28,chr12,2900000,2800000
chr12_29,chr12,3000000,2900000
chr12_30,chr12,3100000,3000000
chr12_31,chr12,3200000,3100000
chr12_32,chr12,3300000,3200000
chr12_33,chr12,3400000,3300000
chr12_34,chr12,3500000,3400000
chr12_35,chr12,3600000,3500000
chr12_36,chr12,3700000,3600000
chr12_37,chr12,3800000,3700000
chr12_38,chr12,3900000,3800000
chr12_39,chr12,4000000,3900000
chr12_40,chr12,4100000,4000000
chr12_41,chr12,4200000,4100000
chr12_42,chr12,4300000,4200000
chr12_43,chr12,4400000,4300000
chr12_44,chr12,4500000,4400000
chr12_45,chr12,4600000,4500000
chr12_46,chr12,4700000,4600000
chr12_47,chr12,4800000,4700000
chr12_48,chr12,4900000,4800000
chr12_49,chr12,5000000,4900000
chr12_50,chr12,5100000,5000000
chr12_51,chr12,5200000,5100000
chr12_52,chr12,5300000,5200000
chr12_53,chr12,5400000,5300000
chr12_54,chr12,5500000,5400000
chr12_55,chr12,5600000,5500000
chr12_56,chr12,5700000,5600000
chr12_57,chr12,5800000,5700000
chr12_58,chr12,5900000,5800000
chr12_59,chr12,6000000,5900000
chr12_60,chr12,6100000,6000000
chr12_61,chr12,6200000,6100000
chr12_62,chr12,6300000,6200000
chr12_63,chr12,6400000,6300000
chr12_64,chr12,6500000,6400000
chr12_65,chr12,6600000,6500000
chr12_66,chr12,6700000,6600000
chr12_67,chr12,6800000,6700000
chr12_68,chr12,6900000,6800000
chr12_69,chr12,7000000,6900000
chr12_70,chr12,7100000,7000000
chr12_71,chr12,7200000,7100000
chr12_72,chr12,7300000,7200000
chr12_73,chr12,7400000,7300000
chr12_74,chr12,7500000,7400000
chr12_75,chr12,7600000,7500000
chr12_76,chr12,7700000,7600000
chr12_77,chr12,7800000,7700000
chr12_78,chr12,7900000,7800000
chr12_79,chr12,8000000,7900000
chr12_80,chr12,8100000,8000000
chr12_81,chr12,8200000,8100000
chr12_82,chr12,8300000,8200000
chr12_83,chr12,8400000,8300000
chr12_84,chr12,8500000,8400000
chr12_85,chr12,8600000,8500000
chr12_86,chr12,8700000,8600000
chr12_87,chr12,8800000,8700000
chr12_88,chr12,8900000,8800000
chr12_89,chr12,9000000,8900000
chr12_90,chr12,9100000,9000000
chr12_91,chr12,9200000,9100000
chr12_92,chr12,9300000,9200000
chr12_93,chr12,9400000,9300000
chr12_94,chr12,9500000,9400000
chr12_95,chr12,9600000,9500000
chr12_96,chr12,9700000,9600000
chr12_97,chr12,9800000,9700000
chr12_98,chr12,9900000,9800000
chr12_99,chr12,10000000,9900000
chr12_100,chr12,10100000,10000000
chr12_101,chr12,10200000,10100000
chr12_102,chr12,10300000,10200000
chr12_103,chr12,10400000,10300000
chr12_104,chr12,10500000,10400000
chr12_105,chr12,10600000,10500000
chr12_106,chr12,10700000,10600000
chr12_107,chr12,10800000,10700000
chr12_108,chr12,10900000,10800000
chr12_109,chr12,11000000,10900000
chr12_110,chr12,11100000,11000000
chr12_111,chr12,11200000,11100000
chr12_112,chr12,11300000,11200000
chr12_113,chr12,11400000,11300000
chr12_114,chr12,11500000,11400000
chr12_115,chr12,11600000,11500000
chr12_116,chr12,11700000,11600000
chr12_117,chr12,11800000,11700000
chr12_118,chr12,11900000,11800000
chr12_119,chr12,12000000,11900000
chr12_120,chr12,12100000,12000000
chr12_121,chr12,12200000,12100000
chr12_122,chr12,12300000,12200000
chr12_123,chr12,12400000,12300000
chr12_124,chr12,12500000,12400000
chr12_125,chr12,12600000,12500000
chr12_126,chr12,12700000,12600000
chr12_127,chr12,12800000,12700000
chr12_128,chr12,12900000,12800000
chr12_129,chr12,13000000,12900000
chr12_130,chr12,13100000,13000000
chr12_131,chr12,13200000,13100000
chr12_132,chr12,13300000,13200000
chr12_133,chr12,13400000,13300000
chr12_134,chr12,13500000,13400000
chr12_135,chr12,13600000,13500000
chr12_136,chr12,13700000,13600000
chr12_137,chr12,13800000,13700000
chr12_138,chr12,13900000,13800000
chr12_139,chr12,14000000,13900000
chr12_140,chr12,14100000,14000000
chr12_141,chr12,14200000,14100000
chr12_142,chr12,14300000,14200000
chr12_143,chr12,14400000,14300000
chr12_144,chr12,14500000,14400000
chr12_145,chr12,14600000,14500000
chr12_146,chr12,14700000,14600000
chr12_147,chr12,14800000,14700000
chr12_148,chr12,14900000,14800000
chr12_149,chr12,15000000,14900000
chr12_150,chr12,15100000,15000000
chr12_151,chr12,15200000,15100000
chr12_152,chr12,15300000,15200000
chr12_153,chr12,15400000,15300000
chr12_154,chr12,15500000,15400000
chr12_155,chr12,15600000,15500000
chr12_156,chr12,15700000,15600000
chr12_157,chr12,15800000,15700000
chr12_158,chr12,15900000,15800000
chr12_159,chr12,16000000,15900000
chr12_160,chr12,16100000,16000000
chr12_161,chr12,16200000,16100000
chr12_162,chr12,16300000,16200000
chr12_163,chr12,16400000,16300000
chr12_164,chr12,16500000,16400000
chr12_165,chr12,16600000,16500000
chr12_166,chr12,16700000,16600000
chr12_167,chr12,16800000,16700000
chr12_168,chr12,16900000,16800000
chr12_169,chr12,17000000,16900000
chr12_170,chr12,17100000,17000000
chr12_171,chr12,17200000,17100000
chr12_172,chr12,17300000,17200000
chr12_173,chr12,17400000,17300000
chr12_174,chr12,17500000,17400000
chr12_175,chr12,17600000,17500000
chr12_176,chr12,17700000,17600000
chr12_177,chr12,17800000,17700000
chr12_178,chr12,17900000,17800000
chr12_179,chr12,18000000,17900000
chr12_180,chr12,18100000,18000000
chr12_181,chr12,18200000,18100000
chr12_182,chr12,18300000,18200000
chr12_183,chr12,18400000,18300000
chr12_184,chr12,18500000,18400000
chr12_185,chr12,18600000,18500000
chr12_186,chr12,18700000,18600000
chr12_187,chr12,18800000,18700000
chr12_188,chr12,18900000,18800000
chr12_189,chr12,19000000,18900000
chr12_190,chr12,19100000,19000000
chr12_191,chr12,19200000,19100000
chr12_192,chr12,19300000,19200000
chr12_193,chr12,19400000,19300000
chr12_194,chr12,19500000,19400000
chr12_195,chr12,19600000,19500000
chr12_196,chr12,19700000,19600000
chr12_197,chr12,19800000,19700000
chr12_198,chr12,19900000,19800000
chr12_199,chr12,20000000,19900000
chr12_200,chr12,20100000,20000000
chr12_201,chr12,20200000,20100000
chr12_202,chr12,20300000,20200000
chr12_203,chr12,20400000,20300000
chr12_204,chr12,20500000,20400000
chr12_205,chr12,20600000,20500000
chr12_206,chr12,20700000,20600000
chr12_207,chr12,20800000,20700000
chr12_208,chr12,20900000,20800000
chr12_209,chr12,21000000,20900000
chr12_210,chr12,21100000,21000000
chr12_211,chr12,21200000,21100000
chr12_212,chr12,21300000,21200000
chr12_213,chr12,21400000,21300000
chr12_214,chr12,21500000,21400000
chr12_215,chr12,21600000,21500000
chr12_216,chr12,21700000,21600000
chr12_217,chr12,21800000,21700000
chr12_218,chr12,21900000,21800000
chr12_219,chr12,22000000,21900000
chr12_220,chr12,22100000,22000000
chr12_221,chr12,22200000,22100000
chr12_222,chr12,22300000,22200000
chr12_223,chr12,22400000,22300000
chr12_224,chr12,22500000,22400000
chr12_225,chr12,22600000,22500000
chr12_226,chr12,22700000,22600000
chr12_227,chr12,22800000,22700000
chr12_228,chr12,22900000,22800000
chr12_229,chr12,23000000,22900000
chr12_230,chr12,23100000,23000000
chr12_231,chr12,23200000,23100000
chr12_232,chr12,23300000,23200000
chr12_233,chr12,23400000,23300000
chr12_234,chr12,23500000,23400000
chr12_235,chr12,23600000,23500000
chr12_236,chr12,23700000,23600000
chr12_237,chr12,23800000,23700000
chr12_238,chr12,23900000,23800000
chr12_239,chr12,24000000,23900000
chr12_240,chr12,24100000,24000000
chr12_241,chr12,24200000,24100000
chr12_242,chr12,24300000,24200000
chr12_243,chr12,24400000,24300000
chr12_244,chr12,24500000,24400000
chr12_245,chr12,24600000,24500000
chr12_246,chr12,24700000,24600000
chr12_247,chr12,24800000,24700000
chr12_248,chr12,24900000,24800000
chr12_249,chr12,25000000,24900000
chr12_250,chr12,25100000,25000000
chr12_251,chr12,25200000,25100000
chr12_252,chr12,25300000,25200000
chr12_253,chr12,25400000,25300000
chr12_254,chr12,25500000,25400000
chr12_255,chr12,25600000,25500000
chr12_256,chr12,25700000,25600000
chr12_257,chr12,25800000,25700000
chr12_258,chr12,25900000,25800000
chr12_259,chr12,26000000,25900000
chr12_260,chr12,26100000,26000000
chr12_261,chr12,26200000,26100000
chr12_262,chr12,26300000,26200000
chr12_263,chr12,26400000,26300000
chr12_264,chr12,26500000,26400000
chr12_265,chr12,26600000,26500000
chr12_266,chr12,26700000,26600000
chr12_267,chr12,26800000,26700000
chr12_268,chr12,26900000,26800000
chr12_269,chr12,27000000,26900000
chr12_270,chr12,27100000,27000000
chr12_271,chr12,27200000,27100000
chr12_272,chr12,27300000,27200000
chr12_273,chr12,27400000,27300000
chr12_274,chr12,27500000,27400000
chr12_275,chr12,27600000,27500000
chr12_276,chr12,27700000,27600000
chr12_277,chr12,27800000,27700000
chr12_278,chr12,27900000,27800000
chr12_279,chr12,28000000,27900000
chr12_280,chr12,28100000,28000000
chr12_281,chr12,28200000,28100000
chr12_282,chr12,28300000,28200000
chr12_283,chr12,28400000,28300000
chr12_284,chr12,28500000,28400000
chr12_285,chr12,28600000,28500000
chr12_286,chr12,28700000,28600000
chr12_287,chr12,28800000,28700000
chr12_288,chr12,28900000,28800000
chr12_289,chr12,29000000,28900000
chr12_290,chr12,29100000,29000000
chr12_291,chr12,29200000,29100000
chr12_292,chr12,29300000,29200000
chr12_293,chr12,29400000,29300000
chr12_294,chr12,29500000,29400000
chr12_295,chr12,29600000,29500000
chr12_296,chr12,29700000,29600000
chr12_297,chr12,29800000,29700000
chr12_298,chr12,29900000,29800000
chr12_299,chr12,30000000,29900000
chr12_300,chr12,30100000,30000000
chr12_301,chr12,30200000,30100000
chr12_302,chr12,30300000,30200000
chr12_303,chr12,30400000,30300000
chr12_304,chr12,30500000,30400000
chr12_305,chr12,30600000,30500000
chr12_306,chr12,30700000,30600000
chr12_307,chr12,30800000,30700000
chr12_308,chr12,30900000,30800000
chr12_309,chr12,31000000,30900000
chr12_310,chr12,31100000,31000000
chr12_311,chr12,31200000,31100000
chr12_312,chr12,31300000,31200000
chr12_313,chr12,31400000,31300000
chr12_314,chr12,31500000,31400000
chr12_315,chr12,31600000,31500000
chr12_316,chr12,31700000,31600000
chr12_317,chr12,31800000,31700000
chr12_318,chr12,31900000,31800000
chr12_319,chr12,32000000,31900000
chr12_320,chr12,32100000,32000000
chr12_321,chr12,32200000,32100000
chr12_322,chr12,32300000,32200000
chr12_323,chr12,32400000,32300000
chr12_324,chr12,32500000,32400000
chr12_325,chr12,32600000,32500000
chr12_326,chr12,32700000,32600000
chr12_327,chr12,32800000,32700000
chr12_328,chr12,32900000,32800000
chr12_329,chr12,33000000,32900000
chr12_330,chr12,33100000,33000000
chr12_331,chr12,33200000,33100000
chr12_332,chr12,33300000,33200000
chr12_333,chr12,33400000,33300000
chr12_334,chr12,33500000,33400000
chr12_335,chr12,33600000,33500000
chr12_336,chr12,33700000,33600000
chr12_337,chr12,33800000,33700000
chr12_338,chr12,33900000,33800000
chr12_339,chr12,34000000,33900000
chr12_340,chr12,34100000,34000000
chr12_341,chr12,34200000,34100000
chr12_342,chr12,34300000,34200000
chr12_343,chr12,34400000,34300000
chr12_344,chr12,34500000,34400000
chr12_345,chr12,34600000,34500000
chr12_346,chr12,34700000,34600000
chr12_347,chr12,34800000,34700000
chr12_348,chr12,34900000,34800000
chr12_349,chr12,35000000,34900000
chr12_350,chr12,35100000,35000000
chr12_351,chr12,35200000,35100000
chr12_352,chr12,35300000,35200000
chr12_353,chr12,35400000,35300000
chr12_354,chr12,35500000,35400000
chr12_355,chr12,35600000,35500000
chr12_356,chr12,35700000,35600000
chr12_357,chr12,35800000,35700000
chr12_358,chr12,35900000,35800000
chr12_359,chr12,36000000,35900000
chr12_360,chr12,36100000,36000000
chr12_361,chr12,36200000,36100000
chr12_362,chr12,36300000,36200000
chr12_363,chr12,36400000,36300000
chr12_364,chr12,36500000,36400000
chr12_365,chr12,36600000,36500000
chr12_366,chr12,36700000,36600000
chr12_367,chr12,36800000,36700000
chr12_368,chr12,36900000,36800000
chr12_369,chr12,37000000,36900000
chr12_370,chr12,37100000,37000000
chr12_371,chr12,37200000,37100000
chr12_372,chr12,37300000,37200000
chr12_373,chr12,37400000,37300000
chr12_374,chr12,37500000,37400000
chr12_375,chr12,37600000,37500000
chr12_376,chr12,37700000,37600000
chr12_377,chr12,37800000,37700000
chr12_378,chr12,37900000,37800000
chr12_379,chr12,38000000,37900000
chr12_380,chr12,38100000,38000000
chr12_381,chr12,38200000,38100000
chr12_382,chr12,38300000,38200000
chr12_383,chr12,38400000,38300000
chr12_384,chr12,38500000,38400000
chr12_385,chr12,38600000,38500000
chr12_386,chr12,38700000,38600000
chr12_387,chr12,38800000,38700000
chr12_388,chr12,38900000,38800000
chr12_389,chr12,39000000,38900000
chr12_390,chr12,39100000,39000000
chr12_391,chr12,39200000,39100000
chr12_392,chr12,39300000,39200000
chr12_393,chr12,39400000,39300000
chr12_394,chr12,39500000,39400000
chr12_395,chr12,39600000,39500000
chr12_396,chr12,39700000,39600000
chr12_397,chr12,39800000,39700000
chr12_398,chr12,39900000,39800000
chr12_399,chr12,40000000,39900000
chr12_400,chr12,40100000,40000000
chr12_401,chr12,40200000,40100000
chr12_402,chr12,40300000,40200000
chr12_403,chr12,40400000,40300000
chr12_404,chr12,40500000,40400000
chr12_405,chr12,40600000,40500000
chr12_406,chr12,40700000,40600000
chr12_407,chr12,40800000,40700000
chr12_408,chr12,40900000,40800000
chr12_409,chr12,41000000,40900000
chr12_410,chr12,41100000,41000000
chr12_411,chr12,41200000,41100000
chr12_412,chr12,41300000,41200000
chr12_413,chr12,41400000,41300000
chr12_414,chr12,41500000,41400000
chr12_415,chr12,41600000,41500000
chr12_416,chr12,41700000,41600000
chr12_417,chr12,41800000,41700000
chr12_418,chr12,41900000,41800000
chr12_419,chr12,42000000,41900000
chr12_420,chr12,42100000,42000000
chr12_421,chr12,42200000,42100000
chr12_422,chr12,42300000,42200000
chr12_423,chr12,42400000,42300000
chr12_424,chr12,42500000,42400000
chr12_425,chr12,42600000,42500000
chr12_426,chr12,42700000,42600000
chr12_427,chr12,42800000,42700000
chr12_428,chr12,42900000,42800000
chr12_429,chr12,43000000,42900000
chr12_430,chr12,43100000,43000000
chr12_431,chr12,43200000,43100000
chr12_432,chr12,43300000,43200000
chr12_433,chr12,43400000,43300000
chr12_434,chr12,43500000,43400000
chr12_435,chr12,43600000,43500000
chr12_436,chr12,43700000,43600000
chr12_437,chr12,43800000,43700000
chr12_438,chr12,43900000,43800000
chr12_439,chr12,44000000,43900000
chr12_440,chr12,44100000,44000000
chr12_441,chr12,44200000,44100000
chr12_442,chr12,44300000,44200000
chr12_443,chr12,44400000,44300000
chr12_444,chr12,44500000,44400000
chr12_445,chr12,44600000,44500000
chr12_446,chr12,44700000,44600000
chr12_447,chr12,44800000,44700000
chr12_448,chr12,44900000,44800000
chr12_449,chr12,45000000,44900000
chr12_450,chr12,45100000,45000000
chr12_451,chr12,45200000,45100000
chr12_452,chr12,45300000,45200000
chr12_453,chr12,45400000,45300000
chr12_454,chr12,45500000,45400000
chr12_455,chr12,45600000,45500000
chr12_456,chr12,45700000,45600000
chr12_457,chr12,45800000,45700000
chr12_458,chr12,45900000,45800000
chr12_459,chr12,46000000,45900000
chr12_460,chr12,46100000,46000000
chr12_461,chr12,46200000,46100000
chr12_462,chr12,46300000,46200000
chr12_463,chr12,46400000,46300000
chr12_464,chr12,46500000,46400000
chr12_465,chr12,46600000,46500000
chr12_466,chr12,46700000,46600000
chr12_467,chr12,46800000,46700000
chr12_468,chr12,46900000,46800000
chr12_469,chr12,47000000,46900000
chr12_470,chr12,47100000,47000000
chr12_471,chr12,47200000,47100000
chr12_472,chr12,47300000,47200000
chr12_473,chr12,47400000,47300000
chr12_474,chr12,47500000,47400000
chr12_475,chr12,47600000,47500000
chr12_476,chr12,47700000,47600000
chr12_477,chr12,47800000,47700000
chr12_478,chr12,47900000,47800000
chr12_479,chr12,48000000,47900000
chr12_480,chr12,48100000,48000000
chr12_481,chr12,48200000,48100000
chr12_482,chr12,48300000,48200000
chr12_483,chr12,48400000,48300000
chr12_484,chr12,48500000,48400000
chr12_485,chr12,48600000,48500000
chr12_486,chr12,48700000,48600000
chr12_487,chr12,48800000,48700000
chr12_488,chr12,48900000,48800000
chr12_489,chr12,49000000,48900000
chr12_490,chr12,49100000,49000000
chr12_491,chr12,49200000,49100000
chr12_492,chr12,49300000,49200000
chr12_493,chr12,49400000,49300000
chr12_494,chr12,49500000,49400000
chr12_495,chr12,49600000,49500000
chr12_496,chr12,49700000,49600000
chr12_497,chr12,49800000,49700000
chr12_498,chr12,49900000,49800000
chr12_499,chr12,50000000,49900000
chr12_500,chr12,50100000,50000000
chr12_501,chr12,50200000,50100000
chr12_502,chr12,50300000,50200000
chr12_503,chr12,50400000,50300000
chr12_504,chr12,50500000,50400000
chr12_505,chr12,50600000,50500000
chr12_506,chr12,50700000,50600000
chr12_507,chr12,50800000,50700000
chr12_508,chr12,50900000,50800000
chr12_509,chr12,51000000,50900000
chr12_510,chr12,51100000,51000000
chr12_511,chr12,51200000,51100000
chr12_512,chr12,51300000,51200000
chr12_513,chr12,51400000,51300000
chr12_514,chr12,51500000,51400000
chr12_515,chr12,51600000,51500000
chr12_516,chr12,51700000,51600000
chr12_517,chr12,51800000,51700000
chr12_518,chr12,51900000,51800000
chr12_519,chr12,52000000,51900000
chr12_520,chr12,52100000,52000000
chr12_521,chr12,52200000,52100000
chr12_522,chr12,52300000,52200000
chr12_523,chr12,52400000,52300000
chr12_524,chr12,52500000,52400000
chr12_525,chr12,52600000,52500000
chr12_526,chr12,52700000,52600000
chr12_527,chr12,52800000,52700000
chr12_528,chr12,52900000,52800000
chr12_529,chr12,53000000,52900000
chr12_530,chr12,53100000,53000000
chr12_531,chr12,53200000,53100000
chr12_532,chr12,53300000,53200000
chr12_533,chr12,53400000,53300000
chr12_534,chr12,53500000,53400000
chr12_535,chr12,53600000,53500000
chr12_536,chr12,53700000,53600000
chr12_537,chr12,53800000,53700000
chr12_538,chr12,53900000,53800000
chr12_539,chr12,54000000,53900000
chr12_540,chr12,54100000,54000000
chr12_541,chr12,54200000,54100000
chr12_542,chr12,54300000,54200000
chr12_543,chr12,54400000,54300000
chr12_544,chr12,54500000,54400000
chr12_545,chr12,54600000,54500000
chr12_546,chr12,54700000,54600000
chr12_547,chr12,54800000,54700000
chr12_548,chr12,54900000,54800000
chr12_549,chr12,55000000,54900000
chr12_550,chr12,55100000,55000000
chr12_551,chr12,55200000,55100000
chr12_552,chr12,55300000,55200000
chr12_553,chr12,55400000,55300000
chr12_554,chr12,55500000,55400000
chr12_555,chr12,55600000,55500000
chr12_556,chr12,55700000,55600000
chr12_557,chr12,55800000,55700000
chr12_558,chr12,55900000,55800000
chr12_559,chr12,56000000,55900000
chr12_560,chr12,56100000,56000000
chr12_561,chr12,56200000,56100000
chr12_562,chr12,56300000,56200000
chr12_563,chr12,56400000,56300000
chr12_564,chr12,56500000,56400000
chr12_565,chr12,56600000,56500000
chr12_566,chr12,56700000,56600000
chr12_567,chr12,56800000,56700000
chr12_568,chr12,56900000,56800000
chr12_569,chr12,57000000,56900000
chr12_570,chr12,57100000,57000000
chr12_571,chr12,57200000,57100000
chr12_572,chr12,57300000,57200000
chr12_573,chr12,57400000,57300000
chr12_574,chr12,57500000,57400000
chr12_575,chr12,57600000,57500000
chr12_576,chr12,57700000,57600000
chr12_577,chr12,57800000,57700000
chr12_578,chr12,57900000,57800000
chr12_579,chr12,58000000,57900000
chr12_580,chr12,58100000,58000000
chr12_581,chr12,58200000,58100000
chr12_582,chr12,58300000,58200000
chr12_583,chr12,58400000,58300000
chr12_584,chr12,58500000,58400000
chr12_585,chr12,58600000,58500000
chr12_586,chr12,58700000,58600000
chr12_587,chr12,58800000,58700000
chr12_588,chr12,58900000,58800000
chr12_589,chr12,59000000,58900000
chr12_590,chr12,59100000,59000000
chr12_591,chr12,59200000,59100000
chr12_592,chr12,59300000,59200000
chr12_593,chr12,59400000,59300000
chr12_594,chr12,59500000,59400000
chr12_595,chr12,59600000,59500000
chr12_596,chr12,59700000,59600000
chr12_597,chr12,59800000,59700000
chr12_598,chr12,59900000,59800000
chr12_599,chr12,60000000,59900000
chr12_600,chr12,60100000,60000000
chr12_601,chr12,60200000,60100000
chr12_602,chr12,60300000,60200000
chr12_603,chr12,60400000,60300000
chr12_604,chr12,60500000,60400000
chr12_605,chr12,60600000,60500000
chr12_606,chr12,60700000,60600000
chr12_607,chr12,60800000,60700000
chr12_608,chr12,60900000,60800000
chr12_609,chr12,61000000,60900000
chr12_610,chr12,61100000,61000000
chr12_611,chr12,61200000,61100000
chr12_612,chr12,61300000,61200000
chr12_613,chr12,61400000,61300000
chr12_614,chr12,61500000,61400000
chr12_615,chr12,61600000,61500000
chr12_616,chr12,61700000,61600000
chr12_617,chr12,61800000,61700000
chr12_618,chr12,61900000,61800000
chr12_619,chr12,62000000,61900000
chr12_620,chr12,62100000,62000000
chr12_621,chr12,62200000,62100000
chr12_622,chr12,62300000,62200000
chr12_623,chr12,62400000,62300000
chr12_624,chr12,62500000,62400000
chr12_625,chr12,62600000,62500000
chr12_626,chr12,62700000,62600000
chr12_627,chr12,62800000,62700000
chr12_628,chr12,62900000,62800000
chr12_629,chr12,63000000,62900000
chr12_630,chr12,63100000,63000000
chr12_631,chr12,63200000,63100000
chr12_632,chr12,63300000,63200000
chr12_633,chr12,63400000,63300000
chr12_634,chr12,63500000,63400000
chr12_635,chr12,63600000,63500000
chr12_636,chr12,63700000,63600000
chr12_637,chr12,63800000,63700000
chr12_638,chr12,63900000,63800000
chr12_639,chr12,64000000,63900000
chr12_640,chr12,64100000,64000000
chr12_641,chr12,64200000,64100000
chr12_642,chr12,64300000,64200000
chr12_643,chr12,64400000,64300000
chr12_644,chr12,64500000,64400000
chr12_645,chr12,64600000,64500000
chr12_646,chr12,64700000,64600000
chr12_647,chr12,64800000,64700000
chr12_648,chr12,64900000,64800000
chr12_649,chr12,65000000,64900000
chr12_650,chr12,65100000,65000000
chr12_651,chr12,65200000,65100000
chr12_652,chr12,65300000,65200000
chr12_653,chr12,65400000,65300000
chr12_654,chr12,65500000,65400000
chr12_655,chr12,65600000,65500000
chr12_656,chr12,65700000,65600000
chr12_657,chr12,65800000,65700000
chr12_658,chr12,65900000,65800000
chr12_659,chr12,66000000,65900000
chr12_660,chr12,66100000,66000000
chr12_661,chr12,66200000,66100000
chr12_662,chr12,66300000,66200000
chr12_663,chr12,66400000,66300000
chr12_664,chr12,66500000,66400000
chr12_665,chr12,66600000,66500000
chr12_666,chr12,66700000,66600000
chr12_667,chr12,66800000,66700000
chr12_668,chr12,66900000,66800000
chr12_669,chr12,67000000,66900000
chr12_670,chr12,67100000,67000000
chr12_671,chr12,67200000,67100000
chr12_672,chr12,67300000,67200000
chr12_673,chr12,67400000,67300000
chr12_674,chr12,67500000,67400000
chr12_675,chr12,67600000,67500000
chr12_676,chr12,67700000,67600000
chr12_677,chr12,67800000,67700000
chr12_678,chr12,67900000,67800000
chr12_679,chr12,68000000,67900000
chr12_680,chr12,68100000,68000000
chr12_681,chr12,68200000,68100000
chr12_682,chr12,68300000,68200000
chr12_683,chr12,68400000,68300000
chr12_684,chr12,68500000,68400000
chr12_685,chr12,68600000,68500000
chr12_686,chr12,68700000,68600000
chr12_687,chr12,68800000,68700000
chr12_688,chr12,68900000,68800000
chr12_689,chr12,69000000,68900000
chr12_690,chr12,69100000,69000000
chr12_691,chr12,69200000,69100000
chr12_692,chr12,69300000,69200000
chr12_693,chr12,69400000,69300000
chr12_694,chr12,69500000,69400000
chr12_695,chr12,69600000,69500000
chr12_696,chr12,69700000,69600000
chr12_697,chr12,69800000,69700000
chr12_698,chr12,69900000,69800000
chr12_699,chr12,70000000,69900000
chr12_700,chr12,70100000,70000000
chr12_701,chr12,70200000,70100000
chr12_702,chr12,70300000,70200000
chr12_703,chr12,70400000,70300000
chr12_704,chr12,70500000,70400000
chr12_705,chr12,70600000,70500000
chr12_706,chr12,70700000,70600000
chr12_707,chr12,70800000,70700000
chr12_708,chr12,70900000,70800000
chr12_709,chr12,71000000,70900000
chr12_710,chr12,71100000,71000000
chr12_711,chr12,71200000,71100000
chr12_712,chr12,71300000,71200000
chr12_713,chr12,71400000,71300000
chr12_714,chr12,71500000,71400000
chr12_715,chr12,71600000,71500000
chr12_716,chr12,71700000,71600000
chr12_717,chr12,71800000,71700000
chr12_718,chr12,71900000,71800000
chr12_719,chr12,72000000,71900000
chr12_720,chr12,72100000,72000000
chr12_721,chr12,72200000,72100000
chr12_722,chr12,72300000,72200000
chr12_723,chr12,72400000,72300000
chr12_724,chr12,72500000,72400000
chr12_725,chr12,72600000,72500000
chr12_726,chr12,72700000,72600000
chr12_727,chr12,72800000,72700000
chr12_728,chr12,72900000,72800000
chr12_729,chr12,73000000,72900000
chr12_730,chr12,73100000,73000000
chr12_731,chr12,73200000,73100000
chr12_732,chr12,73300000,73200000
chr12_733,chr12,73400000,73300000
chr12_734,chr12,73500000,73400000
chr12_735,chr12,73600000,73500000
chr12_736,chr12,73700000,73600000
chr12_737,chr12,73800000,73700000
chr12_738,chr12,73900000,73800000
chr12_739,chr12,74000000,73900000
chr12_740,chr12,74100000,74000000
chr12_741,chr12,74200000,74100000
chr12_742,chr12,74300000,74200000
chr12_743,chr12,74400000,74300000
chr12_744,chr12,74500000,74400000
chr12_745,chr12,74600000,74500000
chr12_746,chr12,74700000,74600000
chr12_747,chr12,74800000,74700000
chr12_748,chr12,74900000,74800000
chr12_749,chr12,75000000,74900000
chr12_750,chr12,75100000,75000000
chr12_751,chr12,75200000,75100000
chr12_752,chr12,75300000,75200000
chr12_753,chr12,75400000,75300000
chr12_754,chr12,75500000,75400000
chr12_755,chr12,75600000,75500000
chr12_756,chr12,75700000,75600000
chr12_757,chr12,75800000,75700000
chr12_758,chr12,75900000,75800000
chr12_759,chr12,76000000,75900000
chr12_760,chr12,76100000,76000000
chr12_761,chr12,76200000,76100000
chr12_762,chr12,76300000,76200000
chr12_763,chr12,76400000,76300000
chr12_764,chr12,76500000,76400000
chr12_765,chr12,76600000,76500000
chr12_766,chr12,76700000,76600000
chr12_767,chr12,76800000,76700000
chr12_768,chr12,76900000,76800000
chr12_769,chr12,77000000,76900000
chr12_770,chr12,77100000,77000000
chr12_771,chr12,77200000,77100000
chr12_772,chr12,77300000,77200000
chr12_773,chr12,77400000,77300000
chr12_774,chr12,77500000,77400000
chr12_775,chr12,77600000,77500000
chr12_776,chr12,77700000,77600000
chr12_777,chr12,77800000,77700000
chr12_778,chr12,77900000,77800000
chr12_779,chr12,78000000,77900000
chr12_780,chr12,78100000,78000000
chr12_781,chr12,78200000,78100000
chr12_782,chr12,78300000,78200000
chr12_783,chr12,78400000,78300000
chr12_784,chr12,78500000,78400000
chr12_785,chr12,78600000,78500000
chr12_786,chr12,78700000,78600000
chr12_787,chr12,78800000,78700000
chr12_788,chr12,78900000,78800000
chr12_789,chr12,79000000,78900000
chr12_790,chr12,79100000,79000000
chr12_791,chr12,79200000,79100000
chr12_792,chr12,79300000,79200000
chr12_793,chr12,79400000,79300000
chr12_794,chr12,79500000,79400000
chr12_795,chr12,79600000,79500000
chr12_796,chr12,79700000,79600000
chr12_797,chr12,79800000,79700000
chr12_798,chr12,79900000,79800000
chr12_799,chr12,80000000,79900000
chr12_800,chr12,80100000,80000000
chr12_801,chr12,80200000,80100000
chr12_802,chr12,80300000,80200000
chr12_803,chr12,80400000,80300000
chr12_804,chr12,80500000,80400000
chr12_805,chr12,80600000,80500000
chr12_806,chr12,80700000,80600000
chr12_807,chr12,80800000,80700000
chr12_808,chr12,80900000,80800000
chr12_809,chr12,81000000,80900000
chr12_810,chr12,81100000,81000000
chr12_811,chr12,81200000,81100000
chr12_812,chr12,81300000,81200000
chr12_813,chr12,81400000,81300000
chr12_814,chr12,81500000,81400000
chr12_815,chr12,81600000,81500000
chr12_816,chr12,81700000,81600000
chr12_817,chr12,81800000,81700000
chr12_818,chr12,81900000,81800000
chr12_819,chr12,82000000,81900000
chr12_820,chr12,82100000,82000000
chr12_821,chr12,82200000,82100000
chr12_822,chr12,82300000,82200000
chr12_823,chr12,82400000,82300000
chr12_824,chr12,82500000,82400000
chr12_825,chr12,82600000,82500000
chr12_826,chr12,82700000,82600000
chr12_827,chr12,82800000,82700000
chr12_828,chr12,82900000,82800000
chr12_829,chr12,83000000,82900000
chr12_830,chr12,83100000,83000000
chr12_831,chr12,83200000,83100000
chr12_832,chr12,83300000,83200000
chr12_833,chr12,83400000,83300000
chr12_834,chr12,83500000,83400000
chr12_835,chr12,83600000,83500000
chr12_836,chr12,83700000,83600000
chr12_837,chr12,83800000,83700000
chr12_838,chr12,83900000,83800000
chr12_839,chr12,84000000,83900000
chr12_840,chr12,84100000,84000000
chr12_841,chr12,84200000,84100000
chr12_842,chr12,84300000,84200000
chr12_843,chr12,84400000,84300000
chr12_844,chr12,84500000,84400000
chr12_845,chr12,84600000,84500000
chr12_846,chr12,84700000,84600000
chr12_847,chr12,84800000,84700000
chr12_848,chr12,84900000,84800000
chr12_849,chr12,85000000,84900000
chr12_850,chr12,85100000,85000000
chr12_851,chr12,85200000,85100000
chr12_852,chr12,85300000,85200000
chr12_853,chr12,85400000,85300000
chr12_854,chr12,85500000,85400000
chr12_855,chr12,85600000,85500000
chr12_856,chr12,85700000,85600000
chr12_857,chr12,85800000,85700000
chr12_858,chr12,85900000,85800000
chr12_859,chr12,86000000,85900000
chr12_860,chr12,86100000,86000000
chr12_861,chr12,86200000,86100000
chr12_862,chr12,86300000,86200000
chr12_863,chr12,86400000,86300000
chr12_864,chr12,86500000,86400000
chr12_865,chr12,86600000,86500000
chr12_866,chr12,86700000,86600000
chr12_867,chr12,86800000,86700000
chr12_868,chr12,86900000,86800000
chr12_869,chr12,87000000,86900000
chr12_870,chr12,87100000,87000000
chr12_871,chr12,87200000,87100000
chr12_872,chr12,87300000,87200000
chr12_873,chr12,87400000,87300000
chr12_874,chr12,87500000,87400000
chr12_875,chr12,87600000,87500000
chr12_876,chr12,87700000,87600000
chr12_877,chr12,87800000,87700000
chr12_878,chr12,87900000,87800000
chr12_879,chr12,88000000,87900000
chr12_880,chr12,88100000,88000000
chr12_881,chr12,88200000,88100000
chr12_882,chr12,88300000,88200000
chr12_883,chr12,88400000,88300000
chr12_884,chr12,88500000,88400000
chr12_885,chr12,88600000,88500000
chr12_886,chr12,88700000,88600000
chr12_887,chr12,88800000,88700000
chr12_888,chr12,88900000,88800000
chr12_889,chr12,89000000,88900000
chr12_890,chr12,89100000,89000000
chr12_891,chr12,89200000,89100000
chr12_892,chr12,89300000,89200000
chr12_893,chr12,89400000,89300000
chr12_894,chr12,89500000,89400000
chr12_895,chr12,89600000,89500000
chr12_896,chr12,89700000,89600000
chr12_897,chr12,89800000,89700000
chr12_898,chr12,89900000,89800000
chr12_899,chr12,90000000,89900000
chr12_900,chr12,90100000,90000000
chr12_901,chr12,90200000,90100000
chr12_902,chr12,90300000,90200000
chr12_903,chr12,90400000,90300000
chr12_904,chr12,90500000,90400000
chr12_905,chr12,90600000,90500000
chr12_906,chr12,90700000,90600000
chr12_907,chr12,90800000,90700000
chr12_908,chr12,90900000,90800000
chr12_909,chr12,91000000,90900000
chr12_910,chr12,91100000,91000000
chr12_911,chr12,91200000,91100000
chr12_912,chr12,91300000,91200000
chr12_913,chr12,91400000,91300000
chr12_914,chr12,91500000,91400000
chr12_915,chr12,91600000,91500000
chr12_916,chr12,91700000,91600000
chr12_917,chr12,91800000,91700000
chr12_918,chr12,91900000,91800000
chr12_919,chr12,92000000,91900000
chr12_920,chr12,92100000,92000000
chr12_921,chr12,92200000,92100000
chr12_922,chr12,92300000,92200000
chr12_923,chr12,92400000,92300000
chr12_924,chr12,92500000,92400000
chr12_925,chr12,92600000,92500000
chr12_926,chr12,92700000,92600000
chr12_927,chr12,92800000,92700000
chr12_928,chr12,92900000,92800000
chr12_929,chr12,93000000,92900000
chr12_930,chr12,93100000,93000000
chr12_931,chr12,93200000,93100000
chr12_932,chr12,93300000,93200000
chr12_933,chr12,93400000,93300000
chr12_934,chr12,93500000,93400000
chr12_935,chr12,93600000,93500000
chr12_936,chr12,93700000,93600000
chr12_937,chr12,93800000,93700000
chr12_938,chr12,93900000,93800000
chr12_939,chr12,94000000,93900000
chr12_940,chr12,94100000,94000000
chr12_941,chr12,94200000,94100000
chr12_942,chr12,94300000,94200000
chr12_943,chr12,94400000,94300000
chr12_944,chr12,94500000,94400000
chr12_945,chr12,94600000,94500000
chr12_946,chr12,94700000,94600000
chr12_947,chr12,94800000,94700000
chr12_948,chr12,94900000,94800000
chr12_949,chr12,95000000,94900000
chr12_950,chr12,95100000,95000000
chr12_951,chr12,95200000,95100000
chr12_952,chr12,95300000,95200000
chr12_953,chr12,95400000,95300000
chr12_954,chr12,95500000,95400000
chr12_955,chr12,95600000,95500000
chr12_956,chr12,95700000,95600000
chr12_957,chr12,95800000,95700000
chr12_958,chr12,95900000,95800000
chr12_959,chr12,96000000,95900000
chr12_960,chr12,96100000,96000000
chr12_961,chr12,96200000,96100000
chr12_962,chr12,96300000,96200000
chr12_963,chr12,96400000,96300000
chr12_964,chr12,96500000,96400000
chr12_965,chr12,96600000,96500000
chr12_966,chr12,96700000,96600000
chr12_967,chr12,96800000,96700000
chr12_968,chr12,96900000,96800000
chr12_969,chr12,97000000,96900000
chr12_970,chr12,97100000,97000000
chr12_971,chr12,97200000,97100000
chr12_972,chr12,97300000,97200000
chr12_973,chr12,97400000,97300000
chr12_974,chr12,97500000,97400000
chr12_975,chr12,97600000,97500000
chr12_976,chr12,97700000,97600000
chr12_977,chr12,97800000,97700000
chr12_978,chr12,97900000,97800000
chr12_979,chr12,98000000,97900000
chr12_980,chr12,98100000,98000000
chr12_981,chr12,98200000,98100000
chr12_982,chr12,98300000,98200000
chr12_983,chr12,98400000,98300000
chr12_984,chr12,98500000,98400000
chr12_985,chr12,98600000,98500000
chr12_986,chr12,98700000,98600000
chr12_987,chr12,98800000,98700000
chr12_988,chr12,98900000,98800000
chr12_989,chr12,99000000,98900000
chr12_990,chr12,99100000,99000000
chr12_991,chr12,99200000,99100000
chr12_992,chr12,99300000,99200000
chr12_993,chr12,99400000,99300000
chr12_994,chr12,99500000,99400000
chr12_995,chr12,99600000,99500000
chr12_996,chr12,99700000,99600000
chr12_997,chr12,99800000,99700000
chr12_998,chr12,99900000,99800000
chr12_999,chr12,100000000,99900000
chr12_1000,chr12,100100000,100000000
chr12_1001,chr12,100200000,100100000
chr12_1002,chr12,100300000,100200000
chr12_1003,chr12,100400000,100300000
chr12_1004,chr12,100500000,100400000
chr12_1005,chr12,100600000,100500000
chr12_1006,chr12,100700000,100600000
chr12_1007,chr12,100800000,100700000
chr12_1008,chr12,100900000,100800000
chr12_1009,chr12,101000000,100900000
chr12_1010,chr12,101100000,101000000
chr12_1011,chr12,101200000,101100000
chr12_1012,chr12,101300000,101200000
chr12_1013,chr12,101400000,101300000
chr12_1014,chr12,101500000,101400000
chr12_1015,chr12,101600000,101500000
chr12_1016,chr12,101700000,101600000
chr12_1017,chr12,101800000,101700000
chr12_1018,chr12,101900000,101800000
chr12_1019,chr12,102000000,101900000
chr12_1020,chr12,102100000,102000000
chr12_1021,chr12,102200000,102100000
chr12_1022,chr12,102300000,102200000
chr12_1023,chr12,102400000,102300000
chr12_1024,chr12,102500000,102400000
chr12_1025,chr12,102600000,102500000
chr12_1026,chr12,102700000,102600000
chr12_1027,chr12,102800000,102700000
chr12_1028,chr12,102900000,102800000
chr12_1029,chr12,103000000,102900000
chr12_1030,chr12,103100000,103000000
chr12_1031,chr12,103200000,103100000
chr12_1032,chr12,103300000,103200000
chr12_1033,chr12,103400000,103300000
chr12_1034,chr12,103500000,103400000
chr12_1035,chr12,103600000,103500000
chr12_1036,chr12,103700000,103600000
chr12_1037,chr12,103800000,103700000
chr12_1038,chr12,103900000,103800000
chr12_1039,chr12,104000000,103900000
chr12_1040,chr12,104100000,104000000
chr12_1041,chr12,104200000,104100000
chr12_1042,chr12,104300000,104200000
chr12_1043,chr12,104400000,104300000
chr12_1044,chr12,104500000,104400000
chr12_1045,chr12,104600000,104500000
chr12_1046,chr12,104700000,104600000
chr12_1047,chr12,104800000,104700000
chr12_1048,chr12,104900000,104800000
chr12_1049,chr12,105000000,104900000
chr12_1050,chr12,105100000,105000000
chr12_1051,chr12,105200000,105100000
chr12_1052,chr12,105300000,105200000
chr12_1053,chr12,105400000,105300000
chr12_1054,chr12,105500000,105400000
chr12_1055,chr12,105600000,105500000
chr12_1056,chr12,105700000,105600000
chr12_1057,chr12,105800000,105700000
chr12_1058,chr12,105900000,105800000
chr12_1059,chr12,106000000,105900000
chr12_1060,chr12,106100000,106000000
chr12_1061,chr12,106200000,106100000
chr12_1062,chr12,106300000,106200000
chr12_1063,chr12,106400000,106300000
chr12_1064,chr12,106500000,106400000
chr12_1065,chr12,106600000,106500000
chr12_1066,chr12,106700000,106600000
chr12_1067,chr12,106800000,106700000
chr12_1068,chr12,106900000,106800000
chr12_1069,chr12,107000000,106900000
chr12_1070,chr12,107100000,107000000
chr12_1071,chr12,107200000,107100000
chr12_1072,chr12,107300000,107200000
chr12_1073,chr12,107400000,107300000
chr12_1074,chr12,107500000,107400000
chr12_1075,chr12,107600000,107500000
chr12_1076,chr12,107700000,107600000
chr12_1077,chr12,107800000,107700000
chr12_1078,chr12,107900000,107800000
chr12_1079,chr12,108000000,107900000
chr12_1080,chr12,108100000,108000000
chr12_1081,chr12,108200000,108100000
chr12_1082,chr12,108300000,108200000
chr12_1083,chr12,108400000,108300000
chr12_1084,chr12,108500000,108400000
chr12_1085,chr12,108600000,108500000
chr12_1086,chr12,108700000,108600000
chr12_1087,chr12,108800000,108700000
chr12_1088,chr12,108900000,108800000
chr12_1089,chr12,109000000,108900000
chr12_1090,chr12,109100000,109000000
chr12_1091,chr12,109200000,109100000
chr12_1092,chr12,109300000,109200000
chr12_1093,chr12,109400000,109300000
chr12_1094,chr12,109500000,109400000
chr12_1095,chr12,109600000,109500000
chr12_1096,chr12,109700000,109600000
chr12_1097,chr12,109800000,109700000
chr12_1098,chr12,109900000,109800000
chr12_1099,chr12,110000000,109900000
chr12_1100,chr12,110100000,110000000
chr12_1101,chr12,110200000,110100000
chr12_1102,chr12,110300000,110200000
chr12_1103,chr12,110400000,110300000
chr12_1104,chr12,110500000,110400000
chr12_1105,chr12,110600000,110500000
chr12_1106,chr12,110700000,110600000
chr12_1107,chr12,110800000,110700000
chr12_1108,chr12,110900000,110800000
chr12_1109,chr12,111000000,110900000
chr12_1110,chr12,111100000,111000000
chr12_1111,chr12,111200000,111100000
chr12_1112,chr12,111300000,111200000
chr12_1113,chr12,111400000,111300000
chr12_1114,chr12,111500000,111400000
chr12_1115,chr12,111600000,111500000
chr12_1116,chr12,111700000,111600000
chr12_1117,chr12,111800000,111700000
chr12_1118,chr12,111900000,111800000
chr12_1119,chr12,112000000,111900000
chr12_1120,chr12,112100000,112000000
chr12_1121,chr12,112200000,112100000
chr12_1122,chr12,112300000,112200000
chr12_1123,chr12,112400000,112300000
chr12_1124,chr12,112500000,112400000
chr12_1125,chr12,112600000,112500000
chr12_1126,chr12,112700000,112600000
chr12_1127,chr12,112800000,112700000
chr12_1128,chr12,112900000,112800000
chr12_1129,chr12,113000000,112900000
chr12_1130,chr12,113100000,113000000
chr12_1131,chr12,113200000,113100000
chr12_1132,chr12,113300000,113200000
chr12_1133,chr12,113400000,113300000
chr12_1134,chr12,113500000,113400000
chr12_1135,chr12,113600000,113500000
chr12_1136,chr12,113700000,113600000
chr12_1137,chr12,113800000,113700000
chr12_1138,chr12,113900000,113800000
chr12_1139,chr12,114000000,113900000
chr12_1140,chr12,114100000,114000000
chr12_1141,chr12,114200000,114100000
chr12_1142,chr12,114300000,114200000
chr12_1143,chr12,114400000,114300000
chr12_1144,chr12,114500000,114400000
chr12_1145,chr12,114600000,114500000
chr12_1146,chr12,114700000,114600000
chr12_1147,chr12,114800000,114700000
chr12_1148,chr12,114900000,114800000
chr12_1149,chr12,115000000,114900000
chr12_1150,chr12,115100000,115000000
chr12_1151,chr12,115200000,115100000
chr12_1152,chr12,115300000,115200000
chr12_1153,chr12,115400000,115300000
chr12_1154,chr12,115500000,115400000
chr12_1155,chr12,115600000,115500000
chr12_1156,chr12,115700000,115600000
chr12_1157,chr12,115800000,115700000
chr12_1158,chr12,115900000,115800000
chr12_1159,chr12,116000000,115900000
chr12_1160,chr12,116100000,116000000
chr12_1161,chr12,116200000,116100000
chr12_1162,chr12,116300000,116200000
chr12_1163,chr12,116400000,116300000
chr12_1164,chr12,116500000,116400000
chr12_1165,chr12,116600000,116500000
chr12_1166,chr12,116700000,116600000
chr12_1167,chr12,116800000,116700000
chr12_1168,chr12,116900000,116800000
chr12_1169,chr12,117000000,116900000
chr12_1170,chr12,117100000,117000000
chr12_1171,chr12,117200000,117100000
chr12_1172,chr12,117300000,117200000
chr12_1173,chr12,117400000,117300000
chr12_1174,chr12,117500000,117400000
chr12_1175,chr12,117600000,117500000
chr12_1176,chr12,117700000,117600000
chr12_1177,chr12,117800000,117700000
chr12_1178,chr12,117900000,117800000
chr12_1179,chr12,118000000,117900000
chr12_1180,chr12,118100000,118000000
chr12_1181,chr12,118200000,118100000
chr12_1182,chr12,118300000,118200000
chr12_1183,chr12,118400000,118300000
chr12_1184,chr12,118500000,118400000
chr12_1185,chr12,118600000,118500000
chr12_1186,chr12,118700000,118600000
chr12_1187,chr12,118800000,118700000
chr12_1188,chr12,118900000,118800000
chr12_1189,chr12,119000000,118900000
chr12_1190,chr12,119100000,119000000
chr12_1191,chr12,119200000,119100000
chr12_1192,chr12,119300000,119200000
chr12_1193,chr12,119400000,119300000
chr12_1194,chr12,119500000,119400000
chr12_1195,chr12,119600000,119500000
chr12_1196,chr12,119700000,119600000
chr12_1197,chr12,119800000,119700000
chr12_1198,chr12,119900000,119800000
chr12_1199,chr12,120000000,119900000
chr12_1200,chr12,120100000,120000000
chr12_1201,chr12,120129022,120100000
chr13_0,chr13,100000,0
chr13_1,chr13,200000,100000
chr13_2,chr13,300000,200000
chr13_3,chr13,400000,300000
chr13_4,chr13,500000,400000
chr13_5,chr13,600000,500000
chr13_6,chr13,700000,600000
chr13_7,chr13,800000,700000
chr13_8,chr13,900000,800000
chr13_9,chr13,1000000,900000
chr13_10,chr13,1100000,1000000
chr13_11,chr13,1200000,1100000
chr13_12,chr13,1300000,1200000
chr13_13,chr13,1400000,1300000
chr13_14,chr13,1500000,1400000
chr13_15,chr13,1600000,1500000
chr13_16,chr13,1700000,1600000
chr13_17,chr13,1800000,1700000
chr13_18,chr13,1900000,1800000
chr13_19,chr13,2000000,1900000
chr13_20,chr13,2100000,2000000
chr13_21,chr13,2200000,2100000
chr13_22,chr13,2300000,2200000
chr13_23,chr13,2400000,2300000
chr13_24,chr13,2500000,2400000
chr13_25,chr13,2600000,2500000
chr13_26,chr13,2700000,2600000
chr13_27,chr13,2800000,2700000
chr13_28,chr13,2900000,2800000
chr13_29,chr13,3000000,2900000
chr13_30,chr13,3100000,3000000
chr13_31,chr13,3200000,3100000
chr13_32,chr13,3300000,3200000
chr13_33,chr13,3400000,3300000
chr13_34,chr13,3500000,3400000
chr13_35,chr13,3600000,3500000
chr13_36,chr13,3700000,3600000
chr13_37,chr13,3800000,3700000
chr13_38,chr13,3900000,3800000
chr13_39,chr13,4000000,3900000
chr13_40,chr13,4100000,4000000
chr13_41,chr13,4200000,4100000
chr13_42,chr13,4300000,4200000
chr13_43,chr13,4400000,4300000
chr13_44,chr13,4500000,4400000
chr13_45,chr13,4600000,4500000
chr13_46,chr13,4700000,4600000
chr13_47,chr13,4800000,4700000
chr13_48,chr13,4900000,4800000
chr13_49,chr13,5000000,4900000
chr13_50,chr13,5100000,5000000
chr13_51,chr13,5200000,5100000
chr13_52,chr13,5300000,5200000
chr13_53,chr13,5400000,5300000
chr13_54,chr13,5500000,5400000
chr13_55,chr13,5600000,5500000
chr13_56,chr13,5700000,5600000
chr13_57,chr13,5800000,5700000
chr13_58,chr13,5900000,5800000
chr13_59,chr13,6000000,5900000
chr13_60,chr13,6100000,6000000
chr13_61,chr13,6200000,6100000
chr13_62,chr13,6300000,6200000
chr13_63,chr13,6400000,6300000
chr13_64,chr13,6500000,6400000
chr13_65,chr13,6600000,6500000
chr13_66,chr13,6700000,6600000
chr13_67,chr13,6800000,6700000
chr13_68,chr13,6900000,6800000
chr13_69,chr13,7000000,6900000
chr13_70,chr13,7100000,7000000
chr13_71,chr13,7200000,7100000
chr13_72,chr13,7300000,7200000
chr13_73,chr13,7400000,7300000
chr13_74,chr13,7500000,7400000
chr13_75,chr13,7600000,7500000
chr13_76,chr13,7700000,7600000
chr13_77,chr13,7800000,7700000
chr13_78,chr13,7900000,7800000
chr13_79,chr13,8000000,7900000
chr13_80,chr13,8100000,8000000
chr13_81,chr13,8200000,8100000
chr13_82,chr13,8300000,8200000
chr13_83,chr13,8400000,8300000
chr13_84,chr13,8500000,8400000
chr13_85,chr13,8600000,8500000
chr13_86,chr13,8700000,8600000
chr13_87,chr13,8800000,8700000
chr13_88,chr13,8900000,8800000
chr13_89,chr13,9000000,8900000
chr13_90,chr13,9100000,9000000
chr13_91,chr13,9200000,9100000
chr13_92,chr13,9300000,9200000
chr13_93,chr13,9400000,9300000
chr13_94,chr13,9500000,9400000
chr13_95,chr13,9600000,9500000
chr13_96,chr13,9700000,9600000
chr13_97,chr13,9800000,9700000
chr13_98,chr13,9900000,9800000
chr13_99,chr13,10000000,9900000
chr13_100,chr13,10100000,10000000
chr13_101,chr13,10200000,10100000
chr13_102,chr13,10300000,10200000
chr13_103,chr13,10400000,10300000
chr13_104,chr13,10500000,10400000
chr13_105,chr13,10600000,10500000
chr13_106,chr13,10700000,10600000
chr13_107,chr13,10800000,10700000
chr13_108,chr13,10900000,10800000
chr13_109,chr13,11000000,10900000
chr13_110,chr13,11100000,11000000
chr13_111,chr13,11200000,11100000
chr13_112,chr13,11300000,11200000
chr13_113,chr13,11400000,11300000
chr13_114,chr13,11500000,11400000
chr13_115,chr13,11600000,11500000
chr13_116,chr13,11700000,11600000
chr13_117,chr13,11800000,11700000
chr13_118,chr13,11900000,11800000
chr13_119,chr13,12000000,11900000
chr13_120,chr13,12100000,12000000
chr13_121,chr13,12200000,12100000
chr13_122,chr13,12300000,12200000
chr13_123,chr13,12400000,12300000
chr13_124,chr13,12500000,12400000
chr13_125,chr13,12600000,12500000
chr13_126,chr13,12700000,12600000
chr13_127,chr13,12800000,12700000
chr13_128,chr13,12900000,12800000
chr13_129,chr13,13000000,12900000
chr13_130,chr13,13100000,13000000
chr13_131,chr13,13200000,13100000
chr13_132,chr13,13300000,13200000
chr13_133,chr13,13400000,13300000
chr13_134,chr13,13500000,13400000
chr13_135,chr13,13600000,13500000
chr13_136,chr13,13700000,13600000
chr13_137,chr13,13800000,13700000
chr13_138,chr13,13900000,13800000
chr13_139,chr13,14000000,13900000
chr13_140,chr13,14100000,14000000
chr13_141,chr13,14200000,14100000
chr13_142,chr13,14300000,14200000
chr13_143,chr13,14400000,14300000
chr13_144,chr13,14500000,14400000
chr13_145,chr13,14600000,14500000
chr13_146,chr13,14700000,14600000
chr13_147,chr13,14800000,14700000
chr13_148,chr13,14900000,14800000
chr13_149,chr13,15000000,14900000
chr13_150,chr13,15100000,15000000
chr13_151,chr13,15200000,15100000
chr13_152,chr13,15300000,15200000
chr13_153,chr13,15400000,15300000
chr13_154,chr13,15500000,15400000
chr13_155,chr13,15600000,15500000
chr13_156,chr13,15700000,15600000
chr13_157,chr13,15800000,15700000
chr13_158,chr13,15900000,15800000
chr13_159,chr13,16000000,15900000
chr13_160,chr13,16100000,16000000
chr13_161,chr13,16200000,16100000
chr13_162,chr13,16300000,16200000
chr13_163,chr13,16400000,16300000
chr13_164,chr13,16500000,16400000
chr13_165,chr13,16600000,16500000
chr13_166,chr13,16700000,16600000
chr13_167,chr13,16800000,16700000
chr13_168,chr13,16900000,16800000
chr13_169,chr13,17000000,16900000
chr13_170,chr13,17100000,17000000
chr13_171,chr13,17200000,17100000
chr13_172,chr13,17300000,17200000
chr13_173,chr13,17400000,17300000
chr13_174,chr13,17500000,17400000
chr13_175,chr13,17600000,17500000
chr13_176,chr13,17700000,17600000
chr13_177,chr13,17800000,17700000
chr13_178,chr13,17900000,17800000
chr13_179,chr13,18000000,17900000
chr13_180,chr13,18100000,18000000
chr13_181,chr13,18200000,18100000
chr13_182,chr13,18300000,18200000
chr13_183,chr13,18400000,18300000
chr13_184,chr13,18500000,18400000
chr13_185,chr13,18600000,18500000
chr13_186,chr13,18700000,18600000
chr13_187,chr13,18800000,18700000
chr13_188,chr13,18900000,18800000
chr13_189,chr13,19000000,18900000
chr13_190,chr13,19100000,19000000
chr13_191,chr13,19200000,19100000
chr13_192,chr13,19300000,19200000
chr13_193,chr13,19400000,19300000
chr13_194,chr13,19500000,19400000
chr13_195,chr13,19600000,19500000
chr13_196,chr13,19700000,19600000
chr13_197,chr13,19800000,19700000
chr13_198,chr13,19900000,19800000
chr13_199,chr13,20000000,19900000
chr13_200,chr13,20100000,20000000
chr13_201,chr13,20200000,20100000
chr13_202,chr13,20300000,20200000
chr13_203,chr13,20400000,20300000
chr13_204,chr13,20500000,20400000
chr13_205,chr13,20600000,20500000
chr13_206,chr13,20700000,20600000
chr13_207,chr13,20800000,20700000
chr13_208,chr13,20900000,20800000
chr13_209,chr13,21000000,20900000
chr13_210,chr13,21100000,21000000
chr13_211,chr13,21200000,21100000
chr13_212,chr13,21300000,21200000
chr13_213,chr13,21400000,21300000
chr13_214,chr13,21500000,21400000
chr13_215,chr13,21600000,21500000
chr13_216,chr13,21700000,21600000
chr13_217,chr13,21800000,21700000
chr13_218,chr13,21900000,21800000
chr13_219,chr13,22000000,21900000
chr13_220,chr13,22100000,22000000
chr13_221,chr13,22200000,22100000
chr13_222,chr13,22300000,22200000
chr13_223,chr13,22400000,22300000
chr13_224,chr13,22500000,22400000
chr13_225,chr13,22600000,22500000
chr13_226,chr13,22700000,22600000
chr13_227,chr13,22800000,22700000
chr13_228,chr13,22900000,22800000
chr13_229,chr13,23000000,22900000
chr13_230,chr13,23100000,23000000
chr13_231,chr13,23200000,23100000
chr13_232,chr13,23300000,23200000
chr13_233,chr13,23400000,23300000
chr13_234,chr13,23500000,23400000
chr13_235,chr13,23600000,23500000
chr13_236,chr13,23700000,23600000
chr13_237,chr13,23800000,23700000
chr13_238,chr13,23900000,23800000
chr13_239,chr13,24000000,23900000
chr13_240,chr13,24100000,24000000
chr13_241,chr13,24200000,24100000
chr13_242,chr13,24300000,24200000
chr13_243,chr13,24400000,24300000
chr13_244,chr13,24500000,24400000
chr13_245,chr13,24600000,24500000
chr13_246,chr13,24700000,24600000
chr13_247,chr13,24800000,24700000
chr13_248,chr13,24900000,24800000
chr13_249,chr13,25000000,24900000
chr13_250,chr13,25100000,25000000
chr13_251,chr13,25200000,25100000
chr13_252,chr13,25300000,25200000
chr13_253,chr13,25400000,25300000
chr13_254,chr13,25500000,25400000
chr13_255,chr13,25600000,25500000
chr13_256,chr13,25700000,25600000
chr13_257,chr13,25800000,25700000
chr13_258,chr13,25900000,25800000
chr13_259,chr13,26000000,25900000
chr13_260,chr13,26100000,26000000
chr13_261,chr13,26200000,26100000
chr13_262,chr13,26300000,26200000
chr13_263,chr13,26400000,26300000
chr13_264,chr13,26500000,26400000
chr13_265,chr13,26600000,26500000
chr13_266,chr13,26700000,26600000
chr13_267,chr13,26800000,26700000
chr13_268,chr13,26900000,26800000
chr13_269,chr13,27000000,26900000
chr13_270,chr13,27100000,27000000
chr13_271,chr13,27200000,27100000
chr13_272,chr13,27300000,27200000
chr13_273,chr13,27400000,27300000
chr13_274,chr13,27500000,27400000
chr13_275,chr13,27600000,27500000
chr13_276,chr13,27700000,27600000
chr13_277,chr13,27800000,27700000
chr13_278,chr13,27900000,27800000
chr13_279,chr13,28000000,27900000
chr13_280,chr13,28100000,28000000
chr13_281,chr13,28200000,28100000
chr13_282,chr13,28300000,28200000
chr13_283,chr13,28400000,28300000
chr13_284,chr13,28500000,28400000
chr13_285,chr13,28600000,28500000
chr13_286,chr13,28700000,28600000
chr13_287,chr13,28800000,28700000
chr13_288,chr13,28900000,28800000
chr13_289,chr13,29000000,28900000
chr13_290,chr13,29100000,29000000
chr13_291,chr13,29200000,29100000
chr13_292,chr13,29300000,29200000
chr13_293,chr13,29400000,29300000
chr13_294,chr13,29500000,29400000
chr13_295,chr13,29600000,29500000
chr13_296,chr13,29700000,29600000
chr13_297,chr13,29800000,29700000
chr13_298,chr13,29900000,29800000
chr13_299,chr13,30000000,29900000
chr13_300,chr13,30100000,30000000
chr13_301,chr13,30200000,30100000
chr13_302,chr13,30300000,30200000
chr13_303,chr13,30400000,30300000
chr13_304,chr13,30500000,30400000
chr13_305,chr13,30600000,30500000
chr13_306,chr13,30700000,30600000
chr13_307,chr13,30800000,30700000
chr13_308,chr13,30900000,30800000
chr13_309,chr13,31000000,30900000
chr13_310,chr13,31100000,31000000
chr13_311,chr13,31200000,31100000
chr13_312,chr13,31300000,31200000
chr13_313,chr13,31400000,31300000
chr13_314,chr13,31500000,31400000
chr13_315,chr13,31600000,31500000
chr13_316,chr13,31700000,31600000
chr13_317,chr13,31800000,31700000
chr13_318,chr13,31900000,31800000
chr13_319,chr13,32000000,31900000
chr13_320,chr13,32100000,32000000
chr13_321,chr13,32200000,32100000
chr13_322,chr13,32300000,32200000
chr13_323,chr13,32400000,32300000
chr13_324,chr13,32500000,32400000
chr13_325,chr13,32600000,32500000
chr13_326,chr13,32700000,32600000
chr13_327,chr13,32800000,32700000
chr13_328,chr13,32900000,32800000
chr13_329,chr13,33000000,32900000
chr13_330,chr13,33100000,33000000
chr13_331,chr13,33200000,33100000
chr13_332,chr13,33300000,33200000
chr13_333,chr13,33400000,33300000
chr13_334,chr13,33500000,33400000
chr13_335,chr13,33600000,33500000
chr13_336,chr13,33700000,33600000
chr13_337,chr13,33800000,33700000
chr13_338,chr13,33900000,33800000
chr13_339,chr13,34000000,33900000
chr13_340,chr13,34100000,34000000
chr13_341,chr13,34200000,34100000
chr13_342,chr13,34300000,34200000
chr13_343,chr13,34400000,34300000
chr13_344,chr13,34500000,34400000
chr13_345,chr13,34600000,34500000
chr13_346,chr13,34700000,34600000
chr13_347,chr13,34800000,34700000
chr13_348,chr13,34900000,34800000
chr13_349,chr13,35000000,34900000
chr13_350,chr13,35100000,35000000
chr13_351,chr13,35200000,35100000
chr13_352,chr13,35300000,35200000
chr13_353,chr13,35400000,35300000
chr13_354,chr13,35500000,35400000
chr13_355,chr13,35600000,35500000
chr13_356,chr13,35700000,35600000
chr13_357,chr13,35800000,35700000
chr13_358,chr13,35900000,35800000
chr13_359,chr13,36000000,35900000
chr13_360,chr13,36100000,36000000
chr13_361,chr13,36200000,36100000
chr13_362,chr13,36300000,36200000
chr13_363,chr13,36400000,36300000
chr13_364,chr13,36500000,36400000
chr13_365,chr13,36600000,36500000
chr13_366,chr13,36700000,36600000
chr13_367,chr13,36800000,36700000
chr13_368,chr13,36900000,36800000
chr13_369,chr13,37000000,36900000
chr13_370,chr13,37100000,37000000
chr13_371,chr13,37200000,37100000
chr13_372,chr13,37300000,37200000
chr13_373,chr13,37400000,37300000
chr13_374,chr13,37500000,37400000
chr13_375,chr13,37600000,37500000
chr13_376,chr13,37700000,37600000
chr13_377,chr13,37800000,37700000
chr13_378,chr13,37900000,37800000
chr13_379,chr13,38000000,37900000
chr13_380,chr13,38100000,38000000
chr13_381,chr13,38200000,38100000
chr13_382,chr13,38300000,38200000
chr13_383,chr13,38400000,38300000
chr13_384,chr13,38500000,38400000
chr13_385,chr13,38600000,38500000
chr13_386,chr13,38700000,38600000
chr13_387,chr13,38800000,38700000
chr13_388,chr13,38900000,38800000
chr13_389,chr13,39000000,38900000
chr13_390,chr13,39100000,39000000
chr13_391,chr13,39200000,39100000
chr13_392,chr13,39300000,39200000
chr13_393,chr13,39400000,39300000
chr13_394,chr13,39500000,39400000
chr13_395,chr13,39600000,39500000
chr13_396,chr13,39700000,39600000
chr13_397,chr13,39800000,39700000
chr13_398,chr13,39900000,39800000
chr13_399,chr13,40000000,39900000
chr13_400,chr13,40100000,40000000
chr13_401,chr13,40200000,40100000
chr13_402,chr13,40300000,40200000
chr13_403,chr13,40400000,40300000
chr13_404,chr13,40500000,40400000
chr13_405,chr13,40600000,40500000
chr13_406,chr13,40700000,40600000
chr13_407,chr13,40800000,40700000
chr13_408,chr13,40900000,40800000
chr13_409,chr13,41000000,40900000
chr13_410,chr13,41100000,41000000
chr13_411,chr13,41200000,41100000
chr13_412,chr13,41300000,41200000
chr13_413,chr13,41400000,41300000
chr13_414,chr13,41500000,41400000
chr13_415,chr13,41600000,41500000
chr13_416,chr13,41700000,41600000
chr13_417,chr13,41800000,41700000
chr13_418,chr13,41900000,41800000
chr13_419,chr13,42000000,41900000
chr13_420,chr13,42100000,42000000
chr13_421,chr13,42200000,42100000
chr13_422,chr13,42300000,42200000
chr13_423,chr13,42400000,42300000
chr13_424,chr13,42500000,42400000
chr13_425,chr13,42600000,42500000
chr13_426,chr13,42700000,42600000
chr13_427,chr13,42800000,42700000
chr13_428,chr13,42900000,42800000
chr13_429,chr13,43000000,42900000
chr13_430,chr13,43100000,43000000
chr13_431,chr13,43200000,43100000
chr13_432,chr13,43300000,43200000
chr13_433,chr13,43400000,43300000
chr13_434,chr13,43500000,43400000
chr13_435,chr13,43600000,43500000
chr13_436,chr13,43700000,43600000
chr13_437,chr13,43800000,43700000
chr13_438,chr13,43900000,43800000
chr13_439,chr13,44000000,43900000
chr13_440,chr13,44100000,44000000
chr13_441,chr13,44200000,44100000
chr13_442,chr13,44300000,44200000
chr13_443,chr13,44400000,44300000
chr13_444,chr13,44500000,44400000
chr13_445,chr13,44600000,44500000
chr13_446,chr13,44700000,44600000
chr13_447,chr13,44800000,44700000
chr13_448,chr13,44900000,44800000
chr13_449,chr13,45000000,44900000
chr13_450,chr13,45100000,45000000
chr13_451,chr13,45200000,45100000
chr13_452,chr13,45300000,45200000
chr13_453,chr13,45400000,45300000
chr13_454,chr13,45500000,45400000
chr13_455,chr13,45600000,45500000
chr13_456,chr13,45700000,45600000
chr13_457,chr13,45800000,45700000
chr13_458,chr13,45900000,45800000
chr13_459,chr13,46000000,45900000
chr13_460,chr13,46100000,46000000
chr13_461,chr13,46200000,46100000
chr13_462,chr13,46300000,46200000
chr13_463,chr13,46400000,46300000
chr13_464,chr13,46500000,46400000
chr13_465,chr13,46600000,46500000
chr13_466,chr13,46700000,46600000
chr13_467,chr13,46800000,46700000
chr13_468,chr13,46900000,46800000
chr13_469,chr13,47000000,46900000
chr13_470,chr13,47100000,47000000
chr13_471,chr13,47200000,47100000
chr13_472,chr13,47300000,47200000
chr13_473,chr13,47400000,47300000
chr13_474,chr13,47500000,47400000
chr13_475,chr13,47600000,47500000
chr13_476,chr13,47700000,47600000
chr13_477,chr13,47800000,47700000
chr13_478,chr13,47900000,47800000
chr13_479,chr13,48000000,47900000
chr13_480,chr13,48100000,48000000
chr13_481,chr13,48200000,48100000
chr13_482,chr13,48300000,48200000
chr13_483,chr13,48400000,48300000
chr13_484,chr13,48500000,48400000
chr13_485,chr13,48600000,48500000
chr13_486,chr13,48700000,48600000
chr13_487,chr13,48800000,48700000
chr13_488,chr13,48900000,48800000
chr13_489,chr13,49000000,48900000
chr13_490,chr13,49100000,49000000
chr13_491,chr13,49200000,49100000
chr13_492,chr13,49300000,49200000
chr13_493,chr13,49400000,49300000
chr13_494,chr13,49500000,49400000
chr13_495,chr13,49600000,49500000
chr13_496,chr13,49700000,49600000
chr13_497,chr13,49800000,49700000
chr13_498,chr13,49900000,49800000
chr13_499,chr13,50000000,49900000
chr13_500,chr13,50100000,50000000
chr13_501,chr13,50200000,50100000
chr13_502,chr13,50300000,50200000
chr13_503,chr13,50400000,50300000
chr13_504,chr13,50500000,50400000
chr13_505,chr13,50600000,50500000
chr13_506,chr13,50700000,50600000
chr13_507,chr13,50800000,50700000
chr13_508,chr13,50900000,50800000
chr13_509,chr13,51000000,50900000
chr13_510,chr13,51100000,51000000
chr13_511,chr13,51200000,51100000
chr13_512,chr13,51300000,51200000
chr13_513,chr13,51400000,51300000
chr13_514,chr13,51500000,51400000
chr13_515,chr13,51600000,51500000
chr13_516,chr13,51700000,51600000
chr13_517,chr13,51800000,51700000
chr13_518,chr13,51900000,51800000
chr13_519,chr13,52000000,51900000
chr13_520,chr13,52100000,52000000
chr13_521,chr13,52200000,52100000
chr13_522,chr13,52300000,52200000
chr13_523,chr13,52400000,52300000
chr13_524,chr13,52500000,52400000
chr13_525,chr13,52600000,52500000
chr13_526,chr13,52700000,52600000
chr13_527,chr13,52800000,52700000
chr13_528,chr13,52900000,52800000
chr13_529,chr13,53000000,52900000
chr13_530,chr13,53100000,53000000
chr13_531,chr13,53200000,53100000
chr13_532,chr13,53300000,53200000
chr13_533,chr13,53400000,53300000
chr13_534,chr13,53500000,53400000
chr13_535,chr13,53600000,53500000
chr13_536,chr13,53700000,53600000
chr13_537,chr13,53800000,53700000
chr13_538,chr13,53900000,53800000
chr13_539,chr13,54000000,53900000
chr13_540,chr13,54100000,54000000
chr13_541,chr13,54200000,54100000
chr13_542,chr13,54300000,54200000
chr13_543,chr13,54400000,54300000
chr13_544,chr13,54500000,54400000
chr13_545,chr13,54600000,54500000
chr13_546,chr13,54700000,54600000
chr13_547,chr13,54800000,54700000
chr13_548,chr13,54900000,54800000
chr13_549,chr13,55000000,54900000
chr13_550,chr13,55100000,55000000
chr13_551,chr13,55200000,55100000
chr13_552,chr13,55300000,55200000
chr13_553,chr13,55400000,55300000
chr13_554,chr13,55500000,55400000
chr13_555,chr13,55600000,55500000
chr13_556,chr13,55700000,55600000
chr13_557,chr13,55800000,55700000
chr13_558,chr13,55900000,55800000
chr13_559,chr13,56000000,55900000
chr13_560,chr13,56100000,56000000
chr13_561,chr13,56200000,56100000
chr13_562,chr13,56300000,56200000
chr13_563,chr13,56400000,56300000
chr13_564,chr13,56500000,56400000
chr13_565,chr13,56600000,56500000
chr13_566,chr13,56700000,56600000
chr13_567,chr13,56800000,56700000
chr13_568,chr13,56900000,56800000
chr13_569,chr13,57000000,56900000
chr13_570,chr13,57100000,57000000
chr13_571,chr13,57200000,57100000
chr13_572,chr13,57300000,57200000
chr13_573,chr13,57400000,57300000
chr13_574,chr13,57500000,57400000
chr13_575,chr13,57600000,57500000
chr13_576,chr13,57700000,57600000
chr13_577,chr13,57800000,57700000
chr13_578,chr13,57900000,57800000
chr13_579,chr13,58000000,57900000
chr13_580,chr13,58100000,58000000
chr13_581,chr13,58200000,58100000
chr13_582,chr13,58300000,58200000
chr13_583,chr13,58400000,58300000
chr13_584,chr13,58500000,58400000
chr13_585,chr13,58600000,58500000
chr13_586,chr13,58700000,58600000
chr13_587,chr13,58800000,58700000
chr13_588,chr13,58900000,58800000
chr13_589,chr13,59000000,58900000
chr13_590,chr13,59100000,59000000
chr13_591,chr13,59200000,59100000
chr13_592,chr13,59300000,59200000
chr13_593,chr13,59400000,59300000
chr13_594,chr13,59500000,59400000
chr13_595,chr13,59600000,59500000
chr13_596,chr13,59700000,59600000
chr13_597,chr13,59800000,59700000
chr13_598,chr13,59900000,59800000
chr13_599,chr13,60000000,59900000
chr13_600,chr13,60100000,60000000
chr13_601,chr13,60200000,60100000
chr13_602,chr13,60300000,60200000
chr13_603,chr13,60400000,60300000
chr13_604,chr13,60500000,60400000
chr13_605,chr13,60600000,60500000
chr13_606,chr13,60700000,60600000
chr13_607,chr13,60800000,60700000
chr13_608,chr13,60900000,60800000
chr13_609,chr13,61000000,60900000
chr13_610,chr13,61100000,61000000
chr13_611,chr13,61200000,61100000
chr13_612,chr13,61300000,61200000
chr13_613,chr13,61400000,61300000
chr13_614,chr13,61500000,61400000
chr13_615,chr13,61600000,61500000
chr13_616,chr13,61700000,61600000
chr13_617,chr13,61800000,61700000
chr13_618,chr13,61900000,61800000
chr13_619,chr13,62000000,61900000
chr13_620,chr13,62100000,62000000
chr13_621,chr13,62200000,62100000
chr13_622,chr13,62300000,62200000
chr13_623,chr13,62400000,62300000
chr13_624,chr13,62500000,62400000
chr13_625,chr13,62600000,62500000
chr13_626,chr13,62700000,62600000
chr13_627,chr13,62800000,62700000
chr13_628,chr13,62900000,62800000
chr13_629,chr13,63000000,62900000
chr13_630,chr13,63100000,63000000
chr13_631,chr13,63200000,63100000
chr13_632,chr13,63300000,63200000
chr13_633,chr13,63400000,63300000
chr13_634,chr13,63500000,63400000
chr13_635,chr13,63600000,63500000
chr13_636,chr13,63700000,63600000
chr13_637,chr13,63800000,63700000
chr13_638,chr13,63900000,63800000
chr13_639,chr13,64000000,63900000
chr13_640,chr13,64100000,64000000
chr13_641,chr13,64200000,64100000
chr13_642,chr13,64300000,64200000
chr13_643,chr13,64400000,64300000
chr13_644,chr13,64500000,64400000
chr13_645,chr13,64600000,64500000
chr13_646,chr13,64700000,64600000
chr13_647,chr13,64800000,64700000
chr13_648,chr13,64900000,64800000
chr13_649,chr13,65000000,64900000
chr13_650,chr13,65100000,65000000
chr13_651,chr13,65200000,65100000
chr13_652,chr13,65300000,65200000
chr13_653,chr13,65400000,65300000
chr13_654,chr13,65500000,65400000
chr13_655,chr13,65600000,65500000
chr13_656,chr13,65700000,65600000
chr13_657,chr13,65800000,65700000
chr13_658,chr13,65900000,65800000
chr13_659,chr13,66000000,65900000
chr13_660,chr13,66100000,66000000
chr13_661,chr13,66200000,66100000
chr13_662,chr13,66300000,66200000
chr13_663,chr13,66400000,66300000
chr13_664,chr13,66500000,66400000
chr13_665,chr13,66600000,66500000
chr13_666,chr13,66700000,66600000
chr13_667,chr13,66800000,66700000
chr13_668,chr13,66900000,66800000
chr13_669,chr13,67000000,66900000
chr13_670,chr13,67100000,67000000
chr13_671,chr13,67200000,67100000
chr13_672,chr13,67300000,67200000
chr13_673,chr13,67400000,67300000
chr13_674,chr13,67500000,67400000
chr13_675,chr13,67600000,67500000
chr13_676,chr13,67700000,67600000
chr13_677,chr13,67800000,67700000
chr13_678,chr13,67900000,67800000
chr13_679,chr13,68000000,67900000
chr13_680,chr13,68100000,68000000
chr13_681,chr13,68200000,68100000
chr13_682,chr13,68300000,68200000
chr13_683,chr13,68400000,68300000
chr13_684,chr13,68500000,68400000
chr13_685,chr13,68600000,68500000
chr13_686,chr13,68700000,68600000
chr13_687,chr13,68800000,68700000
chr13_688,chr13,68900000,68800000
chr13_689,chr13,69000000,68900000
chr13_690,chr13,69100000,69000000
chr13_691,chr13,69200000,69100000
chr13_692,chr13,69300000,69200000
chr13_693,chr13,69400000,69300000
chr13_694,chr13,69500000,69400000
chr13_695,chr13,69600000,69500000
chr13_696,chr13,69700000,69600000
chr13_697,chr13,69800000,69700000
chr13_698,chr13,69900000,69800000
chr13_699,chr13,70000000,69900000
chr13_700,chr13,70100000,70000000
chr13_701,chr13,70200000,70100000
chr13_702,chr13,70300000,70200000
chr13_703,chr13,70400000,70300000
chr13_704,chr13,70500000,70400000
chr13_705,chr13,70600000,70500000
chr13_706,chr13,70700000,70600000
chr13_707,chr13,70800000,70700000
chr13_708,chr13,70900000,70800000
chr13_709,chr13,71000000,70900000
chr13_710,chr13,71100000,71000000
chr13_711,chr13,71200000,71100000
chr13_712,chr13,71300000,71200000
chr13_713,chr13,71400000,71300000
chr13_714,chr13,71500000,71400000
chr13_715,chr13,71600000,71500000
chr13_716,chr13,71700000,71600000
chr13_717,chr13,71800000,71700000
chr13_718,chr13,71900000,71800000
chr13_719,chr13,72000000,71900000
chr13_720,chr13,72100000,72000000
chr13_721,chr13,72200000,72100000
chr13_722,chr13,72300000,72200000
chr13_723,chr13,72400000,72300000
chr13_724,chr13,72500000,72400000
chr13_725,chr13,72600000,72500000
chr13_726,chr13,72700000,72600000
chr13_727,chr13,72800000,72700000
chr13_728,chr13,72900000,72800000
chr13_729,chr13,73000000,72900000
chr13_730,chr13,73100000,73000000
chr13_731,chr13,73200000,73100000
chr13_732,chr13,73300000,73200000
chr13_733,chr13,73400000,73300000
chr13_734,chr13,73500000,73400000
chr13_735,chr13,73600000,73500000
chr13_736,chr13,73700000,73600000
chr13_737,chr13,73800000,73700000
chr13_738,chr13,73900000,73800000
chr13_739,chr13,74000000,73900000
chr13_740,chr13,74100000,74000000
chr13_741,chr13,74200000,74100000
chr13_742,chr13,74300000,74200000
chr13_743,chr13,74400000,74300000
chr13_744,chr13,74500000,74400000
chr13_745,chr13,74600000,74500000
chr13_746,chr13,74700000,74600000
chr13_747,chr13,74800000,74700000
chr13_748,chr13,74900000,74800000
chr13_749,chr13,75000000,74900000
chr13_750,chr13,75100000,75000000
chr13_751,chr13,75200000,75100000
chr13_752,chr13,75300000,75200000
chr13_753,chr13,75400000,75300000
chr13_754,chr13,75500000,75400000
chr13_755,chr13,75600000,75500000
chr13_756,chr13,75700000,75600000
chr13_757,chr13,75800000,75700000
chr13_758,chr13,75900000,75800000
chr13_759,chr13,76000000,75900000
chr13_760,chr13,76100000,76000000
chr13_761,chr13,76200000,76100000
chr13_762,chr13,76300000,76200000
chr13_763,chr13,76400000,76300000
chr13_764,chr13,76500000,76400000
chr13_765,chr13,76600000,76500000
chr13_766,chr13,76700000,76600000
chr13_767,chr13,76800000,76700000
chr13_768,chr13,76900000,76800000
chr13_769,chr13,77000000,76900000
chr13_770,chr13,77100000,77000000
chr13_771,chr13,77200000,77100000
chr13_772,chr13,77300000,77200000
chr13_773,chr13,77400000,77300000
chr13_774,chr13,77500000,77400000
chr13_775,chr13,77600000,77500000
chr13_776,chr13,77700000,77600000
chr13_777,chr13,77800000,77700000
chr13_778,chr13,77900000,77800000
chr13_779,chr13,78000000,77900000
chr13_780,chr13,78100000,78000000
chr13_781,chr13,78200000,78100000
chr13_782,chr13,78300000,78200000
chr13_783,chr13,78400000,78300000
chr13_784,chr13,78500000,78400000
chr13_785,chr13,78600000,78500000
chr13_786,chr13,78700000,78600000
chr13_787,chr13,78800000,78700000
chr13_788,chr13,78900000,78800000
chr13_789,chr13,79000000,78900000
chr13_790,chr13,79100000,79000000
chr13_791,chr13,79200000,79100000
chr13_792,chr13,79300000,79200000
chr13_793,chr13,79400000,79300000
chr13_794,chr13,79500000,79400000
chr13_795,chr13,79600000,79500000
chr13_796,chr13,79700000,79600000
chr13_797,chr13,79800000,79700000
chr13_798,chr13,79900000,79800000
chr13_799,chr13,80000000,79900000
chr13_800,chr13,80100000,80000000
chr13_801,chr13,80200000,80100000
chr13_802,chr13,80300000,80200000
chr13_803,chr13,80400000,80300000
chr13_804,chr13,80500000,80400000
chr13_805,chr13,80600000,80500000
chr13_806,chr13,80700000,80600000
chr13_807,chr13,80800000,80700000
chr13_808,chr13,80900000,80800000
chr13_809,chr13,81000000,80900000
chr13_810,chr13,81100000,81000000
chr13_811,chr13,81200000,81100000
chr13_812,chr13,81300000,81200000
chr13_813,chr13,81400000,81300000
chr13_814,chr13,81500000,81400000
chr13_815,chr13,81600000,81500000
chr13_816,chr13,81700000,81600000
chr13_817,chr13,81800000,81700000
chr13_818,chr13,81900000,81800000
chr13_819,chr13,82000000,81900000
chr13_820,chr13,82100000,82000000
chr13_821,chr13,82200000,82100000
chr13_822,chr13,82300000,82200000
chr13_823,chr13,82400000,82300000
chr13_824,chr13,82500000,82400000
chr13_825,chr13,82600000,82500000
chr13_826,chr13,82700000,82600000
chr13_827,chr13,82800000,82700000
chr13_828,chr13,82900000,82800000
chr13_829,chr13,83000000,82900000
chr13_830,chr13,83100000,83000000
chr13_831,chr13,83200000,83100000
chr13_832,chr13,83300000,83200000
chr13_833,chr13,83400000,83300000
chr13_834,chr13,83500000,83400000
chr13_835,chr13,83600000,83500000
chr13_836,chr13,83700000,83600000
chr13_837,chr13,83800000,83700000
chr13_838,chr13,83900000,83800000
chr13_839,chr13,84000000,83900000
chr13_840,chr13,84100000,84000000
chr13_841,chr13,84200000,84100000
chr13_842,chr13,84300000,84200000
chr13_843,chr13,84400000,84300000
chr13_844,chr13,84500000,84400000
chr13_845,chr13,84600000,84500000
chr13_846,chr13,84700000,84600000
chr13_847,chr13,84800000,84700000
chr13_848,chr13,84900000,84800000
chr13_849,chr13,85000000,84900000
chr13_850,chr13,85100000,85000000
chr13_851,chr13,85200000,85100000
chr13_852,chr13,85300000,85200000
chr13_853,chr13,85400000,85300000
chr13_854,chr13,85500000,85400000
chr13_855,chr13,85600000,85500000
chr13_856,chr13,85700000,85600000
chr13_857,chr13,85800000,85700000
chr13_858,chr13,85900000,85800000
chr13_859,chr13,86000000,85900000
chr13_860,chr13,86100000,86000000
chr13_861,chr13,86200000,86100000
chr13_862,chr13,86300000,86200000
chr13_863,chr13,86400000,86300000
chr13_864,chr13,86500000,86400000
chr13_865,chr13,86600000,86500000
chr13_866,chr13,86700000,86600000
chr13_867,chr13,86800000,86700000
chr13_868,chr13,86900000,86800000
chr13_869,chr13,87000000,86900000
chr13_870,chr13,87100000,87000000
chr13_871,chr13,87200000,87100000
chr13_872,chr13,87300000,87200000
chr13_873,chr13,87400000,87300000
chr13_874,chr13,87500000,87400000
chr13_875,chr13,87600000,87500000
chr13_876,chr13,87700000,87600000
chr13_877,chr13,87800000,87700000
chr13_878,chr13,87900000,87800000
chr13_879,chr13,88000000,87900000
chr13_880,chr13,88100000,88000000
chr13_881,chr13,88200000,88100000
chr13_882,chr13,88300000,88200000
chr13_883,chr13,88400000,88300000
chr13_884,chr13,88500000,88400000
chr13_885,chr13,88600000,88500000
chr13_886,chr13,88700000,88600000
chr13_887,chr13,88800000,88700000
chr13_888,chr13,88900000,88800000
chr13_889,chr13,89000000,88900000
chr13_890,chr13,89100000,89000000
chr13_891,chr13,89200000,89100000
chr13_892,chr13,89300000,89200000
chr13_893,chr13,89400000,89300000
chr13_894,chr13,89500000,89400000
chr13_895,chr13,89600000,89500000
chr13_896,chr13,89700000,89600000
chr13_897,chr13,89800000,89700000
chr13_898,chr13,89900000,89800000
chr13_899,chr13,90000000,89900000
chr13_900,chr13,90100000,90000000
chr13_901,chr13,90200000,90100000
chr13_902,chr13,90300000,90200000
chr13_903,chr13,90400000,90300000
chr13_904,chr13,90500000,90400000
chr13_905,chr13,90600000,90500000
chr13_906,chr13,90700000,90600000
chr13_907,chr13,90800000,90700000
chr13_908,chr13,90900000,90800000
chr13_909,chr13,91000000,90900000
chr13_910,chr13,91100000,91000000
chr13_911,chr13,91200000,91100000
chr13_912,chr13,91300000,91200000
chr13_913,chr13,91400000,91300000
chr13_914,chr13,91500000,91400000
chr13_915,chr13,91600000,91500000
chr13_916,chr13,91700000,91600000
chr13_917,chr13,91800000,91700000
chr13_918,chr13,91900000,91800000
chr13_919,chr13,92000000,91900000
chr13_920,chr13,92100000,92000000
chr13_921,chr13,92200000,92100000
chr13_922,chr13,92300000,92200000
chr13_923,chr13,92400000,92300000
chr13_924,chr13,92500000,92400000
chr13_925,chr13,92600000,92500000
chr13_926,chr13,92700000,92600000
chr13_927,chr13,92800000,92700000
chr13_928,chr13,92900000,92800000
chr13_929,chr13,93000000,92900000
chr13_930,chr13,93100000,93000000
chr13_931,chr13,93200000,93100000
chr13_932,chr13,93300000,93200000
chr13_933,chr13,93400000,93300000
chr13_934,chr13,93500000,93400000
chr13_935,chr13,93600000,93500000
chr13_936,chr13,93700000,93600000
chr13_937,chr13,93800000,93700000
chr13_938,chr13,93900000,93800000
chr13_939,chr13,94000000,93900000
chr13_940,chr13,94100000,94000000
chr13_941,chr13,94200000,94100000
chr13_942,chr13,94300000,94200000
chr13_943,chr13,94400000,94300000
chr13_944,chr13,94500000,94400000
chr13_945,chr13,94600000,94500000
chr13_946,chr13,94700000,94600000
chr13_947,chr13,94800000,94700000
chr13_948,chr13,94900000,94800000
chr13_949,chr13,95000000,94900000
chr13_950,chr13,95100000,95000000
chr13_951,chr13,95200000,95100000
chr13_952,chr13,95300000,95200000
chr13_953,chr13,95400000,95300000
chr13_954,chr13,95500000,95400000
chr13_955,chr13,95600000,95500000
chr13_956,chr13,95700000,95600000
chr13_957,chr13,95800000,95700000
chr13_958,chr13,95900000,95800000
chr13_959,chr13,96000000,95900000
chr13_960,chr13,96100000,96000000
chr13_961,chr13,96200000,96100000
chr13_962,chr13,96300000,96200000
chr13_963,chr13,96400000,96300000
chr13_964,chr13,96500000,96400000
chr13_965,chr13,96600000,96500000
chr13_966,chr13,96700000,96600000
chr13_967,chr13,96800000,96700000
chr13_968,chr13,96900000,96800000
chr13_969,chr13,97000000,96900000
chr13_970,chr13,97100000,97000000
chr13_971,chr13,97200000,97100000
chr13_972,chr13,97300000,97200000
chr13_973,chr13,97400000,97300000
chr13_974,chr13,97500000,97400000
chr13_975,chr13,97600000,97500000
chr13_976,chr13,97700000,97600000
chr13_977,chr13,97800000,97700000
chr13_978,chr13,97900000,97800000
chr13_979,chr13,98000000,97900000
chr13_980,chr13,98100000,98000000
chr13_981,chr13,98200000,98100000
chr13_982,chr13,98300000,98200000
chr13_983,chr13,98400000,98300000
chr13_984,chr13,98500000,98400000
chr13_985,chr13,98600000,98500000
chr13_986,chr13,98700000,98600000
chr13_987,chr13,98800000,98700000
chr13_988,chr13,98900000,98800000
chr13_989,chr13,99000000,98900000
chr13_990,chr13,99100000,99000000
chr13_991,chr13,99200000,99100000
chr13_992,chr13,99300000,99200000
chr13_993,chr13,99400000,99300000
chr13_994,chr13,99500000,99400000
chr13_995,chr13,99600000,99500000
chr13_996,chr13,99700000,99600000
chr13_997,chr13,99800000,99700000
chr13_998,chr13,99900000,99800000
chr13_999,chr13,100000000,99900000
chr13_1000,chr13,100100000,100000000
chr13_1001,chr13,100200000,100100000
chr13_1002,chr13,100300000,100200000
chr13_1003,chr13,100400000,100300000
chr13_1004,chr13,100500000,100400000
chr13_1005,chr13,100600000,100500000
chr13_1006,chr13,100700000,100600000
chr13_1007,chr13,100800000,100700000
chr13_1008,chr13,100900000,100800000
chr13_1009,chr13,101000000,100900000
chr13_1010,chr13,101100000,101000000
chr13_1011,chr13,101200000,101100000
chr13_1012,chr13,101300000,101200000
chr13_1013,chr13,101400000,101300000
chr13_1014,chr13,101500000,101400000
chr13_1015,chr13,101600000,101500000
chr13_1016,chr13,101700000,101600000
chr13_1017,chr13,101800000,101700000
chr13_1018,chr13,101900000,101800000
chr13_1019,chr13,102000000,101900000
chr13_1020,chr13,102100000,102000000
chr13_1021,chr13,102200000,102100000
chr13_1022,chr13,102300000,102200000
chr13_1023,chr13,102400000,102300000
chr13_1024,chr13,102500000,102400000
chr13_1025,chr13,102600000,102500000
chr13_1026,chr13,102700000,102600000
chr13_1027,chr13,102800000,102700000
chr13_1028,chr13,102900000,102800000
chr13_1029,chr13,103000000,102900000
chr13_1030,chr13,103100000,103000000
chr13_1031,chr13,103200000,103100000
chr13_1032,chr13,103300000,103200000
chr13_1033,chr13,103400000,103300000
chr13_1034,chr13,103500000,103400000
chr13_1035,chr13,103600000,103500000
chr13_1036,chr13,103700000,103600000
chr13_1037,chr13,103800000,103700000
chr13_1038,chr13,103900000,103800000
chr13_1039,chr13,104000000,103900000
chr13_1040,chr13,104100000,104000000
chr13_1041,chr13,104200000,104100000
chr13_1042,chr13,104300000,104200000
chr13_1043,chr13,104400000,104300000
chr13_1044,chr13,104500000,104400000
chr13_1045,chr13,104600000,104500000
chr13_1046,chr13,104700000,104600000
chr13_1047,chr13,104800000,104700000
chr13_1048,chr13,104900000,104800000
chr13_1049,chr13,105000000,104900000
chr13_1050,chr13,105100000,105000000
chr13_1051,chr13,105200000,105100000
chr13_1052,chr13,105300000,105200000
chr13_1053,chr13,105400000,105300000
chr13_1054,chr13,105500000,105400000
chr13_1055,chr13,105600000,105500000
chr13_1056,chr13,105700000,105600000
chr13_1057,chr13,105800000,105700000
chr13_1058,chr13,105900000,105800000
chr13_1059,chr13,106000000,105900000
chr13_1060,chr13,106100000,106000000
chr13_1061,chr13,106200000,106100000
chr13_1062,chr13,106300000,106200000
chr13_1063,chr13,106400000,106300000
chr13_1064,chr13,106500000,106400000
chr13_1065,chr13,106600000,106500000
chr13_1066,chr13,106700000,106600000
chr13_1067,chr13,106800000,106700000
chr13_1068,chr13,106900000,106800000
chr13_1069,chr13,107000000,106900000
chr13_1070,chr13,107100000,107000000
chr13_1071,chr13,107200000,107100000
chr13_1072,chr13,107300000,107200000
chr13_1073,chr13,107400000,107300000
chr13_1074,chr13,107500000,107400000
chr13_1075,chr13,107600000,107500000
chr13_1076,chr13,107700000,107600000
chr13_1077,chr13,107800000,107700000
chr13_1078,chr13,107900000,107800000
chr13_1079,chr13,108000000,107900000
chr13_1080,chr13,108100000,108000000
chr13_1081,chr13,108200000,108100000
chr13_1082,chr13,108300000,108200000
chr13_1083,chr13,108400000,108300000
chr13_1084,chr13,108500000,108400000
chr13_1085,chr13,108600000,108500000
chr13_1086,chr13,108700000,108600000
chr13_1087,chr13,108800000,108700000
chr13_1088,chr13,108900000,108800000
chr13_1089,chr13,109000000,108900000
chr13_1090,chr13,109100000,109000000
chr13_1091,chr13,109200000,109100000
chr13_1092,chr13,109300000,109200000
chr13_1093,chr13,109400000,109300000
chr13_1094,chr13,109500000,109400000
chr13_1095,chr13,109600000,109500000
chr13_1096,chr13,109700000,109600000
chr13_1097,chr13,109800000,109700000
chr13_1098,chr13,109900000,109800000
chr13_1099,chr13,110000000,109900000
chr13_1100,chr13,110100000,110000000
chr13_1101,chr13,110200000,110100000
chr13_1102,chr13,110300000,110200000
chr13_1103,chr13,110400000,110300000
chr13_1104,chr13,110500000,110400000
chr13_1105,chr13,110600000,110500000
chr13_1106,chr13,110700000,110600000
chr13_1107,chr13,110800000,110700000
chr13_1108,chr13,110900000,110800000
chr13_1109,chr13,111000000,110900000
chr13_1110,chr13,111100000,111000000
chr13_1111,chr13,111200000,111100000
chr13_1112,chr13,111300000,111200000
chr13_1113,chr13,111400000,111300000
chr13_1114,chr13,111500000,111400000
chr13_1115,chr13,111600000,111500000
chr13_1116,chr13,111700000,111600000
chr13_1117,chr13,111800000,111700000
chr13_1118,chr13,111900000,111800000
chr13_1119,chr13,112000000,111900000
chr13_1120,chr13,112100000,112000000
chr13_1121,chr13,112200000,112100000
chr13_1122,chr13,112300000,112200000
chr13_1123,chr13,112400000,112300000
chr13_1124,chr13,112500000,112400000
chr13_1125,chr13,112600000,112500000
chr13_1126,chr13,112700000,112600000
chr13_1127,chr13,112800000,112700000
chr13_1128,chr13,112900000,112800000
chr13_1129,chr13,113000000,112900000
chr13_1130,chr13,113100000,113000000
chr13_1131,chr13,113200000,113100000
chr13_1132,chr13,113300000,113200000
chr13_1133,chr13,113400000,113300000
chr13_1134,chr13,113500000,113400000
chr13_1135,chr13,113600000,113500000
chr13_1136,chr13,113700000,113600000
chr13_1137,chr13,113800000,113700000
chr13_1138,chr13,113900000,113800000
chr13_1139,chr13,114000000,113900000
chr13_1140,chr13,114100000,114000000
chr13_1141,chr13,114200000,114100000
chr13_1142,chr13,114300000,114200000
chr13_1143,chr13,114400000,114300000
chr13_1144,chr13,114500000,114400000
chr13_1145,chr13,114600000,114500000
chr13_1146,chr13,114700000,114600000
chr13_1147,chr13,114800000,114700000
chr13_1148,chr13,114900000,114800000
chr13_1149,chr13,115000000,114900000
chr13_1150,chr13,115100000,115000000
chr13_1151,chr13,115200000,115100000
chr13_1152,chr13,115300000,115200000
chr13_1153,chr13,115400000,115300000
chr13_1154,chr13,115500000,115400000
chr13_1155,chr13,115600000,115500000
chr13_1156,chr13,115700000,115600000
chr13_1157,chr13,115800000,115700000
chr13_1158,chr13,115900000,115800000
chr13_1159,chr13,116000000,115900000
chr13_1160,chr13,116100000,116000000
chr13_1161,chr13,116200000,116100000
chr13_1162,chr13,116300000,116200000
chr13_1163,chr13,116400000,116300000
chr13_1164,chr13,116500000,116400000
chr13_1165,chr13,116600000,116500000
chr13_1166,chr13,116700000,116600000
chr13_1167,chr13,116800000,116700000
chr13_1168,chr13,116900000,116800000
chr13_1169,chr13,117000000,116900000
chr13_1170,chr13,117100000,117000000
chr13_1171,chr13,117200000,117100000
chr13_1172,chr13,117300000,117200000
chr13_1173,chr13,117400000,117300000
chr13_1174,chr13,117500000,117400000
chr13_1175,chr13,117600000,117500000
chr13_1176,chr13,117700000,117600000
chr13_1177,chr13,117800000,117700000
chr13_1178,chr13,117900000,117800000
chr13_1179,chr13,118000000,117900000
chr13_1180,chr13,118100000,118000000
chr13_1181,chr13,118200000,118100000
chr13_1182,chr13,118300000,118200000
chr13_1183,chr13,118400000,118300000
chr13_1184,chr13,118500000,118400000
chr13_1185,chr13,118600000,118500000
chr13_1186,chr13,118700000,118600000
chr13_1187,chr13,118800000,118700000
chr13_1188,chr13,118900000,118800000
chr13_1189,chr13,119000000,118900000
chr13_1190,chr13,119100000,119000000
chr13_1191,chr13,119200000,119100000
chr13_1192,chr13,119300000,119200000
chr13_1193,chr13,119400000,119300000
chr13_1194,chr13,119500000,119400000
chr13_1195,chr13,119600000,119500000
chr13_1196,chr13,119700000,119600000
chr13_1197,chr13,119800000,119700000
chr13_1198,chr13,119900000,119800000
chr13_1199,chr13,120000000,119900000
chr13_1200,chr13,120100000,120000000
chr13_1201,chr13,120200000,120100000
chr13_1202,chr13,120300000,120200000
chr13_1203,chr13,120400000,120300000
chr13_1204,chr13,120421639,120400000
chr14_0,chr14,100000,0
chr14_1,chr14,200000,100000
chr14_2,chr14,300000,200000
chr14_3,chr14,400000,300000
chr14_4,chr14,500000,400000
chr14_5,chr14,600000,500000
chr14_6,chr14,700000,600000
chr14_7,chr14,800000,700000
chr14_8,chr14,900000,800000
chr14_9,chr14,1000000,900000
chr14_10,chr14,1100000,1000000
chr14_11,chr14,1200000,1100000
chr14_12,chr14,1300000,1200000
chr14_13,chr14,1400000,1300000
chr14_14,chr14,1500000,1400000
chr14_15,chr14,1600000,1500000
chr14_16,chr14,1700000,1600000
chr14_17,chr14,1800000,1700000
chr14_18,chr14,1900000,1800000
chr14_19,chr14,2000000,1900000
chr14_20,chr14,2100000,2000000
chr14_21,chr14,2200000,2100000
chr14_22,chr14,2300000,2200000
chr14_23,chr14,2400000,2300000
chr14_24,chr14,2500000,2400000
chr14_25,chr14,2600000,2500000
chr14_26,chr14,2700000,2600000
chr14_27,chr14,2800000,2700000
chr14_28,chr14,2900000,2800000
chr14_29,chr14,3000000,2900000
chr14_30,chr14,3100000,3000000
chr14_31,chr14,3200000,3100000
chr14_32,chr14,3300000,3200000
chr14_33,chr14,3400000,3300000
chr14_34,chr14,3500000,3400000
chr14_35,chr14,3600000,3500000
chr14_36,chr14,3700000,3600000
chr14_37,chr14,3800000,3700000
chr14_38,chr14,3900000,3800000
chr14_39,chr14,4000000,3900000
chr14_40,chr14,4100000,4000000
chr14_41,chr14,4200000,4100000
chr14_42,chr14,4300000,4200000
chr14_43,chr14,4400000,4300000
chr14_44,chr14,4500000,4400000
chr14_45,chr14,4600000,4500000
chr14_46,chr14,4700000,4600000
chr14_47,chr14,4800000,4700000
chr14_48,chr14,4900000,4800000
chr14_49,chr14,5000000,4900000
chr14_50,chr14,5100000,5000000
chr14_51,chr14,5200000,5100000
chr14_52,chr14,5300000,5200000
chr14_53,chr14,5400000,5300000
chr14_54,chr14,5500000,5400000
chr14_55,chr14,5600000,5500000
chr14_56,chr14,5700000,5600000
chr14_57,chr14,5800000,5700000
chr14_58,chr14,5900000,5800000
chr14_59,chr14,6000000,5900000
chr14_60,chr14,6100000,6000000
chr14_61,chr14,6200000,6100000
chr14_62,chr14,6300000,6200000
chr14_63,chr14,6400000,6300000
chr14_64,chr14,6500000,6400000
chr14_65,chr14,6600000,6500000
chr14_66,chr14,6700000,6600000
chr14_67,chr14,6800000,6700000
chr14_68,chr14,6900000,6800000
chr14_69,chr14,7000000,6900000
chr14_70,chr14,7100000,7000000
chr14_71,chr14,7200000,7100000
chr14_72,chr14,7300000,7200000
chr14_73,chr14,7400000,7300000
chr14_74,chr14,7500000,7400000
chr14_75,chr14,7600000,7500000
chr14_76,chr14,7700000,7600000
chr14_77,chr14,7800000,7700000
chr14_78,chr14,7900000,7800000
chr14_79,chr14,8000000,7900000
chr14_80,chr14,8100000,8000000
chr14_81,chr14,8200000,8100000
chr14_82,chr14,8300000,8200000
chr14_83,chr14,8400000,8300000
chr14_84,chr14,8500000,8400000
chr14_85,chr14,8600000,8500000
chr14_86,chr14,8700000,8600000
chr14_87,chr14,8800000,8700000
chr14_88,chr14,8900000,8800000
chr14_89,chr14,9000000,8900000
chr14_90,chr14,9100000,9000000
chr14_91,chr14,9200000,9100000
chr14_92,chr14,9300000,9200000
chr14_93,chr14,9400000,9300000
chr14_94,chr14,9500000,9400000
chr14_95,chr14,9600000,9500000
chr14_96,chr14,9700000,9600000
chr14_97,chr14,9800000,9700000
chr14_98,chr14,9900000,9800000
chr14_99,chr14,10000000,9900000
chr14_100,chr14,10100000,10000000
chr14_101,chr14,10200000,10100000
chr14_102,chr14,10300000,10200000
chr14_103,chr14,10400000,10300000
chr14_104,chr14,10500000,10400000
chr14_105,chr14,10600000,10500000
chr14_106,chr14,10700000,10600000
chr14_107,chr14,10800000,10700000
chr14_108,chr14,10900000,10800000
chr14_109,chr14,11000000,10900000
chr14_110,chr14,11100000,11000000
chr14_111,chr14,11200000,11100000
chr14_112,chr14,11300000,11200000
chr14_113,chr14,11400000,11300000
chr14_114,chr14,11500000,11400000
chr14_115,chr14,11600000,11500000
chr14_116,chr14,11700000,11600000
chr14_117,chr14,11800000,11700000
chr14_118,chr14,11900000,11800000
chr14_119,chr14,12000000,11900000
chr14_120,chr14,12100000,12000000
chr14_121,chr14,12200000,12100000
chr14_122,chr14,12300000,12200000
chr14_123,chr14,12400000,12300000
chr14_124,chr14,12500000,12400000
chr14_125,chr14,12600000,12500000
chr14_126,chr14,12700000,12600000
chr14_127,chr14,12800000,12700000
chr14_128,chr14,12900000,12800000
chr14_129,chr14,13000000,12900000
chr14_130,chr14,13100000,13000000
chr14_131,chr14,13200000,13100000
chr14_132,chr14,13300000,13200000
chr14_133,chr14,13400000,13300000
chr14_134,chr14,13500000,13400000
chr14_135,chr14,13600000,13500000
chr14_136,chr14,13700000,13600000
chr14_137,chr14,13800000,13700000
chr14_138,chr14,13900000,13800000
chr14_139,chr14,14000000,13900000
chr14_140,chr14,14100000,14000000
chr14_141,chr14,14200000,14100000
chr14_142,chr14,14300000,14200000
chr14_143,chr14,14400000,14300000
chr14_144,chr14,14500000,14400000
chr14_145,chr14,14600000,14500000
chr14_146,chr14,14700000,14600000
chr14_147,chr14,14800000,14700000
chr14_148,chr14,14900000,14800000
chr14_149,chr14,15000000,14900000
chr14_150,chr14,15100000,15000000
chr14_151,chr14,15200000,15100000
chr14_152,chr14,15300000,15200000
chr14_153,chr14,15400000,15300000
chr14_154,chr14,15500000,15400000
chr14_155,chr14,15600000,15500000
chr14_156,chr14,15700000,15600000
chr14_157,chr14,15800000,15700000
chr14_158,chr14,15900000,15800000
chr14_159,chr14,16000000,15900000
chr14_160,chr14,16100000,16000000
chr14_161,chr14,16200000,16100000
chr14_162,chr14,16300000,16200000
chr14_163,chr14,16400000,16300000
chr14_164,chr14,16500000,16400000
chr14_165,chr14,16600000,16500000
chr14_166,chr14,16700000,16600000
chr14_167,chr14,16800000,16700000
chr14_168,chr14,16900000,16800000
chr14_169,chr14,17000000,16900000
chr14_170,chr14,17100000,17000000
chr14_171,chr14,17200000,17100000
chr14_172,chr14,17300000,17200000
chr14_173,chr14,17400000,17300000
chr14_174,chr14,17500000,17400000
chr14_175,chr14,17600000,17500000
chr14_176,chr14,17700000,17600000
chr14_177,chr14,17800000,17700000
chr14_178,chr14,17900000,17800000
chr14_179,chr14,18000000,17900000
chr14_180,chr14,18100000,18000000
chr14_181,chr14,18200000,18100000
chr14_182,chr14,18300000,18200000
chr14_183,chr14,18400000,18300000
chr14_184,chr14,18500000,18400000
chr14_185,chr14,18600000,18500000
chr14_186,chr14,18700000,18600000
chr14_187,chr14,18800000,18700000
chr14_188,chr14,18900000,18800000
chr14_189,chr14,19000000,18900000
chr14_190,chr14,19100000,19000000
chr14_191,chr14,19200000,19100000
chr14_192,chr14,19300000,19200000
chr14_193,chr14,19400000,19300000
chr14_194,chr14,19500000,19400000
chr14_195,chr14,19600000,19500000
chr14_196,chr14,19700000,19600000
chr14_197,chr14,19800000,19700000
chr14_198,chr14,19900000,19800000
chr14_199,chr14,20000000,19900000
chr14_200,chr14,20100000,20000000
chr14_201,chr14,20200000,20100000
chr14_202,chr14,20300000,20200000
chr14_203,chr14,20400000,20300000
chr14_204,chr14,20500000,20400000
chr14_205,chr14,20600000,20500000
chr14_206,chr14,20700000,20600000
chr14_207,chr14,20800000,20700000
chr14_208,chr14,20900000,20800000
chr14_209,chr14,21000000,20900000
chr14_210,chr14,21100000,21000000
chr14_211,chr14,21200000,21100000
chr14_212,chr14,21300000,21200000
chr14_213,chr14,21400000,21300000
chr14_214,chr14,21500000,21400000
chr14_215,chr14,21600000,21500000
chr14_216,chr14,21700000,21600000
chr14_217,chr14,21800000,21700000
chr14_218,chr14,21900000,21800000
chr14_219,chr14,22000000,21900000
chr14_220,chr14,22100000,22000000
chr14_221,chr14,22200000,22100000
chr14_222,chr14,22300000,22200000
chr14_223,chr14,22400000,22300000
chr14_224,chr14,22500000,22400000
chr14_225,chr14,22600000,22500000
chr14_226,chr14,22700000,22600000
chr14_227,chr14,22800000,22700000
chr14_228,chr14,22900000,22800000
chr14_229,chr14,23000000,22900000
chr14_230,chr14,23100000,23000000
chr14_231,chr14,23200000,23100000
chr14_232,chr14,23300000,23200000
chr14_233,chr14,23400000,23300000
chr14_234,chr14,23500000,23400000
chr14_235,chr14,23600000,23500000
chr14_236,chr14,23700000,23600000
chr14_237,chr14,23800000,23700000
chr14_238,chr14,23900000,23800000
chr14_239,chr14,24000000,23900000
chr14_240,chr14,24100000,24000000
chr14_241,chr14,24200000,24100000
chr14_242,chr14,24300000,24200000
chr14_243,chr14,24400000,24300000
chr14_244,chr14,24500000,24400000
chr14_245,chr14,24600000,24500000
chr14_246,chr14,24700000,24600000
chr14_247,chr14,24800000,24700000
chr14_248,chr14,24900000,24800000
chr14_249,chr14,25000000,24900000
chr14_250,chr14,25100000,25000000
chr14_251,chr14,25200000,25100000
chr14_252,chr14,25300000,25200000
chr14_253,chr14,25400000,25300000
chr14_254,chr14,25500000,25400000
chr14_255,chr14,25600000,25500000
chr14_256,chr14,25700000,25600000
chr14_257,chr14,25800000,25700000
chr14_258,chr14,25900000,25800000
chr14_259,chr14,26000000,25900000
chr14_260,chr14,26100000,26000000
chr14_261,chr14,26200000,26100000
chr14_262,chr14,26300000,26200000
chr14_263,chr14,26400000,26300000
chr14_264,chr14,26500000,26400000
chr14_265,chr14,26600000,26500000
chr14_266,chr14,26700000,26600000
chr14_267,chr14,26800000,26700000
chr14_268,chr14,26900000,26800000
chr14_269,chr14,27000000,26900000
chr14_270,chr14,27100000,27000000
chr14_271,chr14,27200000,27100000
chr14_272,chr14,27300000,27200000
chr14_273,chr14,27400000,27300000
chr14_274,chr14,27500000,27400000
chr14_275,chr14,27600000,27500000
chr14_276,chr14,27700000,27600000
chr14_277,chr14,27800000,27700000
chr14_278,chr14,27900000,27800000
chr14_279,chr14,28000000,27900000
chr14_280,chr14,28100000,28000000
chr14_281,chr14,28200000,28100000
chr14_282,chr14,28300000,28200000
chr14_283,chr14,28400000,28300000
chr14_284,chr14,28500000,28400000
chr14_285,chr14,28600000,28500000
chr14_286,chr14,28700000,28600000
chr14_287,chr14,28800000,28700000
chr14_288,chr14,28900000,28800000
chr14_289,chr14,29000000,28900000
chr14_290,chr14,29100000,29000000
chr14_291,chr14,29200000,29100000
chr14_292,chr14,29300000,29200000
chr14_293,chr14,29400000,29300000
chr14_294,chr14,29500000,29400000
chr14_295,chr14,29600000,29500000
chr14_296,chr14,29700000,29600000
chr14_297,chr14,29800000,29700000
chr14_298,chr14,29900000,29800000
chr14_299,chr14,30000000,29900000
chr14_300,chr14,30100000,30000000
chr14_301,chr14,30200000,30100000
chr14_302,chr14,30300000,30200000
chr14_303,chr14,30400000,30300000
chr14_304,chr14,30500000,30400000
chr14_305,chr14,30600000,30500000
chr14_306,chr14,30700000,30600000
chr14_307,chr14,30800000,30700000
chr14_308,chr14,30900000,30800000
chr14_309,chr14,31000000,30900000
chr14_310,chr14,31100000,31000000
chr14_311,chr14,31200000,31100000
chr14_312,chr14,31300000,31200000
chr14_313,chr14,31400000,31300000
chr14_314,chr14,31500000,31400000
chr14_315,chr14,31600000,31500000
chr14_316,chr14,31700000,31600000
chr14_317,chr14,31800000,31700000
chr14_318,chr14,31900000,31800000
chr14_319,chr14,32000000,31900000
chr14_320,chr14,32100000,32000000
chr14_321,chr14,32200000,32100000
chr14_322,chr14,32300000,32200000
chr14_323,chr14,32400000,32300000
chr14_324,chr14,32500000,32400000
chr14_325,chr14,32600000,32500000
chr14_326,chr14,32700000,32600000
chr14_327,chr14,32800000,32700000
chr14_328,chr14,32900000,32800000
chr14_329,chr14,33000000,32900000
chr14_330,chr14,33100000,33000000
chr14_331,chr14,33200000,33100000
chr14_332,chr14,33300000,33200000
chr14_333,chr14,33400000,33300000
chr14_334,chr14,33500000,33400000
chr14_335,chr14,33600000,33500000
chr14_336,chr14,33700000,33600000
chr14_337,chr14,33800000,33700000
chr14_338,chr14,33900000,33800000
chr14_339,chr14,34000000,33900000
chr14_340,chr14,34100000,34000000
chr14_341,chr14,34200000,34100000
chr14_342,chr14,34300000,34200000
chr14_343,chr14,34400000,34300000
chr14_344,chr14,34500000,34400000
chr14_345,chr14,34600000,34500000
chr14_346,chr14,34700000,34600000
chr14_347,chr14,34800000,34700000
chr14_348,chr14,34900000,34800000
chr14_349,chr14,35000000,34900000
chr14_350,chr14,35100000,35000000
chr14_351,chr14,35200000,35100000
chr14_352,chr14,35300000,35200000
chr14_353,chr14,35400000,35300000
chr14_354,chr14,35500000,35400000
chr14_355,chr14,35600000,35500000
chr14_356,chr14,35700000,35600000
chr14_357,chr14,35800000,35700000
chr14_358,chr14,35900000,35800000
chr14_359,chr14,36000000,35900000
chr14_360,chr14,36100000,36000000
chr14_361,chr14,36200000,36100000
chr14_362,chr14,36300000,36200000
chr14_363,chr14,36400000,36300000
chr14_364,chr14,36500000,36400000
chr14_365,chr14,36600000,36500000
chr14_366,chr14,36700000,36600000
chr14_367,chr14,36800000,36700000
chr14_368,chr14,36900000,36800000
chr14_369,chr14,37000000,36900000
chr14_370,chr14,37100000,37000000
chr14_371,chr14,37200000,37100000
chr14_372,chr14,37300000,37200000
chr14_373,chr14,37400000,37300000
chr14_374,chr14,37500000,37400000
chr14_375,chr14,37600000,37500000
chr14_376,chr14,37700000,37600000
chr14_377,chr14,37800000,37700000
chr14_378,chr14,37900000,37800000
chr14_379,chr14,38000000,37900000
chr14_380,chr14,38100000,38000000
chr14_381,chr14,38200000,38100000
chr14_382,chr14,38300000,38200000
chr14_383,chr14,38400000,38300000
chr14_384,chr14,38500000,38400000
chr14_385,chr14,38600000,38500000
chr14_386,chr14,38700000,38600000
chr14_387,chr14,38800000,38700000
chr14_388,chr14,38900000,38800000
chr14_389,chr14,39000000,38900000
chr14_390,chr14,39100000,39000000
chr14_391,chr14,39200000,39100000
chr14_392,chr14,39300000,39200000
chr14_393,chr14,39400000,39300000
chr14_394,chr14,39500000,39400000
chr14_395,chr14,39600000,39500000
chr14_396,chr14,39700000,39600000
chr14_397,chr14,39800000,39700000
chr14_398,chr14,39900000,39800000
chr14_399,chr14,40000000,39900000
chr14_400,chr14,40100000,40000000
chr14_401,chr14,40200000,40100000
chr14_402,chr14,40300000,40200000
chr14_403,chr14,40400000,40300000
chr14_404,chr14,40500000,40400000
chr14_405,chr14,40600000,40500000
chr14_406,chr14,40700000,40600000
chr14_407,chr14,40800000,40700000
chr14_408,chr14,40900000,40800000
chr14_409,chr14,41000000,40900000
chr14_410,chr14,41100000,41000000
chr14_411,chr14,41200000,41100000
chr14_412,chr14,41300000,41200000
chr14_413,chr14,41400000,41300000
chr14_414,chr14,41500000,41400000
chr14_415,chr14,41600000,41500000
chr14_416,chr14,41700000,41600000
chr14_417,chr14,41800000,41700000
chr14_418,chr14,41900000,41800000
chr14_419,chr14,42000000,41900000
chr14_420,chr14,42100000,42000000
chr14_421,chr14,42200000,42100000
chr14_422,chr14,42300000,42200000
chr14_423,chr14,42400000,42300000
chr14_424,chr14,42500000,42400000
chr14_425,chr14,42600000,42500000
chr14_426,chr14,42700000,42600000
chr14_427,chr14,42800000,42700000
chr14_428,chr14,42900000,42800000
chr14_429,chr14,43000000,42900000
chr14_430,chr14,43100000,43000000
chr14_431,chr14,43200000,43100000
chr14_432,chr14,43300000,43200000
chr14_433,chr14,43400000,43300000
chr14_434,chr14,43500000,43400000
chr14_435,chr14,43600000,43500000
chr14_436,chr14,43700000,43600000
chr14_437,chr14,43800000,43700000
chr14_438,chr14,43900000,43800000
chr14_439,chr14,44000000,43900000
chr14_440,chr14,44100000,44000000
chr14_441,chr14,44200000,44100000
chr14_442,chr14,44300000,44200000
chr14_443,chr14,44400000,44300000
chr14_444,chr14,44500000,44400000
chr14_445,chr14,44600000,44500000
chr14_446,chr14,44700000,44600000
chr14_447,chr14,44800000,44700000
chr14_448,chr14,44900000,44800000
chr14_449,chr14,45000000,44900000
chr14_450,chr14,45100000,45000000
chr14_451,chr14,45200000,45100000
chr14_452,chr14,45300000,45200000
chr14_453,chr14,45400000,45300000
chr14_454,chr14,45500000,45400000
chr14_455,chr14,45600000,45500000
chr14_456,chr14,45700000,45600000
chr14_457,chr14,45800000,45700000
chr14_458,chr14,45900000,45800000
chr14_459,chr14,46000000,45900000
chr14_460,chr14,46100000,46000000
chr14_461,chr14,46200000,46100000
chr14_462,chr14,46300000,46200000
chr14_463,chr14,46400000,46300000
chr14_464,chr14,46500000,46400000
chr14_465,chr14,46600000,46500000
chr14_466,chr14,46700000,46600000
chr14_467,chr14,46800000,46700000
chr14_468,chr14,46900000,46800000
chr14_469,chr14,47000000,46900000
chr14_470,chr14,47100000,47000000
chr14_471,chr14,47200000,47100000
chr14_472,chr14,47300000,47200000
chr14_473,chr14,47400000,47300000
chr14_474,chr14,47500000,47400000
chr14_475,chr14,47600000,47500000
chr14_476,chr14,47700000,47600000
chr14_477,chr14,47800000,47700000
chr14_478,chr14,47900000,47800000
chr14_479,chr14,48000000,47900000
chr14_480,chr14,48100000,48000000
chr14_481,chr14,48200000,48100000
chr14_482,chr14,48300000,48200000
chr14_483,chr14,48400000,48300000
chr14_484,chr14,48500000,48400000
chr14_485,chr14,48600000,48500000
chr14_486,chr14,48700000,48600000
chr14_487,chr14,48800000,48700000
chr14_488,chr14,48900000,48800000
chr14_489,chr14,49000000,48900000
chr14_490,chr14,49100000,49000000
chr14_491,chr14,49200000,49100000
chr14_492,chr14,49300000,49200000
chr14_493,chr14,49400000,49300000
chr14_494,chr14,49500000,49400000
chr14_495,chr14,49600000,49500000
chr14_496,chr14,49700000,49600000
chr14_497,chr14,49800000,49700000
chr14_498,chr14,49900000,49800000
chr14_499,chr14,50000000,49900000
chr14_500,chr14,50100000,50000000
chr14_501,chr14,50200000,50100000
chr14_502,chr14,50300000,50200000
chr14_503,chr14,50400000,50300000
chr14_504,chr14,50500000,50400000
chr14_505,chr14,50600000,50500000
chr14_506,chr14,50700000,50600000
chr14_507,chr14,50800000,50700000
chr14_508,chr14,50900000,50800000
chr14_509,chr14,51000000,50900000
chr14_510,chr14,51100000,51000000
chr14_511,chr14,51200000,51100000
chr14_512,chr14,51300000,51200000
chr14_513,chr14,51400000,51300000
chr14_514,chr14,51500000,51400000
chr14_515,chr14,51600000,51500000
chr14_516,chr14,51700000,51600000
chr14_517,chr14,51800000,51700000
chr14_518,chr14,51900000,51800000
chr14_519,chr14,52000000,51900000
chr14_520,chr14,52100000,52000000
chr14_521,chr14,52200000,52100000
chr14_522,chr14,52300000,52200000
chr14_523,chr14,52400000,52300000
chr14_524,chr14,52500000,52400000
chr14_525,chr14,52600000,52500000
chr14_526,chr14,52700000,52600000
chr14_527,chr14,52800000,52700000
chr14_528,chr14,52900000,52800000
chr14_529,chr14,53000000,52900000
chr14_530,chr14,53100000,53000000
chr14_531,chr14,53200000,53100000
chr14_532,chr14,53300000,53200000
chr14_533,chr14,53400000,53300000
chr14_534,chr14,53500000,53400000
chr14_535,chr14,53600000,53500000
chr14_536,chr14,53700000,53600000
chr14_537,chr14,53800000,53700000
chr14_538,chr14,53900000,53800000
chr14_539,chr14,54000000,53900000
chr14_540,chr14,54100000,54000000
chr14_541,chr14,54200000,54100000
chr14_542,chr14,54300000,54200000
chr14_543,chr14,54400000,54300000
chr14_544,chr14,54500000,54400000
chr14_545,chr14,54600000,54500000
chr14_546,chr14,54700000,54600000
chr14_547,chr14,54800000,54700000
chr14_548,chr14,54900000,54800000
chr14_549,chr14,55000000,54900000
chr14_550,chr14,55100000,55000000
chr14_551,chr14,55200000,55100000
chr14_552,chr14,55300000,55200000
chr14_553,chr14,55400000,55300000
chr14_554,chr14,55500000,55400000
chr14_555,chr14,55600000,55500000
chr14_556,chr14,55700000,55600000
chr14_557,chr14,55800000,55700000
chr14_558,chr14,55900000,55800000
chr14_559,chr14,56000000,55900000
chr14_560,chr14,56100000,56000000
chr14_561,chr14,56200000,56100000
chr14_562,chr14,56300000,56200000
chr14_563,chr14,56400000,56300000
chr14_564,chr14,56500000,56400000
chr14_565,chr14,56600000,56500000
chr14_566,chr14,56700000,56600000
chr14_567,chr14,56800000,56700000
chr14_568,chr14,56900000,56800000
chr14_569,chr14,57000000,56900000
chr14_570,chr14,57100000,57000000
chr14_571,chr14,57200000,57100000
chr14_572,chr14,57300000,57200000
chr14_573,chr14,57400000,57300000
chr14_574,chr14,57500000,57400000
chr14_575,chr14,57600000,57500000
chr14_576,chr14,57700000,57600000
chr14_577,chr14,57800000,57700000
chr14_578,chr14,57900000,57800000
chr14_579,chr14,58000000,57900000
chr14_580,chr14,58100000,58000000
chr14_581,chr14,58200000,58100000
chr14_582,chr14,58300000,58200000
chr14_583,chr14,58400000,58300000
chr14_584,chr14,58500000,58400000
chr14_585,chr14,58600000,58500000
chr14_586,chr14,58700000,58600000
chr14_587,chr14,58800000,58700000
chr14_588,chr14,58900000,58800000
chr14_589,chr14,59000000,58900000
chr14_590,chr14,59100000,59000000
chr14_591,chr14,59200000,59100000
chr14_592,chr14,59300000,59200000
chr14_593,chr14,59400000,59300000
chr14_594,chr14,59500000,59400000
chr14_595,chr14,59600000,59500000
chr14_596,chr14,59700000,59600000
chr14_597,chr14,59800000,59700000
chr14_598,chr14,59900000,59800000
chr14_599,chr14,60000000,59900000
chr14_600,chr14,60100000,60000000
chr14_601,chr14,60200000,60100000
chr14_602,chr14,60300000,60200000
chr14_603,chr14,60400000,60300000
chr14_604,chr14,60500000,60400000
chr14_605,chr14,60600000,60500000
chr14_606,chr14,60700000,60600000
chr14_607,chr14,60800000,60700000
chr14_608,chr14,60900000,60800000
chr14_609,chr14,61000000,60900000
chr14_610,chr14,61100000,61000000
chr14_611,chr14,61200000,61100000
chr14_612,chr14,61300000,61200000
chr14_613,chr14,61400000,61300000
chr14_614,chr14,61500000,61400000
chr14_615,chr14,61600000,61500000
chr14_616,chr14,61700000,61600000
chr14_617,chr14,61800000,61700000
chr14_618,chr14,61900000,61800000
chr14_619,chr14,62000000,61900000
chr14_620,chr14,62100000,62000000
chr14_621,chr14,62200000,62100000
chr14_622,chr14,62300000,62200000
chr14_623,chr14,62400000,62300000
chr14_624,chr14,62500000,62400000
chr14_625,chr14,62600000,62500000
chr14_626,chr14,62700000,62600000
chr14_627,chr14,62800000,62700000
chr14_628,chr14,62900000,62800000
chr14_629,chr14,63000000,62900000
chr14_630,chr14,63100000,63000000
chr14_631,chr14,63200000,63100000
chr14_632,chr14,63300000,63200000
chr14_633,chr14,63400000,63300000
chr14_634,chr14,63500000,63400000
chr14_635,chr14,63600000,63500000
chr14_636,chr14,63700000,63600000
chr14_637,chr14,63800000,63700000
chr14_638,chr14,63900000,63800000
chr14_639,chr14,64000000,63900000
chr14_640,chr14,64100000,64000000
chr14_641,chr14,64200000,64100000
chr14_642,chr14,64300000,64200000
chr14_643,chr14,64400000,64300000
chr14_644,chr14,64500000,64400000
chr14_645,chr14,64600000,64500000
chr14_646,chr14,64700000,64600000
chr14_647,chr14,64800000,64700000
chr14_648,chr14,64900000,64800000
chr14_649,chr14,65000000,64900000
chr14_650,chr14,65100000,65000000
chr14_651,chr14,65200000,65100000
chr14_652,chr14,65300000,65200000
chr14_653,chr14,65400000,65300000
chr14_654,chr14,65500000,65400000
chr14_655,chr14,65600000,65500000
chr14_656,chr14,65700000,65600000
chr14_657,chr14,65800000,65700000
chr14_658,chr14,65900000,65800000
chr14_659,chr14,66000000,65900000
chr14_660,chr14,66100000,66000000
chr14_661,chr14,66200000,66100000
chr14_662,chr14,66300000,66200000
chr14_663,chr14,66400000,66300000
chr14_664,chr14,66500000,66400000
chr14_665,chr14,66600000,66500000
chr14_666,chr14,66700000,66600000
chr14_667,chr14,66800000,66700000
chr14_668,chr14,66900000,66800000
chr14_669,chr14,67000000,66900000
chr14_670,chr14,67100000,67000000
chr14_671,chr14,67200000,67100000
chr14_672,chr14,67300000,67200000
chr14_673,chr14,67400000,67300000
chr14_674,chr14,67500000,67400000
chr14_675,chr14,67600000,67500000
chr14_676,chr14,67700000,67600000
chr14_677,chr14,67800000,67700000
chr14_678,chr14,67900000,67800000
chr14_679,chr14,68000000,67900000
chr14_680,chr14,68100000,68000000
chr14_681,chr14,68200000,68100000
chr14_682,chr14,68300000,68200000
chr14_683,chr14,68400000,68300000
chr14_684,chr14,68500000,68400000
chr14_685,chr14,68600000,68500000
chr14_686,chr14,68700000,68600000
chr14_687,chr14,68800000,68700000
chr14_688,chr14,68900000,68800000
chr14_689,chr14,69000000,68900000
chr14_690,chr14,69100000,69000000
chr14_691,chr14,69200000,69100000
chr14_692,chr14,69300000,69200000
chr14_693,chr14,69400000,69300000
chr14_694,chr14,69500000,69400000
chr14_695,chr14,69600000,69500000
chr14_696,chr14,69700000,69600000
chr14_697,chr14,69800000,69700000
chr14_698,chr14,69900000,69800000
chr14_699,chr14,70000000,69900000
chr14_700,chr14,70100000,70000000
chr14_701,chr14,70200000,70100000
chr14_702,chr14,70300000,70200000
chr14_703,chr14,70400000,70300000
chr14_704,chr14,70500000,70400000
chr14_705,chr14,70600000,70500000
chr14_706,chr14,70700000,70600000
chr14_707,chr14,70800000,70700000
chr14_708,chr14,70900000,70800000
chr14_709,chr14,71000000,70900000
chr14_710,chr14,71100000,71000000
chr14_711,chr14,71200000,71100000
chr14_712,chr14,71300000,71200000
chr14_713,chr14,71400000,71300000
chr14_714,chr14,71500000,71400000
chr14_715,chr14,71600000,71500000
chr14_716,chr14,71700000,71600000
chr14_717,chr14,71800000,71700000
chr14_718,chr14,71900000,71800000
chr14_719,chr14,72000000,71900000
chr14_720,chr14,72100000,72000000
chr14_721,chr14,72200000,72100000
chr14_722,chr14,72300000,72200000
chr14_723,chr14,72400000,72300000
chr14_724,chr14,72500000,72400000
chr14_725,chr14,72600000,72500000
chr14_726,chr14,72700000,72600000
chr14_727,chr14,72800000,72700000
chr14_728,chr14,72900000,72800000
chr14_729,chr14,73000000,72900000
chr14_730,chr14,73100000,73000000
chr14_731,chr14,73200000,73100000
chr14_732,chr14,73300000,73200000
chr14_733,chr14,73400000,73300000
chr14_734,chr14,73500000,73400000
chr14_735,chr14,73600000,73500000
chr14_736,chr14,73700000,73600000
chr14_737,chr14,73800000,73700000
chr14_738,chr14,73900000,73800000
chr14_739,chr14,74000000,73900000
chr14_740,chr14,74100000,74000000
chr14_741,chr14,74200000,74100000
chr14_742,chr14,74300000,74200000
chr14_743,chr14,74400000,74300000
chr14_744,chr14,74500000,74400000
chr14_745,chr14,74600000,74500000
chr14_746,chr14,74700000,74600000
chr14_747,chr14,74800000,74700000
chr14_748,chr14,74900000,74800000
chr14_749,chr14,75000000,74900000
chr14_750,chr14,75100000,75000000
chr14_751,chr14,75200000,75100000
chr14_752,chr14,75300000,75200000
chr14_753,chr14,75400000,75300000
chr14_754,chr14,75500000,75400000
chr14_755,chr14,75600000,75500000
chr14_756,chr14,75700000,75600000
chr14_757,chr14,75800000,75700000
chr14_758,chr14,75900000,75800000
chr14_759,chr14,76000000,75900000
chr14_760,chr14,76100000,76000000
chr14_761,chr14,76200000,76100000
chr14_762,chr14,76300000,76200000
chr14_763,chr14,76400000,76300000
chr14_764,chr14,76500000,76400000
chr14_765,chr14,76600000,76500000
chr14_766,chr14,76700000,76600000
chr14_767,chr14,76800000,76700000
chr14_768,chr14,76900000,76800000
chr14_769,chr14,77000000,76900000
chr14_770,chr14,77100000,77000000
chr14_771,chr14,77200000,77100000
chr14_772,chr14,77300000,77200000
chr14_773,chr14,77400000,77300000
chr14_774,chr14,77500000,77400000
chr14_775,chr14,77600000,77500000
chr14_776,chr14,77700000,77600000
chr14_777,chr14,77800000,77700000
chr14_778,chr14,77900000,77800000
chr14_779,chr14,78000000,77900000
chr14_780,chr14,78100000,78000000
chr14_781,chr14,78200000,78100000
chr14_782,chr14,78300000,78200000
chr14_783,chr14,78400000,78300000
chr14_784,chr14,78500000,78400000
chr14_785,chr14,78600000,78500000
chr14_786,chr14,78700000,78600000
chr14_787,chr14,78800000,78700000
chr14_788,chr14,78900000,78800000
chr14_789,chr14,79000000,78900000
chr14_790,chr14,79100000,79000000
chr14_791,chr14,79200000,79100000
chr14_792,chr14,79300000,79200000
chr14_793,chr14,79400000,79300000
chr14_794,chr14,79500000,79400000
chr14_795,chr14,79600000,79500000
chr14_796,chr14,79700000,79600000
chr14_797,chr14,79800000,79700000
chr14_798,chr14,79900000,79800000
chr14_799,chr14,80000000,79900000
chr14_800,chr14,80100000,80000000
chr14_801,chr14,80200000,80100000
chr14_802,chr14,80300000,80200000
chr14_803,chr14,80400000,80300000
chr14_804,chr14,80500000,80400000
chr14_805,chr14,80600000,80500000
chr14_806,chr14,80700000,80600000
chr14_807,chr14,80800000,80700000
chr14_808,chr14,80900000,80800000
chr14_809,chr14,81000000,80900000
chr14_810,chr14,81100000,81000000
chr14_811,chr14,81200000,81100000
chr14_812,chr14,81300000,81200000
chr14_813,chr14,81400000,81300000
chr14_814,chr14,81500000,81400000
chr14_815,chr14,81600000,81500000
chr14_816,chr14,81700000,81600000
chr14_817,chr14,81800000,81700000
chr14_818,chr14,81900000,81800000
chr14_819,chr14,82000000,81900000
chr14_820,chr14,82100000,82000000
chr14_821,chr14,82200000,82100000
chr14_822,chr14,82300000,82200000
chr14_823,chr14,82400000,82300000
chr14_824,chr14,82500000,82400000
chr14_825,chr14,82600000,82500000
chr14_826,chr14,82700000,82600000
chr14_827,chr14,82800000,82700000
chr14_828,chr14,82900000,82800000
chr14_829,chr14,83000000,82900000
chr14_830,chr14,83100000,83000000
chr14_831,chr14,83200000,83100000
chr14_832,chr14,83300000,83200000
chr14_833,chr14,83400000,83300000
chr14_834,chr14,83500000,83400000
chr14_835,chr14,83600000,83500000
chr14_836,chr14,83700000,83600000
chr14_837,chr14,83800000,83700000
chr14_838,chr14,83900000,83800000
chr14_839,chr14,84000000,83900000
chr14_840,chr14,84100000,84000000
chr14_841,chr14,84200000,84100000
chr14_842,chr14,84300000,84200000
chr14_843,chr14,84400000,84300000
chr14_844,chr14,84500000,84400000
chr14_845,chr14,84600000,84500000
chr14_846,chr14,84700000,84600000
chr14_847,chr14,84800000,84700000
chr14_848,chr14,84900000,84800000
chr14_849,chr14,85000000,84900000
chr14_850,chr14,85100000,85000000
chr14_851,chr14,85200000,85100000
chr14_852,chr14,85300000,85200000
chr14_853,chr14,85400000,85300000
chr14_854,chr14,85500000,85400000
chr14_855,chr14,85600000,85500000
chr14_856,chr14,85700000,85600000
chr14_857,chr14,85800000,85700000
chr14_858,chr14,85900000,85800000
chr14_859,chr14,86000000,85900000
chr14_860,chr14,86100000,86000000
chr14_861,chr14,86200000,86100000
chr14_862,chr14,86300000,86200000
chr14_863,chr14,86400000,86300000
chr14_864,chr14,86500000,86400000
chr14_865,chr14,86600000,86500000
chr14_866,chr14,86700000,86600000
chr14_867,chr14,86800000,86700000
chr14_868,chr14,86900000,86800000
chr14_869,chr14,87000000,86900000
chr14_870,chr14,87100000,87000000
chr14_871,chr14,87200000,87100000
chr14_872,chr14,87300000,87200000
chr14_873,chr14,87400000,87300000
chr14_874,chr14,87500000,87400000
chr14_875,chr14,87600000,87500000
chr14_876,chr14,87700000,87600000
chr14_877,chr14,87800000,87700000
chr14_878,chr14,87900000,87800000
chr14_879,chr14,88000000,87900000
chr14_880,chr14,88100000,88000000
chr14_881,chr14,88200000,88100000
chr14_882,chr14,88300000,88200000
chr14_883,chr14,88400000,88300000
chr14_884,chr14,88500000,88400000
chr14_885,chr14,88600000,88500000
chr14_886,chr14,88700000,88600000
chr14_887,chr14,88800000,88700000
chr14_888,chr14,88900000,88800000
chr14_889,chr14,89000000,88900000
chr14_890,chr14,89100000,89000000
chr14_891,chr14,89200000,89100000
chr14_892,chr14,89300000,89200000
chr14_893,chr14,89400000,89300000
chr14_894,chr14,89500000,89400000
chr14_895,chr14,89600000,89500000
chr14_896,chr14,89700000,89600000
chr14_897,chr14,89800000,89700000
chr14_898,chr14,89900000,89800000
chr14_899,chr14,90000000,89900000
chr14_900,chr14,90100000,90000000
chr14_901,chr14,90200000,90100000
chr14_902,chr14,90300000,90200000
chr14_903,chr14,90400000,90300000
chr14_904,chr14,90500000,90400000
chr14_905,chr14,90600000,90500000
chr14_906,chr14,90700000,90600000
chr14_907,chr14,90800000,90700000
chr14_908,chr14,90900000,90800000
chr14_909,chr14,91000000,90900000
chr14_910,chr14,91100000,91000000
chr14_911,chr14,91200000,91100000
chr14_912,chr14,91300000,91200000
chr14_913,chr14,91400000,91300000
chr14_914,chr14,91500000,91400000
chr14_915,chr14,91600000,91500000
chr14_916,chr14,91700000,91600000
chr14_917,chr14,91800000,91700000
chr14_918,chr14,91900000,91800000
chr14_919,chr14,92000000,91900000
chr14_920,chr14,92100000,92000000
chr14_921,chr14,92200000,92100000
chr14_922,chr14,92300000,92200000
chr14_923,chr14,92400000,92300000
chr14_924,chr14,92500000,92400000
chr14_925,chr14,92600000,92500000
chr14_926,chr14,92700000,92600000
chr14_927,chr14,92800000,92700000
chr14_928,chr14,92900000,92800000
chr14_929,chr14,93000000,92900000
chr14_930,chr14,93100000,93000000
chr14_931,chr14,93200000,93100000
chr14_932,chr14,93300000,93200000
chr14_933,chr14,93400000,93300000
chr14_934,chr14,93500000,93400000
chr14_935,chr14,93600000,93500000
chr14_936,chr14,93700000,93600000
chr14_937,chr14,93800000,93700000
chr14_938,chr14,93900000,93800000
chr14_939,chr14,94000000,93900000
chr14_940,chr14,94100000,94000000
chr14_941,chr14,94200000,94100000
chr14_942,chr14,94300000,94200000
chr14_943,chr14,94400000,94300000
chr14_944,chr14,94500000,94400000
chr14_945,chr14,94600000,94500000
chr14_946,chr14,94700000,94600000
chr14_947,chr14,94800000,94700000
chr14_948,chr14,94900000,94800000
chr14_949,chr14,95000000,94900000
chr14_950,chr14,95100000,95000000
chr14_951,chr14,95200000,95100000
chr14_952,chr14,95300000,95200000
chr14_953,chr14,95400000,95300000
chr14_954,chr14,95500000,95400000
chr14_955,chr14,95600000,95500000
chr14_956,chr14,95700000,95600000
chr14_957,chr14,95800000,95700000
chr14_958,chr14,95900000,95800000
chr14_959,chr14,96000000,95900000
chr14_960,chr14,96100000,96000000
chr14_961,chr14,96200000,96100000
chr14_962,chr14,96300000,96200000
chr14_963,chr14,96400000,96300000
chr14_964,chr14,96500000,96400000
chr14_965,chr14,96600000,96500000
chr14_966,chr14,96700000,96600000
chr14_967,chr14,96800000,96700000
chr14_968,chr14,96900000,96800000
chr14_969,chr14,97000000,96900000
chr14_970,chr14,97100000,97000000
chr14_971,chr14,97200000,97100000
chr14_972,chr14,97300000,97200000
chr14_973,chr14,97400000,97300000
chr14_974,chr14,97500000,97400000
chr14_975,chr14,97600000,97500000
chr14_976,chr14,97700000,97600000
chr14_977,chr14,97800000,97700000
chr14_978,chr14,97900000,97800000
chr14_979,chr14,98000000,97900000
chr14_980,chr14,98100000,98000000
chr14_981,chr14,98200000,98100000
chr14_982,chr14,98300000,98200000
chr14_983,chr14,98400000,98300000
chr14_984,chr14,98500000,98400000
chr14_985,chr14,98600000,98500000
chr14_986,chr14,98700000,98600000
chr14_987,chr14,98800000,98700000
chr14_988,chr14,98900000,98800000
chr14_989,chr14,99000000,98900000
chr14_990,chr14,99100000,99000000
chr14_991,chr14,99200000,99100000
chr14_992,chr14,99300000,99200000
chr14_993,chr14,99400000,99300000
chr14_994,chr14,99500000,99400000
chr14_995,chr14,99600000,99500000
chr14_996,chr14,99700000,99600000
chr14_997,chr14,99800000,99700000
chr14_998,chr14,99900000,99800000
chr14_999,chr14,100000000,99900000
chr14_1000,chr14,100100000,100000000
chr14_1001,chr14,100200000,100100000
chr14_1002,chr14,100300000,100200000
chr14_1003,chr14,100400000,100300000
chr14_1004,chr14,100500000,100400000
chr14_1005,chr14,100600000,100500000
chr14_1006,chr14,100700000,100600000
chr14_1007,chr14,100800000,100700000
chr14_1008,chr14,100900000,100800000
chr14_1009,chr14,101000000,100900000
chr14_1010,chr14,101100000,101000000
chr14_1011,chr14,101200000,101100000
chr14_1012,chr14,101300000,101200000
chr14_1013,chr14,101400000,101300000
chr14_1014,chr14,101500000,101400000
chr14_1015,chr14,101600000,101500000
chr14_1016,chr14,101700000,101600000
chr14_1017,chr14,101800000,101700000
chr14_1018,chr14,101900000,101800000
chr14_1019,chr14,102000000,101900000
chr14_1020,chr14,102100000,102000000
chr14_1021,chr14,102200000,102100000
chr14_1022,chr14,102300000,102200000
chr14_1023,chr14,102400000,102300000
chr14_1024,chr14,102500000,102400000
chr14_1025,chr14,102600000,102500000
chr14_1026,chr14,102700000,102600000
chr14_1027,chr14,102800000,102700000
chr14_1028,chr14,102900000,102800000
chr14_1029,chr14,103000000,102900000
chr14_1030,chr14,103100000,103000000
chr14_1031,chr14,103200000,103100000
chr14_1032,chr14,103300000,103200000
chr14_1033,chr14,103400000,103300000
chr14_1034,chr14,103500000,103400000
chr14_1035,chr14,103600000,103500000
chr14_1036,chr14,103700000,103600000
chr14_1037,chr14,103800000,103700000
chr14_1038,chr14,103900000,103800000
chr14_1039,chr14,104000000,103900000
chr14_1040,chr14,104100000,104000000
chr14_1041,chr14,104200000,104100000
chr14_1042,chr14,104300000,104200000
chr14_1043,chr14,104400000,104300000
chr14_1044,chr14,104500000,104400000
chr14_1045,chr14,104600000,104500000
chr14_1046,chr14,104700000,104600000
chr14_1047,chr14,104800000,104700000
chr14_1048,chr14,104900000,104800000
chr14_1049,chr14,105000000,104900000
chr14_1050,chr14,105100000,105000000
chr14_1051,chr14,105200000,105100000
chr14_1052,chr14,105300000,105200000
chr14_1053,chr14,105400000,105300000
chr14_1054,chr14,105500000,105400000
chr14_1055,chr14,105600000,105500000
chr14_1056,chr14,105700000,105600000
chr14_1057,chr14,105800000,105700000
chr14_1058,chr14,105900000,105800000
chr14_1059,chr14,106000000,105900000
chr14_1060,chr14,106100000,106000000
chr14_1061,chr14,106200000,106100000
chr14_1062,chr14,106300000,106200000
chr14_1063,chr14,106400000,106300000
chr14_1064,chr14,106500000,106400000
chr14_1065,chr14,106600000,106500000
chr14_1066,chr14,106700000,106600000
chr14_1067,chr14,106800000,106700000
chr14_1068,chr14,106900000,106800000
chr14_1069,chr14,107000000,106900000
chr14_1070,chr14,107100000,107000000
chr14_1071,chr14,107200000,107100000
chr14_1072,chr14,107300000,107200000
chr14_1073,chr14,107400000,107300000
chr14_1074,chr14,107500000,107400000
chr14_1075,chr14,107600000,107500000
chr14_1076,chr14,107700000,107600000
chr14_1077,chr14,107800000,107700000
chr14_1078,chr14,107900000,107800000
chr14_1079,chr14,108000000,107900000
chr14_1080,chr14,108100000,108000000
chr14_1081,chr14,108200000,108100000
chr14_1082,chr14,108300000,108200000
chr14_1083,chr14,108400000,108300000
chr14_1084,chr14,108500000,108400000
chr14_1085,chr14,108600000,108500000
chr14_1086,chr14,108700000,108600000
chr14_1087,chr14,108800000,108700000
chr14_1088,chr14,108900000,108800000
chr14_1089,chr14,109000000,108900000
chr14_1090,chr14,109100000,109000000
chr14_1091,chr14,109200000,109100000
chr14_1092,chr14,109300000,109200000
chr14_1093,chr14,109400000,109300000
chr14_1094,chr14,109500000,109400000
chr14_1095,chr14,109600000,109500000
chr14_1096,chr14,109700000,109600000
chr14_1097,chr14,109800000,109700000
chr14_1098,chr14,109900000,109800000
chr14_1099,chr14,110000000,109900000
chr14_1100,chr14,110100000,110000000
chr14_1101,chr14,110200000,110100000
chr14_1102,chr14,110300000,110200000
chr14_1103,chr14,110400000,110300000
chr14_1104,chr14,110500000,110400000
chr14_1105,chr14,110600000,110500000
chr14_1106,chr14,110700000,110600000
chr14_1107,chr14,110800000,110700000
chr14_1108,chr14,110900000,110800000
chr14_1109,chr14,111000000,110900000
chr14_1110,chr14,111100000,111000000
chr14_1111,chr14,111200000,111100000
chr14_1112,chr14,111300000,111200000
chr14_1113,chr14,111400000,111300000
chr14_1114,chr14,111500000,111400000
chr14_1115,chr14,111600000,111500000
chr14_1116,chr14,111700000,111600000
chr14_1117,chr14,111800000,111700000
chr14_1118,chr14,111900000,111800000
chr14_1119,chr14,112000000,111900000
chr14_1120,chr14,112100000,112000000
chr14_1121,chr14,112200000,112100000
chr14_1122,chr14,112300000,112200000
chr14_1123,chr14,112400000,112300000
chr14_1124,chr14,112500000,112400000
chr14_1125,chr14,112600000,112500000
chr14_1126,chr14,112700000,112600000
chr14_1127,chr14,112800000,112700000
chr14_1128,chr14,112900000,112800000
chr14_1129,chr14,113000000,112900000
chr14_1130,chr14,113100000,113000000
chr14_1131,chr14,113200000,113100000
chr14_1132,chr14,113300000,113200000
chr14_1133,chr14,113400000,113300000
chr14_1134,chr14,113500000,113400000
chr14_1135,chr14,113600000,113500000
chr14_1136,chr14,113700000,113600000
chr14_1137,chr14,113800000,113700000
chr14_1138,chr14,113900000,113800000
chr14_1139,chr14,114000000,113900000
chr14_1140,chr14,114100000,114000000
chr14_1141,chr14,114200000,114100000
chr14_1142,chr14,114300000,114200000
chr14_1143,chr14,114400000,114300000
chr14_1144,chr14,114500000,114400000
chr14_1145,chr14,114600000,114500000
chr14_1146,chr14,114700000,114600000
chr14_1147,chr14,114800000,114700000
chr14_1148,chr14,114900000,114800000
chr14_1149,chr14,115000000,114900000
chr14_1150,chr14,115100000,115000000
chr14_1151,chr14,115200000,115100000
chr14_1152,chr14,115300000,115200000
chr14_1153,chr14,115400000,115300000
chr14_1154,chr14,115500000,115400000
chr14_1155,chr14,115600000,115500000
chr14_1156,chr14,115700000,115600000
chr14_1157,chr14,115800000,115700000
chr14_1158,chr14,115900000,115800000
chr14_1159,chr14,116000000,115900000
chr14_1160,chr14,116100000,116000000
chr14_1161,chr14,116200000,116100000
chr14_1162,chr14,116300000,116200000
chr14_1163,chr14,116400000,116300000
chr14_1164,chr14,116500000,116400000
chr14_1165,chr14,116600000,116500000
chr14_1166,chr14,116700000,116600000
chr14_1167,chr14,116800000,116700000
chr14_1168,chr14,116900000,116800000
chr14_1169,chr14,117000000,116900000
chr14_1170,chr14,117100000,117000000
chr14_1171,chr14,117200000,117100000
chr14_1172,chr14,117300000,117200000
chr14_1173,chr14,117400000,117300000
chr14_1174,chr14,117500000,117400000
chr14_1175,chr14,117600000,117500000
chr14_1176,chr14,117700000,117600000
chr14_1177,chr14,117800000,117700000
chr14_1178,chr14,117900000,117800000
chr14_1179,chr14,118000000,117900000
chr14_1180,chr14,118100000,118000000
chr14_1181,chr14,118200000,118100000
chr14_1182,chr14,118300000,118200000
chr14_1183,chr14,118400000,118300000
chr14_1184,chr14,118500000,118400000
chr14_1185,chr14,118600000,118500000
chr14_1186,chr14,118700000,118600000
chr14_1187,chr14,118800000,118700000
chr14_1188,chr14,118900000,118800000
chr14_1189,chr14,119000000,118900000
chr14_1190,chr14,119100000,119000000
chr14_1191,chr14,119200000,119100000
chr14_1192,chr14,119300000,119200000
chr14_1193,chr14,119400000,119300000
chr14_1194,chr14,119500000,119400000
chr14_1195,chr14,119600000,119500000
chr14_1196,chr14,119700000,119600000
chr14_1197,chr14,119800000,119700000
chr14_1198,chr14,119900000,119800000
chr14_1199,chr14,120000000,119900000
chr14_1200,chr14,120100000,120000000
chr14_1201,chr14,120200000,120100000
chr14_1202,chr14,120300000,120200000
chr14_1203,chr14,120400000,120300000
chr14_1204,chr14,120500000,120400000
chr14_1205,chr14,120600000,120500000
chr14_1206,chr14,120700000,120600000
chr14_1207,chr14,120800000,120700000
chr14_1208,chr14,120900000,120800000
chr14_1209,chr14,121000000,120900000
chr14_1210,chr14,121100000,121000000
chr14_1211,chr14,121200000,121100000
chr14_1212,chr14,121300000,121200000
chr14_1213,chr14,121400000,121300000
chr14_1214,chr14,121500000,121400000
chr14_1215,chr14,121600000,121500000
chr14_1216,chr14,121700000,121600000
chr14_1217,chr14,121800000,121700000
chr14_1218,chr14,121900000,121800000
chr14_1219,chr14,122000000,121900000
chr14_1220,chr14,122100000,122000000
chr14_1221,chr14,122200000,122100000
chr14_1222,chr14,122300000,122200000
chr14_1223,chr14,122400000,122300000
chr14_1224,chr14,122500000,122400000
chr14_1225,chr14,122600000,122500000
chr14_1226,chr14,122700000,122600000
chr14_1227,chr14,122800000,122700000
chr14_1228,chr14,122900000,122800000
chr14_1229,chr14,123000000,122900000
chr14_1230,chr14,123100000,123000000
chr14_1231,chr14,123200000,123100000
chr14_1232,chr14,123300000,123200000
chr14_1233,chr14,123400000,123300000
chr14_1234,chr14,123500000,123400000
chr14_1235,chr14,123600000,123500000
chr14_1236,chr14,123700000,123600000
chr14_1237,chr14,123800000,123700000
chr14_1238,chr14,123900000,123800000
chr14_1239,chr14,124000000,123900000
chr14_1240,chr14,124100000,124000000
chr14_1241,chr14,124200000,124100000
chr14_1242,chr14,124300000,124200000
chr14_1243,chr14,124400000,124300000
chr14_1244,chr14,124500000,124400000
chr14_1245,chr14,124600000,124500000
chr14_1246,chr14,124700000,124600000
chr14_1247,chr14,124800000,124700000
chr14_1248,chr14,124900000,124800000
chr14_1249,chr14,124902244,124900000
chr15_0,chr15,100000,0
chr15_1,chr15,200000,100000
chr15_2,chr15,300000,200000
chr15_3,chr15,400000,300000
chr15_4,chr15,500000,400000
chr15_5,chr15,600000,500000
chr15_6,chr15,700000,600000
chr15_7,chr15,800000,700000
chr15_8,chr15,900000,800000
chr15_9,chr15,1000000,900000
chr15_10,chr15,1100000,1000000
chr15_11,chr15,1200000,1100000
chr15_12,chr15,1300000,1200000
chr15_13,chr15,1400000,1300000
chr15_14,chr15,1500000,1400000
chr15_15,chr15,1600000,1500000
chr15_16,chr15,1700000,1600000
chr15_17,chr15,1800000,1700000
chr15_18,chr15,1900000,1800000
chr15_19,chr15,2000000,1900000
chr15_20,chr15,2100000,2000000
chr15_21,chr15,2200000,2100000
chr15_22,chr15,2300000,2200000
chr15_23,chr15,2400000,2300000
chr15_24,chr15,2500000,2400000
chr15_25,chr15,2600000,2500000
chr15_26,chr15,2700000,2600000
chr15_27,chr15,2800000,2700000
chr15_28,chr15,2900000,2800000
chr15_29,chr15,3000000,2900000
chr15_30,chr15,3100000,3000000
chr15_31,chr15,3200000,3100000
chr15_32,chr15,3300000,3200000
chr15_33,chr15,3400000,3300000
chr15_34,chr15,3500000,3400000
chr15_35,chr15,3600000,3500000
chr15_36,chr15,3700000,3600000
chr15_37,chr15,3800000,3700000
chr15_38,chr15,3900000,3800000
chr15_39,chr15,4000000,3900000
chr15_40,chr15,4100000,4000000
chr15_41,chr15,4200000,4100000
chr15_42,chr15,4300000,4200000
chr15_43,chr15,4400000,4300000
chr15_44,chr15,4500000,4400000
chr15_45,chr15,4600000,4500000
chr15_46,chr15,4700000,4600000
chr15_47,chr15,4800000,4700000
chr15_48,chr15,4900000,4800000
chr15_49,chr15,5000000,4900000
chr15_50,chr15,5100000,5000000
chr15_51,chr15,5200000,5100000
chr15_52,chr15,5300000,5200000
chr15_53,chr15,5400000,5300000
chr15_54,chr15,5500000,5400000
chr15_55,chr15,5600000,5500000
chr15_56,chr15,5700000,5600000
chr15_57,chr15,5800000,5700000
chr15_58,chr15,5900000,5800000
chr15_59,chr15,6000000,5900000
chr15_60,chr15,6100000,6000000
chr15_61,chr15,6200000,6100000
chr15_62,chr15,6300000,6200000
chr15_63,chr15,6400000,6300000
chr15_64,chr15,6500000,6400000
chr15_65,chr15,6600000,6500000
chr15_66,chr15,6700000,6600000
chr15_67,chr15,6800000,6700000
chr15_68,chr15,6900000,6800000
chr15_69,chr15,7000000,6900000
chr15_70,chr15,7100000,7000000
chr15_71,chr15,7200000,7100000
chr15_72,chr15,7300000,7200000
chr15_73,chr15,7400000,7300000
chr15_74,chr15,7500000,7400000
chr15_75,chr15,7600000,7500000
chr15_76,chr15,7700000,7600000
chr15_77,chr15,7800000,7700000
chr15_78,chr15,7900000,7800000
chr15_79,chr15,8000000,7900000
chr15_80,chr15,8100000,8000000
chr15_81,chr15,8200000,8100000
chr15_82,chr15,8300000,8200000
chr15_83,chr15,8400000,8300000
chr15_84,chr15,8500000,8400000
chr15_85,chr15,8600000,8500000
chr15_86,chr15,8700000,8600000
chr15_87,chr15,8800000,8700000
chr15_88,chr15,8900000,8800000
chr15_89,chr15,9000000,8900000
chr15_90,chr15,9100000,9000000
chr15_91,chr15,9200000,9100000
chr15_92,chr15,9300000,9200000
chr15_93,chr15,9400000,9300000
chr15_94,chr15,9500000,9400000
chr15_95,chr15,9600000,9500000
chr15_96,chr15,9700000,9600000
chr15_97,chr15,9800000,9700000
chr15_98,chr15,9900000,9800000
chr15_99,chr15,10000000,9900000
chr15_100,chr15,10100000,10000000
chr15_101,chr15,10200000,10100000
chr15_102,chr15,10300000,10200000
chr15_103,chr15,10400000,10300000
chr15_104,chr15,10500000,10400000
chr15_105,chr15,10600000,10500000
chr15_106,chr15,10700000,10600000
chr15_107,chr15,10800000,10700000
chr15_108,chr15,10900000,10800000
chr15_109,chr15,11000000,10900000
chr15_110,chr15,11100000,11000000
chr15_111,chr15,11200000,11100000
chr15_112,chr15,11300000,11200000
chr15_113,chr15,11400000,11300000
chr15_114,chr15,11500000,11400000
chr15_115,chr15,11600000,11500000
chr15_116,chr15,11700000,11600000
chr15_117,chr15,11800000,11700000
chr15_118,chr15,11900000,11800000
chr15_119,chr15,12000000,11900000
chr15_120,chr15,12100000,12000000
chr15_121,chr15,12200000,12100000
chr15_122,chr15,12300000,12200000
chr15_123,chr15,12400000,12300000
chr15_124,chr15,12500000,12400000
chr15_125,chr15,12600000,12500000
chr15_126,chr15,12700000,12600000
chr15_127,chr15,12800000,12700000
chr15_128,chr15,12900000,12800000
chr15_129,chr15,13000000,12900000
chr15_130,chr15,13100000,13000000
chr15_131,chr15,13200000,13100000
chr15_132,chr15,13300000,13200000
chr15_133,chr15,13400000,13300000
chr15_134,chr15,13500000,13400000
chr15_135,chr15,13600000,13500000
chr15_136,chr15,13700000,13600000
chr15_137,chr15,13800000,13700000
chr15_138,chr15,13900000,13800000
chr15_139,chr15,14000000,13900000
chr15_140,chr15,14100000,14000000
chr15_141,chr15,14200000,14100000
chr15_142,chr15,14300000,14200000
chr15_143,chr15,14400000,14300000
chr15_144,chr15,14500000,14400000
chr15_145,chr15,14600000,14500000
chr15_146,chr15,14700000,14600000
chr15_147,chr15,14800000,14700000
chr15_148,chr15,14900000,14800000
chr15_149,chr15,15000000,14900000
chr15_150,chr15,15100000,15000000
chr15_151,chr15,15200000,15100000
chr15_152,chr15,15300000,15200000
chr15_153,chr15,15400000,15300000
chr15_154,chr15,15500000,15400000
chr15_155,chr15,15600000,15500000
chr15_156,chr15,15700000,15600000
chr15_157,chr15,15800000,15700000
chr15_158,chr15,15900000,15800000
chr15_159,chr15,16000000,15900000
chr15_160,chr15,16100000,16000000
chr15_161,chr15,16200000,16100000
chr15_162,chr15,16300000,16200000
chr15_163,chr15,16400000,16300000
chr15_164,chr15,16500000,16400000
chr15_165,chr15,16600000,16500000
chr15_166,chr15,16700000,16600000
chr15_167,chr15,16800000,16700000
chr15_168,chr15,16900000,16800000
chr15_169,chr15,17000000,16900000
chr15_170,chr15,17100000,17000000
chr15_171,chr15,17200000,17100000
chr15_172,chr15,17300000,17200000
chr15_173,chr15,17400000,17300000
chr15_174,chr15,17500000,17400000
chr15_175,chr15,17600000,17500000
chr15_176,chr15,17700000,17600000
chr15_177,chr15,17800000,17700000
chr15_178,chr15,17900000,17800000
chr15_179,chr15,18000000,17900000
chr15_180,chr15,18100000,18000000
chr15_181,chr15,18200000,18100000
chr15_182,chr15,18300000,18200000
chr15_183,chr15,18400000,18300000
chr15_184,chr15,18500000,18400000
chr15_185,chr15,18600000,18500000
chr15_186,chr15,18700000,18600000
chr15_187,chr15,18800000,18700000
chr15_188,chr15,18900000,18800000
chr15_189,chr15,19000000,18900000
chr15_190,chr15,19100000,19000000
chr15_191,chr15,19200000,19100000
chr15_192,chr15,19300000,19200000
chr15_193,chr15,19400000,19300000
chr15_194,chr15,19500000,19400000
chr15_195,chr15,19600000,19500000
chr15_196,chr15,19700000,19600000
chr15_197,chr15,19800000,19700000
chr15_198,chr15,19900000,19800000
chr15_199,chr15,20000000,19900000
chr15_200,chr15,20100000,20000000
chr15_201,chr15,20200000,20100000
chr15_202,chr15,20300000,20200000
chr15_203,chr15,20400000,20300000
chr15_204,chr15,20500000,20400000
chr15_205,chr15,20600000,20500000
chr15_206,chr15,20700000,20600000
chr15_207,chr15,20800000,20700000
chr15_208,chr15,20900000,20800000
chr15_209,chr15,21000000,20900000
chr15_210,chr15,21100000,21000000
chr15_211,chr15,21200000,21100000
chr15_212,chr15,21300000,21200000
chr15_213,chr15,21400000,21300000
chr15_214,chr15,21500000,21400000
chr15_215,chr15,21600000,21500000
chr15_216,chr15,21700000,21600000
chr15_217,chr15,21800000,21700000
chr15_218,chr15,21900000,21800000
chr15_219,chr15,22000000,21900000
chr15_220,chr15,22100000,22000000
chr15_221,chr15,22200000,22100000
chr15_222,chr15,22300000,22200000
chr15_223,chr15,22400000,22300000
chr15_224,chr15,22500000,22400000
chr15_225,chr15,22600000,22500000
chr15_226,chr15,22700000,22600000
chr15_227,chr15,22800000,22700000
chr15_228,chr15,22900000,22800000
chr15_229,chr15,23000000,22900000
chr15_230,chr15,23100000,23000000
chr15_231,chr15,23200000,23100000
chr15_232,chr15,23300000,23200000
chr15_233,chr15,23400000,23300000
chr15_234,chr15,23500000,23400000
chr15_235,chr15,23600000,23500000
chr15_236,chr15,23700000,23600000
chr15_237,chr15,23800000,23700000
chr15_238,chr15,23900000,23800000
chr15_239,chr15,24000000,23900000
chr15_240,chr15,24100000,24000000
chr15_241,chr15,24200000,24100000
chr15_242,chr15,24300000,24200000
chr15_243,chr15,24400000,24300000
chr15_244,chr15,24500000,24400000
chr15_245,chr15,24600000,24500000
chr15_246,chr15,24700000,24600000
chr15_247,chr15,24800000,24700000
chr15_248,chr15,24900000,24800000
chr15_249,chr15,25000000,24900000
chr15_250,chr15,25100000,25000000
chr15_251,chr15,25200000,25100000
chr15_252,chr15,25300000,25200000
chr15_253,chr15,25400000,25300000
chr15_254,chr15,25500000,25400000
chr15_255,chr15,25600000,25500000
chr15_256,chr15,25700000,25600000
chr15_257,chr15,25800000,25700000
chr15_258,chr15,25900000,25800000
chr15_259,chr15,26000000,25900000
chr15_260,chr15,26100000,26000000
chr15_261,chr15,26200000,26100000
chr15_262,chr15,26300000,26200000
chr15_263,chr15,26400000,26300000
chr15_264,chr15,26500000,26400000
chr15_265,chr15,26600000,26500000
chr15_266,chr15,26700000,26600000
chr15_267,chr15,26800000,26700000
chr15_268,chr15,26900000,26800000
chr15_269,chr15,27000000,26900000
chr15_270,chr15,27100000,27000000
chr15_271,chr15,27200000,27100000
chr15_272,chr15,27300000,27200000
chr15_273,chr15,27400000,27300000
chr15_274,chr15,27500000,27400000
chr15_275,chr15,27600000,27500000
chr15_276,chr15,27700000,27600000
chr15_277,chr15,27800000,27700000
chr15_278,chr15,27900000,27800000
chr15_279,chr15,28000000,27900000
chr15_280,chr15,28100000,28000000
chr15_281,chr15,28200000,28100000
chr15_282,chr15,28300000,28200000
chr15_283,chr15,28400000,28300000
chr15_284,chr15,28500000,28400000
chr15_285,chr15,28600000,28500000
chr15_286,chr15,28700000,28600000
chr15_287,chr15,28800000,28700000
chr15_288,chr15,28900000,28800000
chr15_289,chr15,29000000,28900000
chr15_290,chr15,29100000,29000000
chr15_291,chr15,29200000,29100000
chr15_292,chr15,29300000,29200000
chr15_293,chr15,29400000,29300000
chr15_294,chr15,29500000,29400000
chr15_295,chr15,29600000,29500000
chr15_296,chr15,29700000,29600000
chr15_297,chr15,29800000,29700000
chr15_298,chr15,29900000,29800000
chr15_299,chr15,30000000,29900000
chr15_300,chr15,30100000,30000000
chr15_301,chr15,30200000,30100000
chr15_302,chr15,30300000,30200000
chr15_303,chr15,30400000,30300000
chr15_304,chr15,30500000,30400000
chr15_305,chr15,30600000,30500000
chr15_306,chr15,30700000,30600000
chr15_307,chr15,30800000,30700000
chr15_308,chr15,30900000,30800000
chr15_309,chr15,31000000,30900000
chr15_310,chr15,31100000,31000000
chr15_311,chr15,31200000,31100000
chr15_312,chr15,31300000,31200000
chr15_313,chr15,31400000,31300000
chr15_314,chr15,31500000,31400000
chr15_315,chr15,31600000,31500000
chr15_316,chr15,31700000,31600000
chr15_317,chr15,31800000,31700000
chr15_318,chr15,31900000,31800000
chr15_319,chr15,32000000,31900000
chr15_320,chr15,32100000,32000000
chr15_321,chr15,32200000,32100000
chr15_322,chr15,32300000,32200000
chr15_323,chr15,32400000,32300000
chr15_324,chr15,32500000,32400000
chr15_325,chr15,32600000,32500000
chr15_326,chr15,32700000,32600000
chr15_327,chr15,32800000,32700000
chr15_328,chr15,32900000,32800000
chr15_329,chr15,33000000,32900000
chr15_330,chr15,33100000,33000000
chr15_331,chr15,33200000,33100000
chr15_332,chr15,33300000,33200000
chr15_333,chr15,33400000,33300000
chr15_334,chr15,33500000,33400000
chr15_335,chr15,33600000,33500000
chr15_336,chr15,33700000,33600000
chr15_337,chr15,33800000,33700000
chr15_338,chr15,33900000,33800000
chr15_339,chr15,34000000,33900000
chr15_340,chr15,34100000,34000000
chr15_341,chr15,34200000,34100000
chr15_342,chr15,34300000,34200000
chr15_343,chr15,34400000,34300000
chr15_344,chr15,34500000,34400000
chr15_345,chr15,34600000,34500000
chr15_346,chr15,34700000,34600000
chr15_347,chr15,34800000,34700000
chr15_348,chr15,34900000,34800000
chr15_349,chr15,35000000,34900000
chr15_350,chr15,35100000,35000000
chr15_351,chr15,35200000,35100000
chr15_352,chr15,35300000,35200000
chr15_353,chr15,35400000,35300000
chr15_354,chr15,35500000,35400000
chr15_355,chr15,35600000,35500000
chr15_356,chr15,35700000,35600000
chr15_357,chr15,35800000,35700000
chr15_358,chr15,35900000,35800000
chr15_359,chr15,36000000,35900000
chr15_360,chr15,36100000,36000000
chr15_361,chr15,36200000,36100000
chr15_362,chr15,36300000,36200000
chr15_363,chr15,36400000,36300000
chr15_364,chr15,36500000,36400000
chr15_365,chr15,36600000,36500000
chr15_366,chr15,36700000,36600000
chr15_367,chr15,36800000,36700000
chr15_368,chr15,36900000,36800000
chr15_369,chr15,37000000,36900000
chr15_370,chr15,37100000,37000000
chr15_371,chr15,37200000,37100000
chr15_372,chr15,37300000,37200000
chr15_373,chr15,37400000,37300000
chr15_374,chr15,37500000,37400000
chr15_375,chr15,37600000,37500000
chr15_376,chr15,37700000,37600000
chr15_377,chr15,37800000,37700000
chr15_378,chr15,37900000,37800000
chr15_379,chr15,38000000,37900000
chr15_380,chr15,38100000,38000000
chr15_381,chr15,38200000,38100000
chr15_382,chr15,38300000,38200000
chr15_383,chr15,38400000,38300000
chr15_384,chr15,38500000,38400000
chr15_385,chr15,38600000,38500000
chr15_386,chr15,38700000,38600000
chr15_387,chr15,38800000,38700000
chr15_388,chr15,38900000,38800000
chr15_389,chr15,39000000,38900000
chr15_390,chr15,39100000,39000000
chr15_391,chr15,39200000,39100000
chr15_392,chr15,39300000,39200000
chr15_393,chr15,39400000,39300000
chr15_394,chr15,39500000,39400000
chr15_395,chr15,39600000,39500000
chr15_396,chr15,39700000,39600000
chr15_397,chr15,39800000,39700000
chr15_398,chr15,39900000,39800000
chr15_399,chr15,40000000,39900000
chr15_400,chr15,40100000,40000000
chr15_401,chr15,40200000,40100000
chr15_402,chr15,40300000,40200000
chr15_403,chr15,40400000,40300000
chr15_404,chr15,40500000,40400000
chr15_405,chr15,40600000,40500000
chr15_406,chr15,40700000,40600000
chr15_407,chr15,40800000,40700000
chr15_408,chr15,40900000,40800000
chr15_409,chr15,41000000,40900000
chr15_410,chr15,41100000,41000000
chr15_411,chr15,41200000,41100000
chr15_412,chr15,41300000,41200000
chr15_413,chr15,41400000,41300000
chr15_414,chr15,41500000,41400000
chr15_415,chr15,41600000,41500000
chr15_416,chr15,41700000,41600000
chr15_417,chr15,41800000,41700000
chr15_418,chr15,41900000,41800000
chr15_419,chr15,42000000,41900000
chr15_420,chr15,42100000,42000000
chr15_421,chr15,42200000,42100000
chr15_422,chr15,42300000,42200000
chr15_423,chr15,42400000,42300000
chr15_424,chr15,42500000,42400000
chr15_425,chr15,42600000,42500000
chr15_426,chr15,42700000,42600000
chr15_427,chr15,42800000,42700000
chr15_428,chr15,42900000,42800000
chr15_429,chr15,43000000,42900000
chr15_430,chr15,43100000,43000000
chr15_431,chr15,43200000,43100000
chr15_432,chr15,43300000,43200000
chr15_433,chr15,43400000,43300000
chr15_434,chr15,43500000,43400000
chr15_435,chr15,43600000,43500000
chr15_436,chr15,43700000,43600000
chr15_437,chr15,43800000,43700000
chr15_438,chr15,43900000,43800000
chr15_439,chr15,44000000,43900000
chr15_440,chr15,44100000,44000000
chr15_441,chr15,44200000,44100000
chr15_442,chr15,44300000,44200000
chr15_443,chr15,44400000,44300000
chr15_444,chr15,44500000,44400000
chr15_445,chr15,44600000,44500000
chr15_446,chr15,44700000,44600000
chr15_447,chr15,44800000,44700000
chr15_448,chr15,44900000,44800000
chr15_449,chr15,45000000,44900000
chr15_450,chr15,45100000,45000000
chr15_451,chr15,45200000,45100000
chr15_452,chr15,45300000,45200000
chr15_453,chr15,45400000,45300000
chr15_454,chr15,45500000,45400000
chr15_455,chr15,45600000,45500000
chr15_456,chr15,45700000,45600000
chr15_457,chr15,45800000,45700000
chr15_458,chr15,45900000,45800000
chr15_459,chr15,46000000,45900000
chr15_460,chr15,46100000,46000000
chr15_461,chr15,46200000,46100000
chr15_462,chr15,46300000,46200000
chr15_463,chr15,46400000,46300000
chr15_464,chr15,46500000,46400000
chr15_465,chr15,46600000,46500000
chr15_466,chr15,46700000,46600000
chr15_467,chr15,46800000,46700000
chr15_468,chr15,46900000,46800000
chr15_469,chr15,47000000,46900000
chr15_470,chr15,47100000,47000000
chr15_471,chr15,47200000,47100000
chr15_472,chr15,47300000,47200000
chr15_473,chr15,47400000,47300000
chr15_474,chr15,47500000,47400000
chr15_475,chr15,47600000,47500000
chr15_476,chr15,47700000,47600000
chr15_477,chr15,47800000,47700000
chr15_478,chr15,47900000,47800000
chr15_479,chr15,48000000,47900000
chr15_480,chr15,48100000,48000000
chr15_481,chr15,48200000,48100000
chr15_482,chr15,48300000,48200000
chr15_483,chr15,48400000,48300000
chr15_484,chr15,48500000,48400000
chr15_485,chr15,48600000,48500000
chr15_486,chr15,48700000,48600000
chr15_487,chr15,48800000,48700000
chr15_488,chr15,48900000,48800000
chr15_489,chr15,49000000,48900000
chr15_490,chr15,49100000,49000000
chr15_491,chr15,49200000,49100000
chr15_492,chr15,49300000,49200000
chr15_493,chr15,49400000,49300000
chr15_494,chr15,49500000,49400000
chr15_495,chr15,49600000,49500000
chr15_496,chr15,49700000,49600000
chr15_497,chr15,49800000,49700000
chr15_498,chr15,49900000,49800000
chr15_499,chr15,50000000,49900000
chr15_500,chr15,50100000,50000000
chr15_501,chr15,50200000,50100000
chr15_502,chr15,50300000,50200000
chr15_503,chr15,50400000,50300000
chr15_504,chr15,50500000,50400000
chr15_505,chr15,50600000,50500000
chr15_506,chr15,50700000,50600000
chr15_507,chr15,50800000,50700000
chr15_508,chr15,50900000,50800000
chr15_509,chr15,51000000,50900000
chr15_510,chr15,51100000,51000000
chr15_511,chr15,51200000,51100000
chr15_512,chr15,51300000,51200000
chr15_513,chr15,51400000,51300000
chr15_514,chr15,51500000,51400000
chr15_515,chr15,51600000,51500000
chr15_516,chr15,51700000,51600000
chr15_517,chr15,51800000,51700000
chr15_518,chr15,51900000,51800000
chr15_519,chr15,52000000,51900000
chr15_520,chr15,52100000,52000000
chr15_521,chr15,52200000,52100000
chr15_522,chr15,52300000,52200000
chr15_523,chr15,52400000,52300000
chr15_524,chr15,52500000,52400000
chr15_525,chr15,52600000,52500000
chr15_526,chr15,52700000,52600000
chr15_527,chr15,52800000,52700000
chr15_528,chr15,52900000,52800000
chr15_529,chr15,53000000,52900000
chr15_530,chr15,53100000,53000000
chr15_531,chr15,53200000,53100000
chr15_532,chr15,53300000,53200000
chr15_533,chr15,53400000,53300000
chr15_534,chr15,53500000,53400000
chr15_535,chr15,53600000,53500000
chr15_536,chr15,53700000,53600000
chr15_537,chr15,53800000,53700000
chr15_538,chr15,53900000,53800000
chr15_539,chr15,54000000,53900000
chr15_540,chr15,54100000,54000000
chr15_541,chr15,54200000,54100000
chr15_542,chr15,54300000,54200000
chr15_543,chr15,54400000,54300000
chr15_544,chr15,54500000,54400000
chr15_545,chr15,54600000,54500000
chr15_546,chr15,54700000,54600000
chr15_547,chr15,54800000,54700000
chr15_548,chr15,54900000,54800000
chr15_549,chr15,55000000,54900000
chr15_550,chr15,55100000,55000000
chr15_551,chr15,55200000,55100000
chr15_552,chr15,55300000,55200000
chr15_553,chr15,55400000,55300000
chr15_554,chr15,55500000,55400000
chr15_555,chr15,55600000,55500000
chr15_556,chr15,55700000,55600000
chr15_557,chr15,55800000,55700000
chr15_558,chr15,55900000,55800000
chr15_559,chr15,56000000,55900000
chr15_560,chr15,56100000,56000000
chr15_561,chr15,56200000,56100000
chr15_562,chr15,56300000,56200000
chr15_563,chr15,56400000,56300000
chr15_564,chr15,56500000,56400000
chr15_565,chr15,56600000,56500000
chr15_566,chr15,56700000,56600000
chr15_567,chr15,56800000,56700000
chr15_568,chr15,56900000,56800000
chr15_569,chr15,57000000,56900000
chr15_570,chr15,57100000,57000000
chr15_571,chr15,57200000,57100000
chr15_572,chr15,57300000,57200000
chr15_573,chr15,57400000,57300000
chr15_574,chr15,57500000,57400000
chr15_575,chr15,57600000,57500000
chr15_576,chr15,57700000,57600000
chr15_577,chr15,57800000,57700000
chr15_578,chr15,57900000,57800000
chr15_579,chr15,58000000,57900000
chr15_580,chr15,58100000,58000000
chr15_581,chr15,58200000,58100000
chr15_582,chr15,58300000,58200000
chr15_583,chr15,58400000,58300000
chr15_584,chr15,58500000,58400000
chr15_585,chr15,58600000,58500000
chr15_586,chr15,58700000,58600000
chr15_587,chr15,58800000,58700000
chr15_588,chr15,58900000,58800000
chr15_589,chr15,59000000,58900000
chr15_590,chr15,59100000,59000000
chr15_591,chr15,59200000,59100000
chr15_592,chr15,59300000,59200000
chr15_593,chr15,59400000,59300000
chr15_594,chr15,59500000,59400000
chr15_595,chr15,59600000,59500000
chr15_596,chr15,59700000,59600000
chr15_597,chr15,59800000,59700000
chr15_598,chr15,59900000,59800000
chr15_599,chr15,60000000,59900000
chr15_600,chr15,60100000,60000000
chr15_601,chr15,60200000,60100000
chr15_602,chr15,60300000,60200000
chr15_603,chr15,60400000,60300000
chr15_604,chr15,60500000,60400000
chr15_605,chr15,60600000,60500000
chr15_606,chr15,60700000,60600000
chr15_607,chr15,60800000,60700000
chr15_608,chr15,60900000,60800000
chr15_609,chr15,61000000,60900000
chr15_610,chr15,61100000,61000000
chr15_611,chr15,61200000,61100000
chr15_612,chr15,61300000,61200000
chr15_613,chr15,61400000,61300000
chr15_614,chr15,61500000,61400000
chr15_615,chr15,61600000,61500000
chr15_616,chr15,61700000,61600000
chr15_617,chr15,61800000,61700000
chr15_618,chr15,61900000,61800000
chr15_619,chr15,62000000,61900000
chr15_620,chr15,62100000,62000000
chr15_621,chr15,62200000,62100000
chr15_622,chr15,62300000,62200000
chr15_623,chr15,62400000,62300000
chr15_624,chr15,62500000,62400000
chr15_625,chr15,62600000,62500000
chr15_626,chr15,62700000,62600000
chr15_627,chr15,62800000,62700000
chr15_628,chr15,62900000,62800000
chr15_629,chr15,63000000,62900000
chr15_630,chr15,63100000,63000000
chr15_631,chr15,63200000,63100000
chr15_632,chr15,63300000,63200000
chr15_633,chr15,63400000,63300000
chr15_634,chr15,63500000,63400000
chr15_635,chr15,63600000,63500000
chr15_636,chr15,63700000,63600000
chr15_637,chr15,63800000,63700000
chr15_638,chr15,63900000,63800000
chr15_639,chr15,64000000,63900000
chr15_640,chr15,64100000,64000000
chr15_641,chr15,64200000,64100000
chr15_642,chr15,64300000,64200000
chr15_643,chr15,64400000,64300000
chr15_644,chr15,64500000,64400000
chr15_645,chr15,64600000,64500000
chr15_646,chr15,64700000,64600000
chr15_647,chr15,64800000,64700000
chr15_648,chr15,64900000,64800000
chr15_649,chr15,65000000,64900000
chr15_650,chr15,65100000,65000000
chr15_651,chr15,65200000,65100000
chr15_652,chr15,65300000,65200000
chr15_653,chr15,65400000,65300000
chr15_654,chr15,65500000,65400000
chr15_655,chr15,65600000,65500000
chr15_656,chr15,65700000,65600000
chr15_657,chr15,65800000,65700000
chr15_658,chr15,65900000,65800000
chr15_659,chr15,66000000,65900000
chr15_660,chr15,66100000,66000000
chr15_661,chr15,66200000,66100000
chr15_662,chr15,66300000,66200000
chr15_663,chr15,66400000,66300000
chr15_664,chr15,66500000,66400000
chr15_665,chr15,66600000,66500000
chr15_666,chr15,66700000,66600000
chr15_667,chr15,66800000,66700000
chr15_668,chr15,66900000,66800000
chr15_669,chr15,67000000,66900000
chr15_670,chr15,67100000,67000000
chr15_671,chr15,67200000,67100000
chr15_672,chr15,67300000,67200000
chr15_673,chr15,67400000,67300000
chr15_674,chr15,67500000,67400000
chr15_675,chr15,67600000,67500000
chr15_676,chr15,67700000,67600000
chr15_677,chr15,67800000,67700000
chr15_678,chr15,67900000,67800000
chr15_679,chr15,68000000,67900000
chr15_680,chr15,68100000,68000000
chr15_681,chr15,68200000,68100000
chr15_682,chr15,68300000,68200000
chr15_683,chr15,68400000,68300000
chr15_684,chr15,68500000,68400000
chr15_685,chr15,68600000,68500000
chr15_686,chr15,68700000,68600000
chr15_687,chr15,68800000,68700000
chr15_688,chr15,68900000,68800000
chr15_689,chr15,69000000,68900000
chr15_690,chr15,69100000,69000000
chr15_691,chr15,69200000,69100000
chr15_692,chr15,69300000,69200000
chr15_693,chr15,69400000,69300000
chr15_694,chr15,69500000,69400000
chr15_695,chr15,69600000,69500000
chr15_696,chr15,69700000,69600000
chr15_697,chr15,69800000,69700000
chr15_698,chr15,69900000,69800000
chr15_699,chr15,70000000,69900000
chr15_700,chr15,70100000,70000000
chr15_701,chr15,70200000,70100000
chr15_702,chr15,70300000,70200000
chr15_703,chr15,70400000,70300000
chr15_704,chr15,70500000,70400000
chr15_705,chr15,70600000,70500000
chr15_706,chr15,70700000,70600000
chr15_707,chr15,70800000,70700000
chr15_708,chr15,70900000,70800000
chr15_709,chr15,71000000,70900000
chr15_710,chr15,71100000,71000000
chr15_711,chr15,71200000,71100000
chr15_712,chr15,71300000,71200000
chr15_713,chr15,71400000,71300000
chr15_714,chr15,71500000,71400000
chr15_715,chr15,71600000,71500000
chr15_716,chr15,71700000,71600000
chr15_717,chr15,71800000,71700000
chr15_718,chr15,71900000,71800000
chr15_719,chr15,72000000,71900000
chr15_720,chr15,72100000,72000000
chr15_721,chr15,72200000,72100000
chr15_722,chr15,72300000,72200000
chr15_723,chr15,72400000,72300000
chr15_724,chr15,72500000,72400000
chr15_725,chr15,72600000,72500000
chr15_726,chr15,72700000,72600000
chr15_727,chr15,72800000,72700000
chr15_728,chr15,72900000,72800000
chr15_729,chr15,73000000,72900000
chr15_730,chr15,73100000,73000000
chr15_731,chr15,73200000,73100000
chr15_732,chr15,73300000,73200000
chr15_733,chr15,73400000,73300000
chr15_734,chr15,73500000,73400000
chr15_735,chr15,73600000,73500000
chr15_736,chr15,73700000,73600000
chr15_737,chr15,73800000,73700000
chr15_738,chr15,73900000,73800000
chr15_739,chr15,74000000,73900000
chr15_740,chr15,74100000,74000000
chr15_741,chr15,74200000,74100000
chr15_742,chr15,74300000,74200000
chr15_743,chr15,74400000,74300000
chr15_744,chr15,74500000,74400000
chr15_745,chr15,74600000,74500000
chr15_746,chr15,74700000,74600000
chr15_747,chr15,74800000,74700000
chr15_748,chr15,74900000,74800000
chr15_749,chr15,75000000,74900000
chr15_750,chr15,75100000,75000000
chr15_751,chr15,75200000,75100000
chr15_752,chr15,75300000,75200000
chr15_753,chr15,75400000,75300000
chr15_754,chr15,75500000,75400000
chr15_755,chr15,75600000,75500000
chr15_756,chr15,75700000,75600000
chr15_757,chr15,75800000,75700000
chr15_758,chr15,75900000,75800000
chr15_759,chr15,76000000,75900000
chr15_760,chr15,76100000,76000000
chr15_761,chr15,76200000,76100000
chr15_762,chr15,76300000,76200000
chr15_763,chr15,76400000,76300000
chr15_764,chr15,76500000,76400000
chr15_765,chr15,76600000,76500000
chr15_766,chr15,76700000,76600000
chr15_767,chr15,76800000,76700000
chr15_768,chr15,76900000,76800000
chr15_769,chr15,77000000,76900000
chr15_770,chr15,77100000,77000000
chr15_771,chr15,77200000,77100000
chr15_772,chr15,77300000,77200000
chr15_773,chr15,77400000,77300000
chr15_774,chr15,77500000,77400000
chr15_775,chr15,77600000,77500000
chr15_776,chr15,77700000,77600000
chr15_777,chr15,77800000,77700000
chr15_778,chr15,77900000,77800000
chr15_779,chr15,78000000,77900000
chr15_780,chr15,78100000,78000000
chr15_781,chr15,78200000,78100000
chr15_782,chr15,78300000,78200000
chr15_783,chr15,78400000,78300000
chr15_784,chr15,78500000,78400000
chr15_785,chr15,78600000,78500000
chr15_786,chr15,78700000,78600000
chr15_787,chr15,78800000,78700000
chr15_788,chr15,78900000,78800000
chr15_789,chr15,79000000,78900000
chr15_790,chr15,79100000,79000000
chr15_791,chr15,79200000,79100000
chr15_792,chr15,79300000,79200000
chr15_793,chr15,79400000,79300000
chr15_794,chr15,79500000,79400000
chr15_795,chr15,79600000,79500000
chr15_796,chr15,79700000,79600000
chr15_797,chr15,79800000,79700000
chr15_798,chr15,79900000,79800000
chr15_799,chr15,80000000,79900000
chr15_800,chr15,80100000,80000000
chr15_801,chr15,80200000,80100000
chr15_802,chr15,80300000,80200000
chr15_803,chr15,80400000,80300000
chr15_804,chr15,80500000,80400000
chr15_805,chr15,80600000,80500000
chr15_806,chr15,80700000,80600000
chr15_807,chr15,80800000,80700000
chr15_808,chr15,80900000,80800000
chr15_809,chr15,81000000,80900000
chr15_810,chr15,81100000,81000000
chr15_811,chr15,81200000,81100000
chr15_812,chr15,81300000,81200000
chr15_813,chr15,81400000,81300000
chr15_814,chr15,81500000,81400000
chr15_815,chr15,81600000,81500000
chr15_816,chr15,81700000,81600000
chr15_817,chr15,81800000,81700000
chr15_818,chr15,81900000,81800000
chr15_819,chr15,82000000,81900000
chr15_820,chr15,82100000,82000000
chr15_821,chr15,82200000,82100000
chr15_822,chr15,82300000,82200000
chr15_823,chr15,82400000,82300000
chr15_824,chr15,82500000,82400000
chr15_825,chr15,82600000,82500000
chr15_826,chr15,82700000,82600000
chr15_827,chr15,82800000,82700000
chr15_828,chr15,82900000,82800000
chr15_829,chr15,83000000,82900000
chr15_830,chr15,83100000,83000000
chr15_831,chr15,83200000,83100000
chr15_832,chr15,83300000,83200000
chr15_833,chr15,83400000,83300000
chr15_834,chr15,83500000,83400000
chr15_835,chr15,83600000,83500000
chr15_836,chr15,83700000,83600000
chr15_837,chr15,83800000,83700000
chr15_838,chr15,83900000,83800000
chr15_839,chr15,84000000,83900000
chr15_840,chr15,84100000,84000000
chr15_841,chr15,84200000,84100000
chr15_842,chr15,84300000,84200000
chr15_843,chr15,84400000,84300000
chr15_844,chr15,84500000,84400000
chr15_845,chr15,84600000,84500000
chr15_846,chr15,84700000,84600000
chr15_847,chr15,84800000,84700000
chr15_848,chr15,84900000,84800000
chr15_849,chr15,85000000,84900000
chr15_850,chr15,85100000,85000000
chr15_851,chr15,85200000,85100000
chr15_852,chr15,85300000,85200000
chr15_853,chr15,85400000,85300000
chr15_854,chr15,85500000,85400000
chr15_855,chr15,85600000,85500000
chr15_856,chr15,85700000,85600000
chr15_857,chr15,85800000,85700000
chr15_858,chr15,85900000,85800000
chr15_859,chr15,86000000,85900000
chr15_860,chr15,86100000,86000000
chr15_861,chr15,86200000,86100000
chr15_862,chr15,86300000,86200000
chr15_863,chr15,86400000,86300000
chr15_864,chr15,86500000,86400000
chr15_865,chr15,86600000,86500000
chr15_866,chr15,86700000,86600000
chr15_867,chr15,86800000,86700000
chr15_868,chr15,86900000,86800000
chr15_869,chr15,87000000,86900000
chr15_870,chr15,87100000,87000000
chr15_871,chr15,87200000,87100000
chr15_872,chr15,87300000,87200000
chr15_873,chr15,87400000,87300000
chr15_874,chr15,87500000,87400000
chr15_875,chr15,87600000,87500000
chr15_876,chr15,87700000,87600000
chr15_877,chr15,87800000,87700000
chr15_878,chr15,87900000,87800000
chr15_879,chr15,88000000,87900000
chr15_880,chr15,88100000,88000000
chr15_881,chr15,88200000,88100000
chr15_882,chr15,88300000,88200000
chr15_883,chr15,88400000,88300000
chr15_884,chr15,88500000,88400000
chr15_885,chr15,88600000,88500000
chr15_886,chr15,88700000,88600000
chr15_887,chr15,88800000,88700000
chr15_888,chr15,88900000,88800000
chr15_889,chr15,89000000,88900000
chr15_890,chr15,89100000,89000000
chr15_891,chr15,89200000,89100000
chr15_892,chr15,89300000,89200000
chr15_893,chr15,89400000,89300000
chr15_894,chr15,89500000,89400000
chr15_895,chr15,89600000,89500000
chr15_896,chr15,89700000,89600000
chr15_897,chr15,89800000,89700000
chr15_898,chr15,89900000,89800000
chr15_899,chr15,90000000,89900000
chr15_900,chr15,90100000,90000000
chr15_901,chr15,90200000,90100000
chr15_902,chr15,90300000,90200000
chr15_903,chr15,90400000,90300000
chr15_904,chr15,90500000,90400000
chr15_905,chr15,90600000,90500000
chr15_906,chr15,90700000,90600000
chr15_907,chr15,90800000,90700000
chr15_908,chr15,90900000,90800000
chr15_909,chr15,91000000,90900000
chr15_910,chr15,91100000,91000000
chr15_911,chr15,91200000,91100000
chr15_912,chr15,91300000,91200000
chr15_913,chr15,91400000,91300000
chr15_914,chr15,91500000,91400000
chr15_915,chr15,91600000,91500000
chr15_916,chr15,91700000,91600000
chr15_917,chr15,91800000,91700000
chr15_918,chr15,91900000,91800000
chr15_919,chr15,92000000,91900000
chr15_920,chr15,92100000,92000000
chr15_921,chr15,92200000,92100000
chr15_922,chr15,92300000,92200000
chr15_923,chr15,92400000,92300000
chr15_924,chr15,92500000,92400000
chr15_925,chr15,92600000,92500000
chr15_926,chr15,92700000,92600000
chr15_927,chr15,92800000,92700000
chr15_928,chr15,92900000,92800000
chr15_929,chr15,93000000,92900000
chr15_930,chr15,93100000,93000000
chr15_931,chr15,93200000,93100000
chr15_932,chr15,93300000,93200000
chr15_933,chr15,93400000,93300000
chr15_934,chr15,93500000,93400000
chr15_935,chr15,93600000,93500000
chr15_936,chr15,93700000,93600000
chr15_937,chr15,93800000,93700000
chr15_938,chr15,93900000,93800000
chr15_939,chr15,94000000,93900000
chr15_940,chr15,94100000,94000000
chr15_941,chr15,94200000,94100000
chr15_942,chr15,94300000,94200000
chr15_943,chr15,94400000,94300000
chr15_944,chr15,94500000,94400000
chr15_945,chr15,94600000,94500000
chr15_946,chr15,94700000,94600000
chr15_947,chr15,94800000,94700000
chr15_948,chr15,94900000,94800000
chr15_949,chr15,95000000,94900000
chr15_950,chr15,95100000,95000000
chr15_951,chr15,95200000,95100000
chr15_952,chr15,95300000,95200000
chr15_953,chr15,95400000,95300000
chr15_954,chr15,95500000,95400000
chr15_955,chr15,95600000,95500000
chr15_956,chr15,95700000,95600000
chr15_957,chr15,95800000,95700000
chr15_958,chr15,95900000,95800000
chr15_959,chr15,96000000,95900000
chr15_960,chr15,96100000,96000000
chr15_961,chr15,96200000,96100000
chr15_962,chr15,96300000,96200000
chr15_963,chr15,96400000,96300000
chr15_964,chr15,96500000,96400000
chr15_965,chr15,96600000,96500000
chr15_966,chr15,96700000,96600000
chr15_967,chr15,96800000,96700000
chr15_968,chr15,96900000,96800000
chr15_969,chr15,97000000,96900000
chr15_970,chr15,97100000,97000000
chr15_971,chr15,97200000,97100000
chr15_972,chr15,97300000,97200000
chr15_973,chr15,97400000,97300000
chr15_974,chr15,97500000,97400000
chr15_975,chr15,97600000,97500000
chr15_976,chr15,97700000,97600000
chr15_977,chr15,97800000,97700000
chr15_978,chr15,97900000,97800000
chr15_979,chr15,98000000,97900000
chr15_980,chr15,98100000,98000000
chr15_981,chr15,98200000,98100000
chr15_982,chr15,98300000,98200000
chr15_983,chr15,98400000,98300000
chr15_984,chr15,98500000,98400000
chr15_985,chr15,98600000,98500000
chr15_986,chr15,98700000,98600000
chr15_987,chr15,98800000,98700000
chr15_988,chr15,98900000,98800000
chr15_989,chr15,99000000,98900000
chr15_990,chr15,99100000,99000000
chr15_991,chr15,99200000,99100000
chr15_992,chr15,99300000,99200000
chr15_993,chr15,99400000,99300000
chr15_994,chr15,99500000,99400000
chr15_995,chr15,99600000,99500000
chr15_996,chr15,99700000,99600000
chr15_997,chr15,99800000,99700000
chr15_998,chr15,99900000,99800000
chr15_999,chr15,100000000,99900000
chr15_1000,chr15,100100000,100000000
chr15_1001,chr15,100200000,100100000
chr15_1002,chr15,100300000,100200000
chr15_1003,chr15,100400000,100300000
chr15_1004,chr15,100500000,100400000
chr15_1005,chr15,100600000,100500000
chr15_1006,chr15,100700000,100600000
chr15_1007,chr15,100800000,100700000
chr15_1008,chr15,100900000,100800000
chr15_1009,chr15,101000000,100900000
chr15_1010,chr15,101100000,101000000
chr15_1011,chr15,101200000,101100000
chr15_1012,chr15,101300000,101200000
chr15_1013,chr15,101400000,101300000
chr15_1014,chr15,101500000,101400000
chr15_1015,chr15,101600000,101500000
chr15_1016,chr15,101700000,101600000
chr15_1017,chr15,101800000,101700000
chr15_1018,chr15,101900000,101800000
chr15_1019,chr15,102000000,101900000
chr15_1020,chr15,102100000,102000000
chr15_1021,chr15,102200000,102100000
chr15_1022,chr15,102300000,102200000
chr15_1023,chr15,102400000,102300000
chr15_1024,chr15,102500000,102400000
chr15_1025,chr15,102600000,102500000
chr15_1026,chr15,102700000,102600000
chr15_1027,chr15,102800000,102700000
chr15_1028,chr15,102900000,102800000
chr15_1029,chr15,103000000,102900000
chr15_1030,chr15,103100000,103000000
chr15_1031,chr15,103200000,103100000
chr15_1032,chr15,103300000,103200000
chr15_1033,chr15,103400000,103300000
chr15_1034,chr15,103500000,103400000
chr15_1035,chr15,103600000,103500000
chr15_1036,chr15,103700000,103600000
chr15_1037,chr15,103800000,103700000
chr15_1038,chr15,103900000,103800000
chr15_1039,chr15,104000000,103900000
chr15_1040,chr15,104043685,104000000
chr16_0,chr16,100000,0
chr16_1,chr16,200000,100000
chr16_2,chr16,300000,200000
chr16_3,chr16,400000,300000
chr16_4,chr16,500000,400000
chr16_5,chr16,600000,500000
chr16_6,chr16,700000,600000
chr16_7,chr16,800000,700000
chr16_8,chr16,900000,800000
chr16_9,chr16,1000000,900000
chr16_10,chr16,1100000,1000000
chr16_11,chr16,1200000,1100000
chr16_12,chr16,1300000,1200000
chr16_13,chr16,1400000,1300000
chr16_14,chr16,1500000,1400000
chr16_15,chr16,1600000,1500000
chr16_16,chr16,1700000,1600000
chr16_17,chr16,1800000,1700000
chr16_18,chr16,1900000,1800000
chr16_19,chr16,2000000,1900000
chr16_20,chr16,2100000,2000000
chr16_21,chr16,2200000,2100000
chr16_22,chr16,2300000,2200000
chr16_23,chr16,2400000,2300000
chr16_24,chr16,2500000,2400000
chr16_25,chr16,2600000,2500000
chr16_26,chr16,2700000,2600000
chr16_27,chr16,2800000,2700000
chr16_28,chr16,2900000,2800000
chr16_29,chr16,3000000,2900000
chr16_30,chr16,3100000,3000000
chr16_31,chr16,3200000,3100000
chr16_32,chr16,3300000,3200000
chr16_33,chr16,3400000,3300000
chr16_34,chr16,3500000,3400000
chr16_35,chr16,3600000,3500000
chr16_36,chr16,3700000,3600000
chr16_37,chr16,3800000,3700000
chr16_38,chr16,3900000,3800000
chr16_39,chr16,4000000,3900000
chr16_40,chr16,4100000,4000000
chr16_41,chr16,4200000,4100000
chr16_42,chr16,4300000,4200000
chr16_43,chr16,4400000,4300000
chr16_44,chr16,4500000,4400000
chr16_45,chr16,4600000,4500000
chr16_46,chr16,4700000,4600000
chr16_47,chr16,4800000,4700000
chr16_48,chr16,4900000,4800000
chr16_49,chr16,5000000,4900000
chr16_50,chr16,5100000,5000000
chr16_51,chr16,5200000,5100000
chr16_52,chr16,5300000,5200000
chr16_53,chr16,5400000,5300000
chr16_54,chr16,5500000,5400000
chr16_55,chr16,5600000,5500000
chr16_56,chr16,5700000,5600000
chr16_57,chr16,5800000,5700000
chr16_58,chr16,5900000,5800000
chr16_59,chr16,6000000,5900000
chr16_60,chr16,6100000,6000000
chr16_61,chr16,6200000,6100000
chr16_62,chr16,6300000,6200000
chr16_63,chr16,6400000,6300000
chr16_64,chr16,6500000,6400000
chr16_65,chr16,6600000,6500000
chr16_66,chr16,6700000,6600000
chr16_67,chr16,6800000,6700000
chr16_68,chr16,6900000,6800000
chr16_69,chr16,7000000,6900000
chr16_70,chr16,7100000,7000000
chr16_71,chr16,7200000,7100000
chr16_72,chr16,7300000,7200000
chr16_73,chr16,7400000,7300000
chr16_74,chr16,7500000,7400000
chr16_75,chr16,7600000,7500000
chr16_76,chr16,7700000,7600000
chr16_77,chr16,7800000,7700000
chr16_78,chr16,7900000,7800000
chr16_79,chr16,8000000,7900000
chr16_80,chr16,8100000,8000000
chr16_81,chr16,8200000,8100000
chr16_82,chr16,8300000,8200000
chr16_83,chr16,8400000,8300000
chr16_84,chr16,8500000,8400000
chr16_85,chr16,8600000,8500000
chr16_86,chr16,8700000,8600000
chr16_87,chr16,8800000,8700000
chr16_88,chr16,8900000,8800000
chr16_89,chr16,9000000,8900000
chr16_90,chr16,9100000,9000000
chr16_91,chr16,9200000,9100000
chr16_92,chr16,9300000,9200000
chr16_93,chr16,9400000,9300000
chr16_94,chr16,9500000,9400000
chr16_95,chr16,9600000,9500000
chr16_96,chr16,9700000,9600000
chr16_97,chr16,9800000,9700000
chr16_98,chr16,9900000,9800000
chr16_99,chr16,10000000,9900000
chr16_100,chr16,10100000,10000000
chr16_101,chr16,10200000,10100000
chr16_102,chr16,10300000,10200000
chr16_103,chr16,10400000,10300000
chr16_104,chr16,10500000,10400000
chr16_105,chr16,10600000,10500000
chr16_106,chr16,10700000,10600000
chr16_107,chr16,10800000,10700000
chr16_108,chr16,10900000,10800000
chr16_109,chr16,11000000,10900000
chr16_110,chr16,11100000,11000000
chr16_111,chr16,11200000,11100000
chr16_112,chr16,11300000,11200000
chr16_113,chr16,11400000,11300000
chr16_114,chr16,11500000,11400000
chr16_115,chr16,11600000,11500000
chr16_116,chr16,11700000,11600000
chr16_117,chr16,11800000,11700000
chr16_118,chr16,11900000,11800000
chr16_119,chr16,12000000,11900000
chr16_120,chr16,12100000,12000000
chr16_121,chr16,12200000,12100000
chr16_122,chr16,12300000,12200000
chr16_123,chr16,12400000,12300000
chr16_124,chr16,12500000,12400000
chr16_125,chr16,12600000,12500000
chr16_126,chr16,12700000,12600000
chr16_127,chr16,12800000,12700000
chr16_128,chr16,12900000,12800000
chr16_129,chr16,13000000,12900000
chr16_130,chr16,13100000,13000000
chr16_131,chr16,13200000,13100000
chr16_132,chr16,13300000,13200000
chr16_133,chr16,13400000,13300000
chr16_134,chr16,13500000,13400000
chr16_135,chr16,13600000,13500000
chr16_136,chr16,13700000,13600000
chr16_137,chr16,13800000,13700000
chr16_138,chr16,13900000,13800000
chr16_139,chr16,14000000,13900000
chr16_140,chr16,14100000,14000000
chr16_141,chr16,14200000,14100000
chr16_142,chr16,14300000,14200000
chr16_143,chr16,14400000,14300000
chr16_144,chr16,14500000,14400000
chr16_145,chr16,14600000,14500000
chr16_146,chr16,14700000,14600000
chr16_147,chr16,14800000,14700000
chr16_148,chr16,14900000,14800000
chr16_149,chr16,15000000,14900000
chr16_150,chr16,15100000,15000000
chr16_151,chr16,15200000,15100000
chr16_152,chr16,15300000,15200000
chr16_153,chr16,15400000,15300000
chr16_154,chr16,15500000,15400000
chr16_155,chr16,15600000,15500000
chr16_156,chr16,15700000,15600000
chr16_157,chr16,15800000,15700000
chr16_158,chr16,15900000,15800000
chr16_159,chr16,16000000,15900000
chr16_160,chr16,16100000,16000000
chr16_161,chr16,16200000,16100000
chr16_162,chr16,16300000,16200000
chr16_163,chr16,16400000,16300000
chr16_164,chr16,16500000,16400000
chr16_165,chr16,16600000,16500000
chr16_166,chr16,16700000,16600000
chr16_167,chr16,16800000,16700000
chr16_168,chr16,16900000,16800000
chr16_169,chr16,17000000,16900000
chr16_170,chr16,17100000,17000000
chr16_171,chr16,17200000,17100000
chr16_172,chr16,17300000,17200000
chr16_173,chr16,17400000,17300000
chr16_174,chr16,17500000,17400000
chr16_175,chr16,17600000,17500000
chr16_176,chr16,17700000,17600000
chr16_177,chr16,17800000,17700000
chr16_178,chr16,17900000,17800000
chr16_179,chr16,18000000,17900000
chr16_180,chr16,18100000,18000000
chr16_181,chr16,18200000,18100000
chr16_182,chr16,18300000,18200000
chr16_183,chr16,18400000,18300000
chr16_184,chr16,18500000,18400000
chr16_185,chr16,18600000,18500000
chr16_186,chr16,18700000,18600000
chr16_187,chr16,18800000,18700000
chr16_188,chr16,18900000,18800000
chr16_189,chr16,19000000,18900000
chr16_190,chr16,19100000,19000000
chr16_191,chr16,19200000,19100000
chr16_192,chr16,19300000,19200000
chr16_193,chr16,19400000,19300000
chr16_194,chr16,19500000,19400000
chr16_195,chr16,19600000,19500000
chr16_196,chr16,19700000,19600000
chr16_197,chr16,19800000,19700000
chr16_198,chr16,19900000,19800000
chr16_199,chr16,20000000,19900000
chr16_200,chr16,20100000,20000000
chr16_201,chr16,20200000,20100000
chr16_202,chr16,20300000,20200000
chr16_203,chr16,20400000,20300000
chr16_204,chr16,20500000,20400000
chr16_205,chr16,20600000,20500000
chr16_206,chr16,20700000,20600000
chr16_207,chr16,20800000,20700000
chr16_208,chr16,20900000,20800000
chr16_209,chr16,21000000,20900000
chr16_210,chr16,21100000,21000000
chr16_211,chr16,21200000,21100000
chr16_212,chr16,21300000,21200000
chr16_213,chr16,21400000,21300000
chr16_214,chr16,21500000,21400000
chr16_215,chr16,21600000,21500000
chr16_216,chr16,21700000,21600000
chr16_217,chr16,21800000,21700000
chr16_218,chr16,21900000,21800000
chr16_219,chr16,22000000,21900000
chr16_220,chr16,22100000,22000000
chr16_221,chr16,22200000,22100000
chr16_222,chr16,22300000,22200000
chr16_223,chr16,22400000,22300000
chr16_224,chr16,22500000,22400000
chr16_225,chr16,22600000,22500000
chr16_226,chr16,22700000,22600000
chr16_227,chr16,22800000,22700000
chr16_228,chr16,22900000,22800000
chr16_229,chr16,23000000,22900000
chr16_230,chr16,23100000,23000000
chr16_231,chr16,23200000,23100000
chr16_232,chr16,23300000,23200000
chr16_233,chr16,23400000,23300000
chr16_234,chr16,23500000,23400000
chr16_235,chr16,23600000,23500000
chr16_236,chr16,23700000,23600000
chr16_237,chr16,23800000,23700000
chr16_238,chr16,23900000,23800000
chr16_239,chr16,24000000,23900000
chr16_240,chr16,24100000,24000000
chr16_241,chr16,24200000,24100000
chr16_242,chr16,24300000,24200000
chr16_243,chr16,24400000,24300000
chr16_244,chr16,24500000,24400000
chr16_245,chr16,24600000,24500000
chr16_246,chr16,24700000,24600000
chr16_247,chr16,24800000,24700000
chr16_248,chr16,24900000,24800000
chr16_249,chr16,25000000,24900000
chr16_250,chr16,25100000,25000000
chr16_251,chr16,25200000,25100000
chr16_252,chr16,25300000,25200000
chr16_253,chr16,25400000,25300000
chr16_254,chr16,25500000,25400000
chr16_255,chr16,25600000,25500000
chr16_256,chr16,25700000,25600000
chr16_257,chr16,25800000,25700000
chr16_258,chr16,25900000,25800000
chr16_259,chr16,26000000,25900000
chr16_260,chr16,26100000,26000000
chr16_261,chr16,26200000,26100000
chr16_262,chr16,26300000,26200000
chr16_263,chr16,26400000,26300000
chr16_264,chr16,26500000,26400000
chr16_265,chr16,26600000,26500000
chr16_266,chr16,26700000,26600000
chr16_267,chr16,26800000,26700000
chr16_268,chr16,26900000,26800000
chr16_269,chr16,27000000,26900000
chr16_270,chr16,27100000,27000000
chr16_271,chr16,27200000,27100000
chr16_272,chr16,27300000,27200000
chr16_273,chr16,27400000,27300000
chr16_274,chr16,27500000,27400000
chr16_275,chr16,27600000,27500000
chr16_276,chr16,27700000,27600000
chr16_277,chr16,27800000,27700000
chr16_278,chr16,27900000,27800000
chr16_279,chr16,28000000,27900000
chr16_280,chr16,28100000,28000000
chr16_281,chr16,28200000,28100000
chr16_282,chr16,28300000,28200000
chr16_283,chr16,28400000,28300000
chr16_284,chr16,28500000,28400000
chr16_285,chr16,28600000,28500000
chr16_286,chr16,28700000,28600000
chr16_287,chr16,28800000,28700000
chr16_288,chr16,28900000,28800000
chr16_289,chr16,29000000,28900000
chr16_290,chr16,29100000,29000000
chr16_291,chr16,29200000,29100000
chr16_292,chr16,29300000,29200000
chr16_293,chr16,29400000,29300000
chr16_294,chr16,29500000,29400000
chr16_295,chr16,29600000,29500000
chr16_296,chr16,29700000,29600000
chr16_297,chr16,29800000,29700000
chr16_298,chr16,29900000,29800000
chr16_299,chr16,30000000,29900000
chr16_300,chr16,30100000,30000000
chr16_301,chr16,30200000,30100000
chr16_302,chr16,30300000,30200000
chr16_303,chr16,30400000,30300000
chr16_304,chr16,30500000,30400000
chr16_305,chr16,30600000,30500000
chr16_306,chr16,30700000,30600000
chr16_307,chr16,30800000,30700000
chr16_308,chr16,30900000,30800000
chr16_309,chr16,31000000,30900000
chr16_310,chr16,31100000,31000000
chr16_311,chr16,31200000,31100000
chr16_312,chr16,31300000,31200000
chr16_313,chr16,31400000,31300000
chr16_314,chr16,31500000,31400000
chr16_315,chr16,31600000,31500000
chr16_316,chr16,31700000,31600000
chr16_317,chr16,31800000,31700000
chr16_318,chr16,31900000,31800000
chr16_319,chr16,32000000,31900000
chr16_320,chr16,32100000,32000000
chr16_321,chr16,32200000,32100000
chr16_322,chr16,32300000,32200000
chr16_323,chr16,32400000,32300000
chr16_324,chr16,32500000,32400000
chr16_325,chr16,32600000,32500000
chr16_326,chr16,32700000,32600000
chr16_327,chr16,32800000,32700000
chr16_328,chr16,32900000,32800000
chr16_329,chr16,33000000,32900000
chr16_330,chr16,33100000,33000000
chr16_331,chr16,33200000,33100000
chr16_332,chr16,33300000,33200000
chr16_333,chr16,33400000,33300000
chr16_334,chr16,33500000,33400000
chr16_335,chr16,33600000,33500000
chr16_336,chr16,33700000,33600000
chr16_337,chr16,33800000,33700000
chr16_338,chr16,33900000,33800000
chr16_339,chr16,34000000,33900000
chr16_340,chr16,34100000,34000000
chr16_341,chr16,34200000,34100000
chr16_342,chr16,34300000,34200000
chr16_343,chr16,34400000,34300000
chr16_344,chr16,34500000,34400000
chr16_345,chr16,34600000,34500000
chr16_346,chr16,34700000,34600000
chr16_347,chr16,34800000,34700000
chr16_348,chr16,34900000,34800000
chr16_349,chr16,35000000,34900000
chr16_350,chr16,35100000,35000000
chr16_351,chr16,35200000,35100000
chr16_352,chr16,35300000,35200000
chr16_353,chr16,35400000,35300000
chr16_354,chr16,35500000,35400000
chr16_355,chr16,35600000,35500000
chr16_356,chr16,35700000,35600000
chr16_357,chr16,35800000,35700000
chr16_358,chr16,35900000,35800000
chr16_359,chr16,36000000,35900000
chr16_360,chr16,36100000,36000000
chr16_361,chr16,36200000,36100000
chr16_362,chr16,36300000,36200000
chr16_363,chr16,36400000,36300000
chr16_364,chr16,36500000,36400000
chr16_365,chr16,36600000,36500000
chr16_366,chr16,36700000,36600000
chr16_367,chr16,36800000,36700000
chr16_368,chr16,36900000,36800000
chr16_369,chr16,37000000,36900000
chr16_370,chr16,37100000,37000000
chr16_371,chr16,37200000,37100000
chr16_372,chr16,37300000,37200000
chr16_373,chr16,37400000,37300000
chr16_374,chr16,37500000,37400000
chr16_375,chr16,37600000,37500000
chr16_376,chr16,37700000,37600000
chr16_377,chr16,37800000,37700000
chr16_378,chr16,37900000,37800000
chr16_379,chr16,38000000,37900000
chr16_380,chr16,38100000,38000000
chr16_381,chr16,38200000,38100000
chr16_382,chr16,38300000,38200000
chr16_383,chr16,38400000,38300000
chr16_384,chr16,38500000,38400000
chr16_385,chr16,38600000,38500000
chr16_386,chr16,38700000,38600000
chr16_387,chr16,38800000,38700000
chr16_388,chr16,38900000,38800000
chr16_389,chr16,39000000,38900000
chr16_390,chr16,39100000,39000000
chr16_391,chr16,39200000,39100000
chr16_392,chr16,39300000,39200000
chr16_393,chr16,39400000,39300000
chr16_394,chr16,39500000,39400000
chr16_395,chr16,39600000,39500000
chr16_396,chr16,39700000,39600000
chr16_397,chr16,39800000,39700000
chr16_398,chr16,39900000,39800000
chr16_399,chr16,40000000,39900000
chr16_400,chr16,40100000,40000000
chr16_401,chr16,40200000,40100000
chr16_402,chr16,40300000,40200000
chr16_403,chr16,40400000,40300000
chr16_404,chr16,40500000,40400000
chr16_405,chr16,40600000,40500000
chr16_406,chr16,40700000,40600000
chr16_407,chr16,40800000,40700000
chr16_408,chr16,40900000,40800000
chr16_409,chr16,41000000,40900000
chr16_410,chr16,41100000,41000000
chr16_411,chr16,41200000,41100000
chr16_412,chr16,41300000,41200000
chr16_413,chr16,41400000,41300000
chr16_414,chr16,41500000,41400000
chr16_415,chr16,41600000,41500000
chr16_416,chr16,41700000,41600000
chr16_417,chr16,41800000,41700000
chr16_418,chr16,41900000,41800000
chr16_419,chr16,42000000,41900000
chr16_420,chr16,42100000,42000000
chr16_421,chr16,42200000,42100000
chr16_422,chr16,42300000,42200000
chr16_423,chr16,42400000,42300000
chr16_424,chr16,42500000,42400000
chr16_425,chr16,42600000,42500000
chr16_426,chr16,42700000,42600000
chr16_427,chr16,42800000,42700000
chr16_428,chr16,42900000,42800000
chr16_429,chr16,43000000,42900000
chr16_430,chr16,43100000,43000000
chr16_431,chr16,43200000,43100000
chr16_432,chr16,43300000,43200000
chr16_433,chr16,43400000,43300000
chr16_434,chr16,43500000,43400000
chr16_435,chr16,43600000,43500000
chr16_436,chr16,43700000,43600000
chr16_437,chr16,43800000,43700000
chr16_438,chr16,43900000,43800000
chr16_439,chr16,44000000,43900000
chr16_440,chr16,44100000,44000000
chr16_441,chr16,44200000,44100000
chr16_442,chr16,44300000,44200000
chr16_443,chr16,44400000,44300000
chr16_444,chr16,44500000,44400000
chr16_445,chr16,44600000,44500000
chr16_446,chr16,44700000,44600000
chr16_447,chr16,44800000,44700000
chr16_448,chr16,44900000,44800000
chr16_449,chr16,45000000,44900000
chr16_450,chr16,45100000,45000000
chr16_451,chr16,45200000,45100000
chr16_452,chr16,45300000,45200000
chr16_453,chr16,45400000,45300000
chr16_454,chr16,45500000,45400000
chr16_455,chr16,45600000,45500000
chr16_456,chr16,45700000,45600000
chr16_457,chr16,45800000,45700000
chr16_458,chr16,45900000,45800000
chr16_459,chr16,46000000,45900000
chr16_460,chr16,46100000,46000000
chr16_461,chr16,46200000,46100000
chr16_462,chr16,46300000,46200000
chr16_463,chr16,46400000,46300000
chr16_464,chr16,46500000,46400000
chr16_465,chr16,46600000,46500000
chr16_466,chr16,46700000,46600000
chr16_467,chr16,46800000,46700000
chr16_468,chr16,46900000,46800000
chr16_469,chr16,47000000,46900000
chr16_470,chr16,47100000,47000000
chr16_471,chr16,47200000,47100000
chr16_472,chr16,47300000,47200000
chr16_473,chr16,47400000,47300000
chr16_474,chr16,47500000,47400000
chr16_475,chr16,47600000,47500000
chr16_476,chr16,47700000,47600000
chr16_477,chr16,47800000,47700000
chr16_478,chr16,47900000,47800000
chr16_479,chr16,48000000,47900000
chr16_480,chr16,48100000,48000000
chr16_481,chr16,48200000,48100000
chr16_482,chr16,48300000,48200000
chr16_483,chr16,48400000,48300000
chr16_484,chr16,48500000,48400000
chr16_485,chr16,48600000,48500000
chr16_486,chr16,48700000,48600000
chr16_487,chr16,48800000,48700000
chr16_488,chr16,48900000,48800000
chr16_489,chr16,49000000,48900000
chr16_490,chr16,49100000,49000000
chr16_491,chr16,49200000,49100000
chr16_492,chr16,49300000,49200000
chr16_493,chr16,49400000,49300000
chr16_494,chr16,49500000,49400000
chr16_495,chr16,49600000,49500000
chr16_496,chr16,49700000,49600000
chr16_497,chr16,49800000,49700000
chr16_498,chr16,49900000,49800000
chr16_499,chr16,50000000,49900000
chr16_500,chr16,50100000,50000000
chr16_501,chr16,50200000,50100000
chr16_502,chr16,50300000,50200000
chr16_503,chr16,50400000,50300000
chr16_504,chr16,50500000,50400000
chr16_505,chr16,50600000,50500000
chr16_506,chr16,50700000,50600000
chr16_507,chr16,50800000,50700000
chr16_508,chr16,50900000,50800000
chr16_509,chr16,51000000,50900000
chr16_510,chr16,51100000,51000000
chr16_511,chr16,51200000,51100000
chr16_512,chr16,51300000,51200000
chr16_513,chr16,51400000,51300000
chr16_514,chr16,51500000,51400000
chr16_515,chr16,51600000,51500000
chr16_516,chr16,51700000,51600000
chr16_517,chr16,51800000,51700000
chr16_518,chr16,51900000,51800000
chr16_519,chr16,52000000,51900000
chr16_520,chr16,52100000,52000000
chr16_521,chr16,52200000,52100000
chr16_522,chr16,52300000,52200000
chr16_523,chr16,52400000,52300000
chr16_524,chr16,52500000,52400000
chr16_525,chr16,52600000,52500000
chr16_526,chr16,52700000,52600000
chr16_527,chr16,52800000,52700000
chr16_528,chr16,52900000,52800000
chr16_529,chr16,53000000,52900000
chr16_530,chr16,53100000,53000000
chr16_531,chr16,53200000,53100000
chr16_532,chr16,53300000,53200000
chr16_533,chr16,53400000,53300000
chr16_534,chr16,53500000,53400000
chr16_535,chr16,53600000,53500000
chr16_536,chr16,53700000,53600000
chr16_537,chr16,53800000,53700000
chr16_538,chr16,53900000,53800000
chr16_539,chr16,54000000,53900000
chr16_540,chr16,54100000,54000000
chr16_541,chr16,54200000,54100000
chr16_542,chr16,54300000,54200000
chr16_543,chr16,54400000,54300000
chr16_544,chr16,54500000,54400000
chr16_545,chr16,54600000,54500000
chr16_546,chr16,54700000,54600000
chr16_547,chr16,54800000,54700000
chr16_548,chr16,54900000,54800000
chr16_549,chr16,55000000,54900000
chr16_550,chr16,55100000,55000000
chr16_551,chr16,55200000,55100000
chr16_552,chr16,55300000,55200000
chr16_553,chr16,55400000,55300000
chr16_554,chr16,55500000,55400000
chr16_555,chr16,55600000,55500000
chr16_556,chr16,55700000,55600000
chr16_557,chr16,55800000,55700000
chr16_558,chr16,55900000,55800000
chr16_559,chr16,56000000,55900000
chr16_560,chr16,56100000,56000000
chr16_561,chr16,56200000,56100000
chr16_562,chr16,56300000,56200000
chr16_563,chr16,56400000,56300000
chr16_564,chr16,56500000,56400000
chr16_565,chr16,56600000,56500000
chr16_566,chr16,56700000,56600000
chr16_567,chr16,56800000,56700000
chr16_568,chr16,56900000,56800000
chr16_569,chr16,57000000,56900000
chr16_570,chr16,57100000,57000000
chr16_571,chr16,57200000,57100000
chr16_572,chr16,57300000,57200000
chr16_573,chr16,57400000,57300000
chr16_574,chr16,57500000,57400000
chr16_575,chr16,57600000,57500000
chr16_576,chr16,57700000,57600000
chr16_577,chr16,57800000,57700000
chr16_578,chr16,57900000,57800000
chr16_579,chr16,58000000,57900000
chr16_580,chr16,58100000,58000000
chr16_581,chr16,58200000,58100000
chr16_582,chr16,58300000,58200000
chr16_583,chr16,58400000,58300000
chr16_584,chr16,58500000,58400000
chr16_585,chr16,58600000,58500000
chr16_586,chr16,58700000,58600000
chr16_587,chr16,58800000,58700000
chr16_588,chr16,58900000,58800000
chr16_589,chr16,59000000,58900000
chr16_590,chr16,59100000,59000000
chr16_591,chr16,59200000,59100000
chr16_592,chr16,59300000,59200000
chr16_593,chr16,59400000,59300000
chr16_594,chr16,59500000,59400000
chr16_595,chr16,59600000,59500000
chr16_596,chr16,59700000,59600000
chr16_597,chr16,59800000,59700000
chr16_598,chr16,59900000,59800000
chr16_599,chr16,60000000,59900000
chr16_600,chr16,60100000,60000000
chr16_601,chr16,60200000,60100000
chr16_602,chr16,60300000,60200000
chr16_603,chr16,60400000,60300000
chr16_604,chr16,60500000,60400000
chr16_605,chr16,60600000,60500000
chr16_606,chr16,60700000,60600000
chr16_607,chr16,60800000,60700000
chr16_608,chr16,60900000,60800000
chr16_609,chr16,61000000,60900000
chr16_610,chr16,61100000,61000000
chr16_611,chr16,61200000,61100000
chr16_612,chr16,61300000,61200000
chr16_613,chr16,61400000,61300000
chr16_614,chr16,61500000,61400000
chr16_615,chr16,61600000,61500000
chr16_616,chr16,61700000,61600000
chr16_617,chr16,61800000,61700000
chr16_618,chr16,61900000,61800000
chr16_619,chr16,62000000,61900000
chr16_620,chr16,62100000,62000000
chr16_621,chr16,62200000,62100000
chr16_622,chr16,62300000,62200000
chr16_623,chr16,62400000,62300000
chr16_624,chr16,62500000,62400000
chr16_625,chr16,62600000,62500000
chr16_626,chr16,62700000,62600000
chr16_627,chr16,62800000,62700000
chr16_628,chr16,62900000,62800000
chr16_629,chr16,63000000,62900000
chr16_630,chr16,63100000,63000000
chr16_631,chr16,63200000,63100000
chr16_632,chr16,63300000,63200000
chr16_633,chr16,63400000,63300000
chr16_634,chr16,63500000,63400000
chr16_635,chr16,63600000,63500000
chr16_636,chr16,63700000,63600000
chr16_637,chr16,63800000,63700000
chr16_638,chr16,63900000,63800000
chr16_639,chr16,64000000,63900000
chr16_640,chr16,64100000,64000000
chr16_641,chr16,64200000,64100000
chr16_642,chr16,64300000,64200000
chr16_643,chr16,64400000,64300000
chr16_644,chr16,64500000,64400000
chr16_645,chr16,64600000,64500000
chr16_646,chr16,64700000,64600000
chr16_647,chr16,64800000,64700000
chr16_648,chr16,64900000,64800000
chr16_649,chr16,65000000,64900000
chr16_650,chr16,65100000,65000000
chr16_651,chr16,65200000,65100000
chr16_652,chr16,65300000,65200000
chr16_653,chr16,65400000,65300000
chr16_654,chr16,65500000,65400000
chr16_655,chr16,65600000,65500000
chr16_656,chr16,65700000,65600000
chr16_657,chr16,65800000,65700000
chr16_658,chr16,65900000,65800000
chr16_659,chr16,66000000,65900000
chr16_660,chr16,66100000,66000000
chr16_661,chr16,66200000,66100000
chr16_662,chr16,66300000,66200000
chr16_663,chr16,66400000,66300000
chr16_664,chr16,66500000,66400000
chr16_665,chr16,66600000,66500000
chr16_666,chr16,66700000,66600000
chr16_667,chr16,66800000,66700000
chr16_668,chr16,66900000,66800000
chr16_669,chr16,67000000,66900000
chr16_670,chr16,67100000,67000000
chr16_671,chr16,67200000,67100000
chr16_672,chr16,67300000,67200000
chr16_673,chr16,67400000,67300000
chr16_674,chr16,67500000,67400000
chr16_675,chr16,67600000,67500000
chr16_676,chr16,67700000,67600000
chr16_677,chr16,67800000,67700000
chr16_678,chr16,67900000,67800000
chr16_679,chr16,68000000,67900000
chr16_680,chr16,68100000,68000000
chr16_681,chr16,68200000,68100000
chr16_682,chr16,68300000,68200000
chr16_683,chr16,68400000,68300000
chr16_684,chr16,68500000,68400000
chr16_685,chr16,68600000,68500000
chr16_686,chr16,68700000,68600000
chr16_687,chr16,68800000,68700000
chr16_688,chr16,68900000,68800000
chr16_689,chr16,69000000,68900000
chr16_690,chr16,69100000,69000000
chr16_691,chr16,69200000,69100000
chr16_692,chr16,69300000,69200000
chr16_693,chr16,69400000,69300000
chr16_694,chr16,69500000,69400000
chr16_695,chr16,69600000,69500000
chr16_696,chr16,69700000,69600000
chr16_697,chr16,69800000,69700000
chr16_698,chr16,69900000,69800000
chr16_699,chr16,70000000,69900000
chr16_700,chr16,70100000,70000000
chr16_701,chr16,70200000,70100000
chr16_702,chr16,70300000,70200000
chr16_703,chr16,70400000,70300000
chr16_704,chr16,70500000,70400000
chr16_705,chr16,70600000,70500000
chr16_706,chr16,70700000,70600000
chr16_707,chr16,70800000,70700000
chr16_708,chr16,70900000,70800000
chr16_709,chr16,71000000,70900000
chr16_710,chr16,71100000,71000000
chr16_711,chr16,71200000,71100000
chr16_712,chr16,71300000,71200000
chr16_713,chr16,71400000,71300000
chr16_714,chr16,71500000,71400000
chr16_715,chr16,71600000,71500000
chr16_716,chr16,71700000,71600000
chr16_717,chr16,71800000,71700000
chr16_718,chr16,71900000,71800000
chr16_719,chr16,72000000,71900000
chr16_720,chr16,72100000,72000000
chr16_721,chr16,72200000,72100000
chr16_722,chr16,72300000,72200000
chr16_723,chr16,72400000,72300000
chr16_724,chr16,72500000,72400000
chr16_725,chr16,72600000,72500000
chr16_726,chr16,72700000,72600000
chr16_727,chr16,72800000,72700000
chr16_728,chr16,72900000,72800000
chr16_729,chr16,73000000,72900000
chr16_730,chr16,73100000,73000000
chr16_731,chr16,73200000,73100000
chr16_732,chr16,73300000,73200000
chr16_733,chr16,73400000,73300000
chr16_734,chr16,73500000,73400000
chr16_735,chr16,73600000,73500000
chr16_736,chr16,73700000,73600000
chr16_737,chr16,73800000,73700000
chr16_738,chr16,73900000,73800000
chr16_739,chr16,74000000,73900000
chr16_740,chr16,74100000,74000000
chr16_741,chr16,74200000,74100000
chr16_742,chr16,74300000,74200000
chr16_743,chr16,74400000,74300000
chr16_744,chr16,74500000,74400000
chr16_745,chr16,74600000,74500000
chr16_746,chr16,74700000,74600000
chr16_747,chr16,74800000,74700000
chr16_748,chr16,74900000,74800000
chr16_749,chr16,75000000,74900000
chr16_750,chr16,75100000,75000000
chr16_751,chr16,75200000,75100000
chr16_752,chr16,75300000,75200000
chr16_753,chr16,75400000,75300000
chr16_754,chr16,75500000,75400000
chr16_755,chr16,75600000,75500000
chr16_756,chr16,75700000,75600000
chr16_757,chr16,75800000,75700000
chr16_758,chr16,75900000,75800000
chr16_759,chr16,76000000,75900000
chr16_760,chr16,76100000,76000000
chr16_761,chr16,76200000,76100000
chr16_762,chr16,76300000,76200000
chr16_763,chr16,76400000,76300000
chr16_764,chr16,76500000,76400000
chr16_765,chr16,76600000,76500000
chr16_766,chr16,76700000,76600000
chr16_767,chr16,76800000,76700000
chr16_768,chr16,76900000,76800000
chr16_769,chr16,77000000,76900000
chr16_770,chr16,77100000,77000000
chr16_771,chr16,77200000,77100000
chr16_772,chr16,77300000,77200000
chr16_773,chr16,77400000,77300000
chr16_774,chr16,77500000,77400000
chr16_775,chr16,77600000,77500000
chr16_776,chr16,77700000,77600000
chr16_777,chr16,77800000,77700000
chr16_778,chr16,77900000,77800000
chr16_779,chr16,78000000,77900000
chr16_780,chr16,78100000,78000000
chr16_781,chr16,78200000,78100000
chr16_782,chr16,78300000,78200000
chr16_783,chr16,78400000,78300000
chr16_784,chr16,78500000,78400000
chr16_785,chr16,78600000,78500000
chr16_786,chr16,78700000,78600000
chr16_787,chr16,78800000,78700000
chr16_788,chr16,78900000,78800000
chr16_789,chr16,79000000,78900000
chr16_790,chr16,79100000,79000000
chr16_791,chr16,79200000,79100000
chr16_792,chr16,79300000,79200000
chr16_793,chr16,79400000,79300000
chr16_794,chr16,79500000,79400000
chr16_795,chr16,79600000,79500000
chr16_796,chr16,79700000,79600000
chr16_797,chr16,79800000,79700000
chr16_798,chr16,79900000,79800000
chr16_799,chr16,80000000,79900000
chr16_800,chr16,80100000,80000000
chr16_801,chr16,80200000,80100000
chr16_802,chr16,80300000,80200000
chr16_803,chr16,80400000,80300000
chr16_804,chr16,80500000,80400000
chr16_805,chr16,80600000,80500000
chr16_806,chr16,80700000,80600000
chr16_807,chr16,80800000,80700000
chr16_808,chr16,80900000,80800000
chr16_809,chr16,81000000,80900000
chr16_810,chr16,81100000,81000000
chr16_811,chr16,81200000,81100000
chr16_812,chr16,81300000,81200000
chr16_813,chr16,81400000,81300000
chr16_814,chr16,81500000,81400000
chr16_815,chr16,81600000,81500000
chr16_816,chr16,81700000,81600000
chr16_817,chr16,81800000,81700000
chr16_818,chr16,81900000,81800000
chr16_819,chr16,82000000,81900000
chr16_820,chr16,82100000,82000000
chr16_821,chr16,82200000,82100000
chr16_822,chr16,82300000,82200000
chr16_823,chr16,82400000,82300000
chr16_824,chr16,82500000,82400000
chr16_825,chr16,82600000,82500000
chr16_826,chr16,82700000,82600000
chr16_827,chr16,82800000,82700000
chr16_828,chr16,82900000,82800000
chr16_829,chr16,83000000,82900000
chr16_830,chr16,83100000,83000000
chr16_831,chr16,83200000,83100000
chr16_832,chr16,83300000,83200000
chr16_833,chr16,83400000,83300000
chr16_834,chr16,83500000,83400000
chr16_835,chr16,83600000,83500000
chr16_836,chr16,83700000,83600000
chr16_837,chr16,83800000,83700000
chr16_838,chr16,83900000,83800000
chr16_839,chr16,84000000,83900000
chr16_840,chr16,84100000,84000000
chr16_841,chr16,84200000,84100000
chr16_842,chr16,84300000,84200000
chr16_843,chr16,84400000,84300000
chr16_844,chr16,84500000,84400000
chr16_845,chr16,84600000,84500000
chr16_846,chr16,84700000,84600000
chr16_847,chr16,84800000,84700000
chr16_848,chr16,84900000,84800000
chr16_849,chr16,85000000,84900000
chr16_850,chr16,85100000,85000000
chr16_851,chr16,85200000,85100000
chr16_852,chr16,85300000,85200000
chr16_853,chr16,85400000,85300000
chr16_854,chr16,85500000,85400000
chr16_855,chr16,85600000,85500000
chr16_856,chr16,85700000,85600000
chr16_857,chr16,85800000,85700000
chr16_858,chr16,85900000,85800000
chr16_859,chr16,86000000,85900000
chr16_860,chr16,86100000,86000000
chr16_861,chr16,86200000,86100000
chr16_862,chr16,86300000,86200000
chr16_863,chr16,86400000,86300000
chr16_864,chr16,86500000,86400000
chr16_865,chr16,86600000,86500000
chr16_866,chr16,86700000,86600000
chr16_867,chr16,86800000,86700000
chr16_868,chr16,86900000,86800000
chr16_869,chr16,87000000,86900000
chr16_870,chr16,87100000,87000000
chr16_871,chr16,87200000,87100000
chr16_872,chr16,87300000,87200000
chr16_873,chr16,87400000,87300000
chr16_874,chr16,87500000,87400000
chr16_875,chr16,87600000,87500000
chr16_876,chr16,87700000,87600000
chr16_877,chr16,87800000,87700000
chr16_878,chr16,87900000,87800000
chr16_879,chr16,88000000,87900000
chr16_880,chr16,88100000,88000000
chr16_881,chr16,88200000,88100000
chr16_882,chr16,88300000,88200000
chr16_883,chr16,88400000,88300000
chr16_884,chr16,88500000,88400000
chr16_885,chr16,88600000,88500000
chr16_886,chr16,88700000,88600000
chr16_887,chr16,88800000,88700000
chr16_888,chr16,88900000,88800000
chr16_889,chr16,89000000,88900000
chr16_890,chr16,89100000,89000000
chr16_891,chr16,89200000,89100000
chr16_892,chr16,89300000,89200000
chr16_893,chr16,89400000,89300000
chr16_894,chr16,89500000,89400000
chr16_895,chr16,89600000,89500000
chr16_896,chr16,89700000,89600000
chr16_897,chr16,89800000,89700000
chr16_898,chr16,89900000,89800000
chr16_899,chr16,90000000,89900000
chr16_900,chr16,90100000,90000000
chr16_901,chr16,90200000,90100000
chr16_902,chr16,90300000,90200000
chr16_903,chr16,90400000,90300000
chr16_904,chr16,90500000,90400000
chr16_905,chr16,90600000,90500000
chr16_906,chr16,90700000,90600000
chr16_907,chr16,90800000,90700000
chr16_908,chr16,90900000,90800000
chr16_909,chr16,91000000,90900000
chr16_910,chr16,91100000,91000000
chr16_911,chr16,91200000,91100000
chr16_912,chr16,91300000,91200000
chr16_913,chr16,91400000,91300000
chr16_914,chr16,91500000,91400000
chr16_915,chr16,91600000,91500000
chr16_916,chr16,91700000,91600000
chr16_917,chr16,91800000,91700000
chr16_918,chr16,91900000,91800000
chr16_919,chr16,92000000,91900000
chr16_920,chr16,92100000,92000000
chr16_921,chr16,92200000,92100000
chr16_922,chr16,92300000,92200000
chr16_923,chr16,92400000,92300000
chr16_924,chr16,92500000,92400000
chr16_925,chr16,92600000,92500000
chr16_926,chr16,92700000,92600000
chr16_927,chr16,92800000,92700000
chr16_928,chr16,92900000,92800000
chr16_929,chr16,93000000,92900000
chr16_930,chr16,93100000,93000000
chr16_931,chr16,93200000,93100000
chr16_932,chr16,93300000,93200000
chr16_933,chr16,93400000,93300000
chr16_934,chr16,93500000,93400000
chr16_935,chr16,93600000,93500000
chr16_936,chr16,93700000,93600000
chr16_937,chr16,93800000,93700000
chr16_938,chr16,93900000,93800000
chr16_939,chr16,94000000,93900000
chr16_940,chr16,94100000,94000000
chr16_941,chr16,94200000,94100000
chr16_942,chr16,94300000,94200000
chr16_943,chr16,94400000,94300000
chr16_944,chr16,94500000,94400000
chr16_945,chr16,94600000,94500000
chr16_946,chr16,94700000,94600000
chr16_947,chr16,94800000,94700000
chr16_948,chr16,94900000,94800000
chr16_949,chr16,95000000,94900000
chr16_950,chr16,95100000,95000000
chr16_951,chr16,95200000,95100000
chr16_952,chr16,95300000,95200000
chr16_953,chr16,95400000,95300000
chr16_954,chr16,95500000,95400000
chr16_955,chr16,95600000,95500000
chr16_956,chr16,95700000,95600000
chr16_957,chr16,95800000,95700000
chr16_958,chr16,95900000,95800000
chr16_959,chr16,96000000,95900000
chr16_960,chr16,96100000,96000000
chr16_961,chr16,96200000,96100000
chr16_962,chr16,96300000,96200000
chr16_963,chr16,96400000,96300000
chr16_964,chr16,96500000,96400000
chr16_965,chr16,96600000,96500000
chr16_966,chr16,96700000,96600000
chr16_967,chr16,96800000,96700000
chr16_968,chr16,96900000,96800000
chr16_969,chr16,97000000,96900000
chr16_970,chr16,97100000,97000000
chr16_971,chr16,97200000,97100000
chr16_972,chr16,97300000,97200000
chr16_973,chr16,97400000,97300000
chr16_974,chr16,97500000,97400000
chr16_975,chr16,97600000,97500000
chr16_976,chr16,97700000,97600000
chr16_977,chr16,97800000,97700000
chr16_978,chr16,97900000,97800000
chr16_979,chr16,98000000,97900000
chr16_980,chr16,98100000,98000000
chr16_981,chr16,98200000,98100000
chr16_982,chr16,98207768,98200000
chr17_0,chr17,100000,0
chr17_1,chr17,200000,100000
chr17_2,chr17,300000,200000
chr17_3,chr17,400000,300000
chr17_4,chr17,500000,400000
chr17_5,chr17,600000,500000
chr17_6,chr17,700000,600000
chr17_7,chr17,800000,700000
chr17_8,chr17,900000,800000
chr17_9,chr17,1000000,900000
chr17_10,chr17,1100000,1000000
chr17_11,chr17,1200000,1100000
chr17_12,chr17,1300000,1200000
chr17_13,chr17,1400000,1300000
chr17_14,chr17,1500000,1400000
chr17_15,chr17,1600000,1500000
chr17_16,chr17,1700000,1600000
chr17_17,chr17,1800000,1700000
chr17_18,chr17,1900000,1800000
chr17_19,chr17,2000000,1900000
chr17_20,chr17,2100000,2000000
chr17_21,chr17,2200000,2100000
chr17_22,chr17,2300000,2200000
chr17_23,chr17,2400000,2300000
chr17_24,chr17,2500000,2400000
chr17_25,chr17,2600000,2500000
chr17_26,chr17,2700000,2600000
chr17_27,chr17,2800000,2700000
chr17_28,chr17,2900000,2800000
chr17_29,chr17,3000000,2900000
chr17_30,chr17,3100000,3000000
chr17_31,chr17,3200000,3100000
chr17_32,chr17,3300000,3200000
chr17_33,chr17,3400000,3300000
chr17_34,chr17,3500000,3400000
chr17_35,chr17,3600000,3500000
chr17_36,chr17,3700000,3600000
chr17_37,chr17,3800000,3700000
chr17_38,chr17,3900000,3800000
chr17_39,chr17,4000000,3900000
chr17_40,chr17,4100000,4000000
chr17_41,chr17,4200000,4100000
chr17_42,chr17,4300000,4200000
chr17_43,chr17,4400000,4300000
chr17_44,chr17,4500000,4400000
chr17_45,chr17,4600000,4500000
chr17_46,chr17,4700000,4600000
chr17_47,chr17,4800000,4700000
chr17_48,chr17,4900000,4800000
chr17_49,chr17,5000000,4900000
chr17_50,chr17,5100000,5000000
chr17_51,chr17,5200000,5100000
chr17_52,chr17,5300000,5200000
chr17_53,chr17,5400000,5300000
chr17_54,chr17,5500000,5400000
chr17_55,chr17,5600000,5500000
chr17_56,chr17,5700000,5600000
chr17_57,chr17,5800000,5700000
chr17_58,chr17,5900000,5800000
chr17_59,chr17,6000000,5900000
chr17_60,chr17,6100000,6000000
chr17_61,chr17,6200000,6100000
chr17_62,chr17,6300000,6200000
chr17_63,chr17,6400000,6300000
chr17_64,chr17,6500000,6400000
chr17_65,chr17,6600000,6500000
chr17_66,chr17,6700000,6600000
chr17_67,chr17,6800000,6700000
chr17_68,chr17,6900000,6800000
chr17_69,chr17,7000000,6900000
chr17_70,chr17,7100000,7000000
chr17_71,chr17,7200000,7100000
chr17_72,chr17,7300000,7200000
chr17_73,chr17,7400000,7300000
chr17_74,chr17,7500000,7400000
chr17_75,chr17,7600000,7500000
chr17_76,chr17,7700000,7600000
chr17_77,chr17,7800000,7700000
chr17_78,chr17,7900000,7800000
chr17_79,chr17,8000000,7900000
chr17_80,chr17,8100000,8000000
chr17_81,chr17,8200000,8100000
chr17_82,chr17,8300000,8200000
chr17_83,chr17,8400000,8300000
chr17_84,chr17,8500000,8400000
chr17_85,chr17,8600000,8500000
chr17_86,chr17,8700000,8600000
chr17_87,chr17,8800000,8700000
chr17_88,chr17,8900000,8800000
chr17_89,chr17,9000000,8900000
chr17_90,chr17,9100000,9000000
chr17_91,chr17,9200000,9100000
chr17_92,chr17,9300000,9200000
chr17_93,chr17,9400000,9300000
chr17_94,chr17,9500000,9400000
chr17_95,chr17,9600000,9500000
chr17_96,chr17,9700000,9600000
chr17_97,chr17,9800000,9700000
chr17_98,chr17,9900000,9800000
chr17_99,chr17,10000000,9900000
chr17_100,chr17,10100000,10000000
chr17_101,chr17,10200000,10100000
chr17_102,chr17,10300000,10200000
chr17_103,chr17,10400000,10300000
chr17_104,chr17,10500000,10400000
chr17_105,chr17,10600000,10500000
chr17_106,chr17,10700000,10600000
chr17_107,chr17,10800000,10700000
chr17_108,chr17,10900000,10800000
chr17_109,chr17,11000000,10900000
chr17_110,chr17,11100000,11000000
chr17_111,chr17,11200000,11100000
chr17_112,chr17,11300000,11200000
chr17_113,chr17,11400000,11300000
chr17_114,chr17,11500000,11400000
chr17_115,chr17,11600000,11500000
chr17_116,chr17,11700000,11600000
chr17_117,chr17,11800000,11700000
chr17_118,chr17,11900000,11800000
chr17_119,chr17,12000000,11900000
chr17_120,chr17,12100000,12000000
chr17_121,chr17,12200000,12100000
chr17_122,chr17,12300000,12200000
chr17_123,chr17,12400000,12300000
chr17_124,chr17,12500000,12400000
chr17_125,chr17,12600000,12500000
chr17_126,chr17,12700000,12600000
chr17_127,chr17,12800000,12700000
chr17_128,chr17,12900000,12800000
chr17_129,chr17,13000000,12900000
chr17_130,chr17,13100000,13000000
chr17_131,chr17,13200000,13100000
chr17_132,chr17,13300000,13200000
chr17_133,chr17,13400000,13300000
chr17_134,chr17,13500000,13400000
chr17_135,chr17,13600000,13500000
chr17_136,chr17,13700000,13600000
chr17_137,chr17,13800000,13700000
chr17_138,chr17,13900000,13800000
chr17_139,chr17,14000000,13900000
chr17_140,chr17,14100000,14000000
chr17_141,chr17,14200000,14100000
chr17_142,chr17,14300000,14200000
chr17_143,chr17,14400000,14300000
chr17_144,chr17,14500000,14400000
chr17_145,chr17,14600000,14500000
chr17_146,chr17,14700000,14600000
chr17_147,chr17,14800000,14700000
chr17_148,chr17,14900000,14800000
chr17_149,chr17,15000000,14900000
chr17_150,chr17,15100000,15000000
chr17_151,chr17,15200000,15100000
chr17_152,chr17,15300000,15200000
chr17_153,chr17,15400000,15300000
chr17_154,chr17,15500000,15400000
chr17_155,chr17,15600000,15500000
chr17_156,chr17,15700000,15600000
chr17_157,chr17,15800000,15700000
chr17_158,chr17,15900000,15800000
chr17_159,chr17,16000000,15900000
chr17_160,chr17,16100000,16000000
chr17_161,chr17,16200000,16100000
chr17_162,chr17,16300000,16200000
chr17_163,chr17,16400000,16300000
chr17_164,chr17,16500000,16400000
chr17_165,chr17,16600000,16500000
chr17_166,chr17,16700000,16600000
chr17_167,chr17,16800000,16700000
chr17_168,chr17,16900000,16800000
chr17_169,chr17,17000000,16900000
chr17_170,chr17,17100000,17000000
chr17_171,chr17,17200000,17100000
chr17_172,chr17,17300000,17200000
chr17_173,chr17,17400000,17300000
chr17_174,chr17,17500000,17400000
chr17_175,chr17,17600000,17500000
chr17_176,chr17,17700000,17600000
chr17_177,chr17,17800000,17700000
chr17_178,chr17,17900000,17800000
chr17_179,chr17,18000000,17900000
chr17_180,chr17,18100000,18000000
chr17_181,chr17,18200000,18100000
chr17_182,chr17,18300000,18200000
chr17_183,chr17,18400000,18300000
chr17_184,chr17,18500000,18400000
chr17_185,chr17,18600000,18500000
chr17_186,chr17,18700000,18600000
chr17_187,chr17,18800000,18700000
chr17_188,chr17,18900000,18800000
chr17_189,chr17,19000000,18900000
chr17_190,chr17,19100000,19000000
chr17_191,chr17,19200000,19100000
chr17_192,chr17,19300000,19200000
chr17_193,chr17,19400000,19300000
chr17_194,chr17,19500000,19400000
chr17_195,chr17,19600000,19500000
chr17_196,chr17,19700000,19600000
chr17_197,chr17,19800000,19700000
chr17_198,chr17,19900000,19800000
chr17_199,chr17,20000000,19900000
chr17_200,chr17,20100000,20000000
chr17_201,chr17,20200000,20100000
chr17_202,chr17,20300000,20200000
chr17_203,chr17,20400000,20300000
chr17_204,chr17,20500000,20400000
chr17_205,chr17,20600000,20500000
chr17_206,chr17,20700000,20600000
chr17_207,chr17,20800000,20700000
chr17_208,chr17,20900000,20800000
chr17_209,chr17,21000000,20900000
chr17_210,chr17,21100000,21000000
chr17_211,chr17,21200000,21100000
chr17_212,chr17,21300000,21200000
chr17_213,chr17,21400000,21300000
chr17_214,chr17,21500000,21400000
chr17_215,chr17,21600000,21500000
chr17_216,chr17,21700000,21600000
chr17_217,chr17,21800000,21700000
chr17_218,chr17,21900000,21800000
chr17_219,chr17,22000000,21900000
chr17_220,chr17,22100000,22000000
chr17_221,chr17,22200000,22100000
chr17_222,chr17,22300000,22200000
chr17_223,chr17,22400000,22300000
chr17_224,chr17,22500000,22400000
chr17_225,chr17,22600000,22500000
chr17_226,chr17,22700000,22600000
chr17_227,chr17,22800000,22700000
chr17_228,chr17,22900000,22800000
chr17_229,chr17,23000000,22900000
chr17_230,chr17,23100000,23000000
chr17_231,chr17,23200000,23100000
chr17_232,chr17,23300000,23200000
chr17_233,chr17,23400000,23300000
chr17_234,chr17,23500000,23400000
chr17_235,chr17,23600000,23500000
chr17_236,chr17,23700000,23600000
chr17_237,chr17,23800000,23700000
chr17_238,chr17,23900000,23800000
chr17_239,chr17,24000000,23900000
chr17_240,chr17,24100000,24000000
chr17_241,chr17,24200000,24100000
chr17_242,chr17,24300000,24200000
chr17_243,chr17,24400000,24300000
chr17_244,chr17,24500000,24400000
chr17_245,chr17,24600000,24500000
chr17_246,chr17,24700000,24600000
chr17_247,chr17,24800000,24700000
chr17_248,chr17,24900000,24800000
chr17_249,chr17,25000000,24900000
chr17_250,chr17,25100000,25000000
chr17_251,chr17,25200000,25100000
chr17_252,chr17,25300000,25200000
chr17_253,chr17,25400000,25300000
chr17_254,chr17,25500000,25400000
chr17_255,chr17,25600000,25500000
chr17_256,chr17,25700000,25600000
chr17_257,chr17,25800000,25700000
chr17_258,chr17,25900000,25800000
chr17_259,chr17,26000000,25900000
chr17_260,chr17,26100000,26000000
chr17_261,chr17,26200000,26100000
chr17_262,chr17,26300000,26200000
chr17_263,chr17,26400000,26300000
chr17_264,chr17,26500000,26400000
chr17_265,chr17,26600000,26500000
chr17_266,chr17,26700000,26600000
chr17_267,chr17,26800000,26700000
chr17_268,chr17,26900000,26800000
chr17_269,chr17,27000000,26900000
chr17_270,chr17,27100000,27000000
chr17_271,chr17,27200000,27100000
chr17_272,chr17,27300000,27200000
chr17_273,chr17,27400000,27300000
chr17_274,chr17,27500000,27400000
chr17_275,chr17,27600000,27500000
chr17_276,chr17,27700000,27600000
chr17_277,chr17,27800000,27700000
chr17_278,chr17,27900000,27800000
chr17_279,chr17,28000000,27900000
chr17_280,chr17,28100000,28000000
chr17_281,chr17,28200000,28100000
chr17_282,chr17,28300000,28200000
chr17_283,chr17,28400000,28300000
chr17_284,chr17,28500000,28400000
chr17_285,chr17,28600000,28500000
chr17_286,chr17,28700000,28600000
chr17_287,chr17,28800000,28700000
chr17_288,chr17,28900000,28800000
chr17_289,chr17,29000000,28900000
chr17_290,chr17,29100000,29000000
chr17_291,chr17,29200000,29100000
chr17_292,chr17,29300000,29200000
chr17_293,chr17,29400000,29300000
chr17_294,chr17,29500000,29400000
chr17_295,chr17,29600000,29500000
chr17_296,chr17,29700000,29600000
chr17_297,chr17,29800000,29700000
chr17_298,chr17,29900000,29800000
chr17_299,chr17,30000000,29900000
chr17_300,chr17,30100000,30000000
chr17_301,chr17,30200000,30100000
chr17_302,chr17,30300000,30200000
chr17_303,chr17,30400000,30300000
chr17_304,chr17,30500000,30400000
chr17_305,chr17,30600000,30500000
chr17_306,chr17,30700000,30600000
chr17_307,chr17,30800000,30700000
chr17_308,chr17,30900000,30800000
chr17_309,chr17,31000000,30900000
chr17_310,chr17,31100000,31000000
chr17_311,chr17,31200000,31100000
chr17_312,chr17,31300000,31200000
chr17_313,chr17,31400000,31300000
chr17_314,chr17,31500000,31400000
chr17_315,chr17,31600000,31500000
chr17_316,chr17,31700000,31600000
chr17_317,chr17,31800000,31700000
chr17_318,chr17,31900000,31800000
chr17_319,chr17,32000000,31900000
chr17_320,chr17,32100000,32000000
chr17_321,chr17,32200000,32100000
chr17_322,chr17,32300000,32200000
chr17_323,chr17,32400000,32300000
chr17_324,chr17,32500000,32400000
chr17_325,chr17,32600000,32500000
chr17_326,chr17,32700000,32600000
chr17_327,chr17,32800000,32700000
chr17_328,chr17,32900000,32800000
chr17_329,chr17,33000000,32900000
chr17_330,chr17,33100000,33000000
chr17_331,chr17,33200000,33100000
chr17_332,chr17,33300000,33200000
chr17_333,chr17,33400000,33300000
chr17_334,chr17,33500000,33400000
chr17_335,chr17,33600000,33500000
chr17_336,chr17,33700000,33600000
chr17_337,chr17,33800000,33700000
chr17_338,chr17,33900000,33800000
chr17_339,chr17,34000000,33900000
chr17_340,chr17,34100000,34000000
chr17_341,chr17,34200000,34100000
chr17_342,chr17,34300000,34200000
chr17_343,chr17,34400000,34300000
chr17_344,chr17,34500000,34400000
chr17_345,chr17,34600000,34500000
chr17_346,chr17,34700000,34600000
chr17_347,chr17,34800000,34700000
chr17_348,chr17,34900000,34800000
chr17_349,chr17,35000000,34900000
chr17_350,chr17,35100000,35000000
chr17_351,chr17,35200000,35100000
chr17_352,chr17,35300000,35200000
chr17_353,chr17,35400000,35300000
chr17_354,chr17,35500000,35400000
chr17_355,chr17,35600000,35500000
chr17_356,chr17,35700000,35600000
chr17_357,chr17,35800000,35700000
chr17_358,chr17,35900000,35800000
chr17_359,chr17,36000000,35900000
chr17_360,chr17,36100000,36000000
chr17_361,chr17,36200000,36100000
chr17_362,chr17,36300000,36200000
chr17_363,chr17,36400000,36300000
chr17_364,chr17,36500000,36400000
chr17_365,chr17,36600000,36500000
chr17_366,chr17,36700000,36600000
chr17_367,chr17,36800000,36700000
chr17_368,chr17,36900000,36800000
chr17_369,chr17,37000000,36900000
chr17_370,chr17,37100000,37000000
chr17_371,chr17,37200000,37100000
chr17_372,chr17,37300000,37200000
chr17_373,chr17,37400000,37300000
chr17_374,chr17,37500000,37400000
chr17_375,chr17,37600000,37500000
chr17_376,chr17,37700000,37600000
chr17_377,chr17,37800000,37700000
chr17_378,chr17,37900000,37800000
chr17_379,chr17,38000000,37900000
chr17_380,chr17,38100000,38000000
chr17_381,chr17,38200000,38100000
chr17_382,chr17,38300000,38200000
chr17_383,chr17,38400000,38300000
chr17_384,chr17,38500000,38400000
chr17_385,chr17,38600000,38500000
chr17_386,chr17,38700000,38600000
chr17_387,chr17,38800000,38700000
chr17_388,chr17,38900000,38800000
chr17_389,chr17,39000000,38900000
chr17_390,chr17,39100000,39000000
chr17_391,chr17,39200000,39100000
chr17_392,chr17,39300000,39200000
chr17_393,chr17,39400000,39300000
chr17_394,chr17,39500000,39400000
chr17_395,chr17,39600000,39500000
chr17_396,chr17,39700000,39600000
chr17_397,chr17,39800000,39700000
chr17_398,chr17,39900000,39800000
chr17_399,chr17,40000000,39900000
chr17_400,chr17,40100000,40000000
chr17_401,chr17,40200000,40100000
chr17_402,chr17,40300000,40200000
chr17_403,chr17,40400000,40300000
chr17_404,chr17,40500000,40400000
chr17_405,chr17,40600000,40500000
chr17_406,chr17,40700000,40600000
chr17_407,chr17,40800000,40700000
chr17_408,chr17,40900000,40800000
chr17_409,chr17,41000000,40900000
chr17_410,chr17,41100000,41000000
chr17_411,chr17,41200000,41100000
chr17_412,chr17,41300000,41200000
chr17_413,chr17,41400000,41300000
chr17_414,chr17,41500000,41400000
chr17_415,chr17,41600000,41500000
chr17_416,chr17,41700000,41600000
chr17_417,chr17,41800000,41700000
chr17_418,chr17,41900000,41800000
chr17_419,chr17,42000000,41900000
chr17_420,chr17,42100000,42000000
chr17_421,chr17,42200000,42100000
chr17_422,chr17,42300000,42200000
chr17_423,chr17,42400000,42300000
chr17_424,chr17,42500000,42400000
chr17_425,chr17,42600000,42500000
chr17_426,chr17,42700000,42600000
chr17_427,chr17,42800000,42700000
chr17_428,chr17,42900000,42800000
chr17_429,chr17,43000000,42900000
chr17_430,chr17,43100000,43000000
chr17_431,chr17,43200000,43100000
chr17_432,chr17,43300000,43200000
chr17_433,chr17,43400000,43300000
chr17_434,chr17,43500000,43400000
chr17_435,chr17,43600000,43500000
chr17_436,chr17,43700000,43600000
chr17_437,chr17,43800000,43700000
chr17_438,chr17,43900000,43800000
chr17_439,chr17,44000000,43900000
chr17_440,chr17,44100000,44000000
chr17_441,chr17,44200000,44100000
chr17_442,chr17,44300000,44200000
chr17_443,chr17,44400000,44300000
chr17_444,chr17,44500000,44400000
chr17_445,chr17,44600000,44500000
chr17_446,chr17,44700000,44600000
chr17_447,chr17,44800000,44700000
chr17_448,chr17,44900000,44800000
chr17_449,chr17,45000000,44900000
chr17_450,chr17,45100000,45000000
chr17_451,chr17,45200000,45100000
chr17_452,chr17,45300000,45200000
chr17_453,chr17,45400000,45300000
chr17_454,chr17,45500000,45400000
chr17_455,chr17,45600000,45500000
chr17_456,chr17,45700000,45600000
chr17_457,chr17,45800000,45700000
chr17_458,chr17,45900000,45800000
chr17_459,chr17,46000000,45900000
chr17_460,chr17,46100000,46000000
chr17_461,chr17,46200000,46100000
chr17_462,chr17,46300000,46200000
chr17_463,chr17,46400000,46300000
chr17_464,chr17,46500000,46400000
chr17_465,chr17,46600000,46500000
chr17_466,chr17,46700000,46600000
chr17_467,chr17,46800000,46700000
chr17_468,chr17,46900000,46800000
chr17_469,chr17,47000000,46900000
chr17_470,chr17,47100000,47000000
chr17_471,chr17,47200000,47100000
chr17_472,chr17,47300000,47200000
chr17_473,chr17,47400000,47300000
chr17_474,chr17,47500000,47400000
chr17_475,chr17,47600000,47500000
chr17_476,chr17,47700000,47600000
chr17_477,chr17,47800000,47700000
chr17_478,chr17,47900000,47800000
chr17_479,chr17,48000000,47900000
chr17_480,chr17,48100000,48000000
chr17_481,chr17,48200000,48100000
chr17_482,chr17,48300000,48200000
chr17_483,chr17,48400000,48300000
chr17_484,chr17,48500000,48400000
chr17_485,chr17,48600000,48500000
chr17_486,chr17,48700000,48600000
chr17_487,chr17,48800000,48700000
chr17_488,chr17,48900000,48800000
chr17_489,chr17,49000000,48900000
chr17_490,chr17,49100000,49000000
chr17_491,chr17,49200000,49100000
chr17_492,chr17,49300000,49200000
chr17_493,chr17,49400000,49300000
chr17_494,chr17,49500000,49400000
chr17_495,chr17,49600000,49500000
chr17_496,chr17,49700000,49600000
chr17_497,chr17,49800000,49700000
chr17_498,chr17,49900000,49800000
chr17_499,chr17,50000000,49900000
chr17_500,chr17,50100000,50000000
chr17_501,chr17,50200000,50100000
chr17_502,chr17,50300000,50200000
chr17_503,chr17,50400000,50300000
chr17_504,chr17,50500000,50400000
chr17_505,chr17,50600000,50500000
chr17_506,chr17,50700000,50600000
chr17_507,chr17,50800000,50700000
chr17_508,chr17,50900000,50800000
chr17_509,chr17,51000000,50900000
chr17_510,chr17,51100000,51000000
chr17_511,chr17,51200000,51100000
chr17_512,chr17,51300000,51200000
chr17_513,chr17,51400000,51300000
chr17_514,chr17,51500000,51400000
chr17_515,chr17,51600000,51500000
chr17_516,chr17,51700000,51600000
chr17_517,chr17,51800000,51700000
chr17_518,chr17,51900000,51800000
chr17_519,chr17,52000000,51900000
chr17_520,chr17,52100000,52000000
chr17_521,chr17,52200000,52100000
chr17_522,chr17,52300000,52200000
chr17_523,chr17,52400000,52300000
chr17_524,chr17,52500000,52400000
chr17_525,chr17,52600000,52500000
chr17_526,chr17,52700000,52600000
chr17_527,chr17,52800000,52700000
chr17_528,chr17,52900000,52800000
chr17_529,chr17,53000000,52900000
chr17_530,chr17,53100000,53000000
chr17_531,chr17,53200000,53100000
chr17_532,chr17,53300000,53200000
chr17_533,chr17,53400000,53300000
chr17_534,chr17,53500000,53400000
chr17_535,chr17,53600000,53500000
chr17_536,chr17,53700000,53600000
chr17_537,chr17,53800000,53700000
chr17_538,chr17,53900000,53800000
chr17_539,chr17,54000000,53900000
chr17_540,chr17,54100000,54000000
chr17_541,chr17,54200000,54100000
chr17_542,chr17,54300000,54200000
chr17_543,chr17,54400000,54300000
chr17_544,chr17,54500000,54400000
chr17_545,chr17,54600000,54500000
chr17_546,chr17,54700000,54600000
chr17_547,chr17,54800000,54700000
chr17_548,chr17,54900000,54800000
chr17_549,chr17,55000000,54900000
chr17_550,chr17,55100000,55000000
chr17_551,chr17,55200000,55100000
chr17_552,chr17,55300000,55200000
chr17_553,chr17,55400000,55300000
chr17_554,chr17,55500000,55400000
chr17_555,chr17,55600000,55500000
chr17_556,chr17,55700000,55600000
chr17_557,chr17,55800000,55700000
chr17_558,chr17,55900000,55800000
chr17_559,chr17,56000000,55900000
chr17_560,chr17,56100000,56000000
chr17_561,chr17,56200000,56100000
chr17_562,chr17,56300000,56200000
chr17_563,chr17,56400000,56300000
chr17_564,chr17,56500000,56400000
chr17_565,chr17,56600000,56500000
chr17_566,chr17,56700000,56600000
chr17_567,chr17,56800000,56700000
chr17_568,chr17,56900000,56800000
chr17_569,chr17,57000000,56900000
chr17_570,chr17,57100000,57000000
chr17_571,chr17,57200000,57100000
chr17_572,chr17,57300000,57200000
chr17_573,chr17,57400000,57300000
chr17_574,chr17,57500000,57400000
chr17_575,chr17,57600000,57500000
chr17_576,chr17,57700000,57600000
chr17_577,chr17,57800000,57700000
chr17_578,chr17,57900000,57800000
chr17_579,chr17,58000000,57900000
chr17_580,chr17,58100000,58000000
chr17_581,chr17,58200000,58100000
chr17_582,chr17,58300000,58200000
chr17_583,chr17,58400000,58300000
chr17_584,chr17,58500000,58400000
chr17_585,chr17,58600000,58500000
chr17_586,chr17,58700000,58600000
chr17_587,chr17,58800000,58700000
chr17_588,chr17,58900000,58800000
chr17_589,chr17,59000000,58900000
chr17_590,chr17,59100000,59000000
chr17_591,chr17,59200000,59100000
chr17_592,chr17,59300000,59200000
chr17_593,chr17,59400000,59300000
chr17_594,chr17,59500000,59400000
chr17_595,chr17,59600000,59500000
chr17_596,chr17,59700000,59600000
chr17_597,chr17,59800000,59700000
chr17_598,chr17,59900000,59800000
chr17_599,chr17,60000000,59900000
chr17_600,chr17,60100000,60000000
chr17_601,chr17,60200000,60100000
chr17_602,chr17,60300000,60200000
chr17_603,chr17,60400000,60300000
chr17_604,chr17,60500000,60400000
chr17_605,chr17,60600000,60500000
chr17_606,chr17,60700000,60600000
chr17_607,chr17,60800000,60700000
chr17_608,chr17,60900000,60800000
chr17_609,chr17,61000000,60900000
chr17_610,chr17,61100000,61000000
chr17_611,chr17,61200000,61100000
chr17_612,chr17,61300000,61200000
chr17_613,chr17,61400000,61300000
chr17_614,chr17,61500000,61400000
chr17_615,chr17,61600000,61500000
chr17_616,chr17,61700000,61600000
chr17_617,chr17,61800000,61700000
chr17_618,chr17,61900000,61800000
chr17_619,chr17,62000000,61900000
chr17_620,chr17,62100000,62000000
chr17_621,chr17,62200000,62100000
chr17_622,chr17,62300000,62200000
chr17_623,chr17,62400000,62300000
chr17_624,chr17,62500000,62400000
chr17_625,chr17,62600000,62500000
chr17_626,chr17,62700000,62600000
chr17_627,chr17,62800000,62700000
chr17_628,chr17,62900000,62800000
chr17_629,chr17,63000000,62900000
chr17_630,chr17,63100000,63000000
chr17_631,chr17,63200000,63100000
chr17_632,chr17,63300000,63200000
chr17_633,chr17,63400000,63300000
chr17_634,chr17,63500000,63400000
chr17_635,chr17,63600000,63500000
chr17_636,chr17,63700000,63600000
chr17_637,chr17,63800000,63700000
chr17_638,chr17,63900000,63800000
chr17_639,chr17,64000000,63900000
chr17_640,chr17,64100000,64000000
chr17_641,chr17,64200000,64100000
chr17_642,chr17,64300000,64200000
chr17_643,chr17,64400000,64300000
chr17_644,chr17,64500000,64400000
chr17_645,chr17,64600000,64500000
chr17_646,chr17,64700000,64600000
chr17_647,chr17,64800000,64700000
chr17_648,chr17,64900000,64800000
chr17_649,chr17,65000000,64900000
chr17_650,chr17,65100000,65000000
chr17_651,chr17,65200000,65100000
chr17_652,chr17,65300000,65200000
chr17_653,chr17,65400000,65300000
chr17_654,chr17,65500000,65400000
chr17_655,chr17,65600000,65500000
chr17_656,chr17,65700000,65600000
chr17_657,chr17,65800000,65700000
chr17_658,chr17,65900000,65800000
chr17_659,chr17,66000000,65900000
chr17_660,chr17,66100000,66000000
chr17_661,chr17,66200000,66100000
chr17_662,chr17,66300000,66200000
chr17_663,chr17,66400000,66300000
chr17_664,chr17,66500000,66400000
chr17_665,chr17,66600000,66500000
chr17_666,chr17,66700000,66600000
chr17_667,chr17,66800000,66700000
chr17_668,chr17,66900000,66800000
chr17_669,chr17,67000000,66900000
chr17_670,chr17,67100000,67000000
chr17_671,chr17,67200000,67100000
chr17_672,chr17,67300000,67200000
chr17_673,chr17,67400000,67300000
chr17_674,chr17,67500000,67400000
chr17_675,chr17,67600000,67500000
chr17_676,chr17,67700000,67600000
chr17_677,chr17,67800000,67700000
chr17_678,chr17,67900000,67800000
chr17_679,chr17,68000000,67900000
chr17_680,chr17,68100000,68000000
chr17_681,chr17,68200000,68100000
chr17_682,chr17,68300000,68200000
chr17_683,chr17,68400000,68300000
chr17_684,chr17,68500000,68400000
chr17_685,chr17,68600000,68500000
chr17_686,chr17,68700000,68600000
chr17_687,chr17,68800000,68700000
chr17_688,chr17,68900000,68800000
chr17_689,chr17,69000000,68900000
chr17_690,chr17,69100000,69000000
chr17_691,chr17,69200000,69100000
chr17_692,chr17,69300000,69200000
chr17_693,chr17,69400000,69300000
chr17_694,chr17,69500000,69400000
chr17_695,chr17,69600000,69500000
chr17_696,chr17,69700000,69600000
chr17_697,chr17,69800000,69700000
chr17_698,chr17,69900000,69800000
chr17_699,chr17,70000000,69900000
chr17_700,chr17,70100000,70000000
chr17_701,chr17,70200000,70100000
chr17_702,chr17,70300000,70200000
chr17_703,chr17,70400000,70300000
chr17_704,chr17,70500000,70400000
chr17_705,chr17,70600000,70500000
chr17_706,chr17,70700000,70600000
chr17_707,chr17,70800000,70700000
chr17_708,chr17,70900000,70800000
chr17_709,chr17,71000000,70900000
chr17_710,chr17,71100000,71000000
chr17_711,chr17,71200000,71100000
chr17_712,chr17,71300000,71200000
chr17_713,chr17,71400000,71300000
chr17_714,chr17,71500000,71400000
chr17_715,chr17,71600000,71500000
chr17_716,chr17,71700000,71600000
chr17_717,chr17,71800000,71700000
chr17_718,chr17,71900000,71800000
chr17_719,chr17,72000000,71900000
chr17_720,chr17,72100000,72000000
chr17_721,chr17,72200000,72100000
chr17_722,chr17,72300000,72200000
chr17_723,chr17,72400000,72300000
chr17_724,chr17,72500000,72400000
chr17_725,chr17,72600000,72500000
chr17_726,chr17,72700000,72600000
chr17_727,chr17,72800000,72700000
chr17_728,chr17,72900000,72800000
chr17_729,chr17,73000000,72900000
chr17_730,chr17,73100000,73000000
chr17_731,chr17,73200000,73100000
chr17_732,chr17,73300000,73200000
chr17_733,chr17,73400000,73300000
chr17_734,chr17,73500000,73400000
chr17_735,chr17,73600000,73500000
chr17_736,chr17,73700000,73600000
chr17_737,chr17,73800000,73700000
chr17_738,chr17,73900000,73800000
chr17_739,chr17,74000000,73900000
chr17_740,chr17,74100000,74000000
chr17_741,chr17,74200000,74100000
chr17_742,chr17,74300000,74200000
chr17_743,chr17,74400000,74300000
chr17_744,chr17,74500000,74400000
chr17_745,chr17,74600000,74500000
chr17_746,chr17,74700000,74600000
chr17_747,chr17,74800000,74700000
chr17_748,chr17,74900000,74800000
chr17_749,chr17,75000000,74900000
chr17_750,chr17,75100000,75000000
chr17_751,chr17,75200000,75100000
chr17_752,chr17,75300000,75200000
chr17_753,chr17,75400000,75300000
chr17_754,chr17,75500000,75400000
chr17_755,chr17,75600000,75500000
chr17_756,chr17,75700000,75600000
chr17_757,chr17,75800000,75700000
chr17_758,chr17,75900000,75800000
chr17_759,chr17,76000000,75900000
chr17_760,chr17,76100000,76000000
chr17_761,chr17,76200000,76100000
chr17_762,chr17,76300000,76200000
chr17_763,chr17,76400000,76300000
chr17_764,chr17,76500000,76400000
chr17_765,chr17,76600000,76500000
chr17_766,chr17,76700000,76600000
chr17_767,chr17,76800000,76700000
chr17_768,chr17,76900000,76800000
chr17_769,chr17,77000000,76900000
chr17_770,chr17,77100000,77000000
chr17_771,chr17,77200000,77100000
chr17_772,chr17,77300000,77200000
chr17_773,chr17,77400000,77300000
chr17_774,chr17,77500000,77400000
chr17_775,chr17,77600000,77500000
chr17_776,chr17,77700000,77600000
chr17_777,chr17,77800000,77700000
chr17_778,chr17,77900000,77800000
chr17_779,chr17,78000000,77900000
chr17_780,chr17,78100000,78000000
chr17_781,chr17,78200000,78100000
chr17_782,chr17,78300000,78200000
chr17_783,chr17,78400000,78300000
chr17_784,chr17,78500000,78400000
chr17_785,chr17,78600000,78500000
chr17_786,chr17,78700000,78600000
chr17_787,chr17,78800000,78700000
chr17_788,chr17,78900000,78800000
chr17_789,chr17,79000000,78900000
chr17_790,chr17,79100000,79000000
chr17_791,chr17,79200000,79100000
chr17_792,chr17,79300000,79200000
chr17_793,chr17,79400000,79300000
chr17_794,chr17,79500000,79400000
chr17_795,chr17,79600000,79500000
chr17_796,chr17,79700000,79600000
chr17_797,chr17,79800000,79700000
chr17_798,chr17,79900000,79800000
chr17_799,chr17,80000000,79900000
chr17_800,chr17,80100000,80000000
chr17_801,chr17,80200000,80100000
chr17_802,chr17,80300000,80200000
chr17_803,chr17,80400000,80300000
chr17_804,chr17,80500000,80400000
chr17_805,chr17,80600000,80500000
chr17_806,chr17,80700000,80600000
chr17_807,chr17,80800000,80700000
chr17_808,chr17,80900000,80800000
chr17_809,chr17,81000000,80900000
chr17_810,chr17,81100000,81000000
chr17_811,chr17,81200000,81100000
chr17_812,chr17,81300000,81200000
chr17_813,chr17,81400000,81300000
chr17_814,chr17,81500000,81400000
chr17_815,chr17,81600000,81500000
chr17_816,chr17,81700000,81600000
chr17_817,chr17,81800000,81700000
chr17_818,chr17,81900000,81800000
chr17_819,chr17,82000000,81900000
chr17_820,chr17,82100000,82000000
chr17_821,chr17,82200000,82100000
chr17_822,chr17,82300000,82200000
chr17_823,chr17,82400000,82300000
chr17_824,chr17,82500000,82400000
chr17_825,chr17,82600000,82500000
chr17_826,chr17,82700000,82600000
chr17_827,chr17,82800000,82700000
chr17_828,chr17,82900000,82800000
chr17_829,chr17,83000000,82900000
chr17_830,chr17,83100000,83000000
chr17_831,chr17,83200000,83100000
chr17_832,chr17,83300000,83200000
chr17_833,chr17,83400000,83300000
chr17_834,chr17,83500000,83400000
chr17_835,chr17,83600000,83500000
chr17_836,chr17,83700000,83600000
chr17_837,chr17,83800000,83700000
chr17_838,chr17,83900000,83800000
chr17_839,chr17,84000000,83900000
chr17_840,chr17,84100000,84000000
chr17_841,chr17,84200000,84100000
chr17_842,chr17,84300000,84200000
chr17_843,chr17,84400000,84300000
chr17_844,chr17,84500000,84400000
chr17_845,chr17,84600000,84500000
chr17_846,chr17,84700000,84600000
chr17_847,chr17,84800000,84700000
chr17_848,chr17,84900000,84800000
chr17_849,chr17,85000000,84900000
chr17_850,chr17,85100000,85000000
chr17_851,chr17,85200000,85100000
chr17_852,chr17,85300000,85200000
chr17_853,chr17,85400000,85300000
chr17_854,chr17,85500000,85400000
chr17_855,chr17,85600000,85500000
chr17_856,chr17,85700000,85600000
chr17_857,chr17,85800000,85700000
chr17_858,chr17,85900000,85800000
chr17_859,chr17,86000000,85900000
chr17_860,chr17,86100000,86000000
chr17_861,chr17,86200000,86100000
chr17_862,chr17,86300000,86200000
chr17_863,chr17,86400000,86300000
chr17_864,chr17,86500000,86400000
chr17_865,chr17,86600000,86500000
chr17_866,chr17,86700000,86600000
chr17_867,chr17,86800000,86700000
chr17_868,chr17,86900000,86800000
chr17_869,chr17,87000000,86900000
chr17_870,chr17,87100000,87000000
chr17_871,chr17,87200000,87100000
chr17_872,chr17,87300000,87200000
chr17_873,chr17,87400000,87300000
chr17_874,chr17,87500000,87400000
chr17_875,chr17,87600000,87500000
chr17_876,chr17,87700000,87600000
chr17_877,chr17,87800000,87700000
chr17_878,chr17,87900000,87800000
chr17_879,chr17,88000000,87900000
chr17_880,chr17,88100000,88000000
chr17_881,chr17,88200000,88100000
chr17_882,chr17,88300000,88200000
chr17_883,chr17,88400000,88300000
chr17_884,chr17,88500000,88400000
chr17_885,chr17,88600000,88500000
chr17_886,chr17,88700000,88600000
chr17_887,chr17,88800000,88700000
chr17_888,chr17,88900000,88800000
chr17_889,chr17,89000000,88900000
chr17_890,chr17,89100000,89000000
chr17_891,chr17,89200000,89100000
chr17_892,chr17,89300000,89200000
chr17_893,chr17,89400000,89300000
chr17_894,chr17,89500000,89400000
chr17_895,chr17,89600000,89500000
chr17_896,chr17,89700000,89600000
chr17_897,chr17,89800000,89700000
chr17_898,chr17,89900000,89800000
chr17_899,chr17,90000000,89900000
chr17_900,chr17,90100000,90000000
chr17_901,chr17,90200000,90100000
chr17_902,chr17,90300000,90200000
chr17_903,chr17,90400000,90300000
chr17_904,chr17,90500000,90400000
chr17_905,chr17,90600000,90500000
chr17_906,chr17,90700000,90600000
chr17_907,chr17,90800000,90700000
chr17_908,chr17,90900000,90800000
chr17_909,chr17,91000000,90900000
chr17_910,chr17,91100000,91000000
chr17_911,chr17,91200000,91100000
chr17_912,chr17,91300000,91200000
chr17_913,chr17,91400000,91300000
chr17_914,chr17,91500000,91400000
chr17_915,chr17,91600000,91500000
chr17_916,chr17,91700000,91600000
chr17_917,chr17,91800000,91700000
chr17_918,chr17,91900000,91800000
chr17_919,chr17,92000000,91900000
chr17_920,chr17,92100000,92000000
chr17_921,chr17,92200000,92100000
chr17_922,chr17,92300000,92200000
chr17_923,chr17,92400000,92300000
chr17_924,chr17,92500000,92400000
chr17_925,chr17,92600000,92500000
chr17_926,chr17,92700000,92600000
chr17_927,chr17,92800000,92700000
chr17_928,chr17,92900000,92800000
chr17_929,chr17,93000000,92900000
chr17_930,chr17,93100000,93000000
chr17_931,chr17,93200000,93100000
chr17_932,chr17,93300000,93200000
chr17_933,chr17,93400000,93300000
chr17_934,chr17,93500000,93400000
chr17_935,chr17,93600000,93500000
chr17_936,chr17,93700000,93600000
chr17_937,chr17,93800000,93700000
chr17_938,chr17,93900000,93800000
chr17_939,chr17,94000000,93900000
chr17_940,chr17,94100000,94000000
chr17_941,chr17,94200000,94100000
chr17_942,chr17,94300000,94200000
chr17_943,chr17,94400000,94300000
chr17_944,chr17,94500000,94400000
chr17_945,chr17,94600000,94500000
chr17_946,chr17,94700000,94600000
chr17_947,chr17,94800000,94700000
chr17_948,chr17,94900000,94800000
chr17_949,chr17,94987271,94900000
chr18_0,chr18,100000,0
chr18_1,chr18,200000,100000
chr18_2,chr18,300000,200000
chr18_3,chr18,400000,300000
chr18_4,chr18,500000,400000
chr18_5,chr18,600000,500000
chr18_6,chr18,700000,600000
chr18_7,chr18,800000,700000
chr18_8,chr18,900000,800000
chr18_9,chr18,1000000,900000
chr18_10,chr18,1100000,1000000
chr18_11,chr18,1200000,1100000
chr18_12,chr18,1300000,1200000
chr18_13,chr18,1400000,1300000
chr18_14,chr18,1500000,1400000
chr18_15,chr18,1600000,1500000
chr18_16,chr18,1700000,1600000
chr18_17,chr18,1800000,1700000
chr18_18,chr18,1900000,1800000
chr18_19,chr18,2000000,1900000
chr18_20,chr18,2100000,2000000
chr18_21,chr18,2200000,2100000
chr18_22,chr18,2300000,2200000
chr18_23,chr18,2400000,2300000
chr18_24,chr18,2500000,2400000
chr18_25,chr18,2600000,2500000
chr18_26,chr18,2700000,2600000
chr18_27,chr18,2800000,2700000
chr18_28,chr18,2900000,2800000
chr18_29,chr18,3000000,2900000
chr18_30,chr18,3100000,3000000
chr18_31,chr18,3200000,3100000
chr18_32,chr18,3300000,3200000
chr18_33,chr18,3400000,3300000
chr18_34,chr18,3500000,3400000
chr18_35,chr18,3600000,3500000
chr18_36,chr18,3700000,3600000
chr18_37,chr18,3800000,3700000
chr18_38,chr18,3900000,3800000
chr18_39,chr18,4000000,3900000
chr18_40,chr18,4100000,4000000
chr18_41,chr18,4200000,4100000
chr18_42,chr18,4300000,4200000
chr18_43,chr18,4400000,4300000
chr18_44,chr18,4500000,4400000
chr18_45,chr18,4600000,4500000
chr18_46,chr18,4700000,4600000
chr18_47,chr18,4800000,4700000
chr18_48,chr18,4900000,4800000
chr18_49,chr18,5000000,4900000
chr18_50,chr18,5100000,5000000
chr18_51,chr18,5200000,5100000
chr18_52,chr18,5300000,5200000
chr18_53,chr18,5400000,5300000
chr18_54,chr18,5500000,5400000
chr18_55,chr18,5600000,5500000
chr18_56,chr18,5700000,5600000
chr18_57,chr18,5800000,5700000
chr18_58,chr18,5900000,5800000
chr18_59,chr18,6000000,5900000
chr18_60,chr18,6100000,6000000
chr18_61,chr18,6200000,6100000
chr18_62,chr18,6300000,6200000
chr18_63,chr18,6400000,6300000
chr18_64,chr18,6500000,6400000
chr18_65,chr18,6600000,6500000
chr18_66,chr18,6700000,6600000
chr18_67,chr18,6800000,6700000
chr18_68,chr18,6900000,6800000
chr18_69,chr18,7000000,6900000
chr18_70,chr18,7100000,7000000
chr18_71,chr18,7200000,7100000
chr18_72,chr18,7300000,7200000
chr18_73,chr18,7400000,7300000
chr18_74,chr18,7500000,7400000
chr18_75,chr18,7600000,7500000
chr18_76,chr18,7700000,7600000
chr18_77,chr18,7800000,7700000
chr18_78,chr18,7900000,7800000
chr18_79,chr18,8000000,7900000
chr18_80,chr18,8100000,8000000
chr18_81,chr18,8200000,8100000
chr18_82,chr18,8300000,8200000
chr18_83,chr18,8400000,8300000
chr18_84,chr18,8500000,8400000
chr18_85,chr18,8600000,8500000
chr18_86,chr18,8700000,8600000
chr18_87,chr18,8800000,8700000
chr18_88,chr18,8900000,8800000
chr18_89,chr18,9000000,8900000
chr18_90,chr18,9100000,9000000
chr18_91,chr18,9200000,9100000
chr18_92,chr18,9300000,9200000
chr18_93,chr18,9400000,9300000
chr18_94,chr18,9500000,9400000
chr18_95,chr18,9600000,9500000
chr18_96,chr18,9700000,9600000
chr18_97,chr18,9800000,9700000
chr18_98,chr18,9900000,9800000
chr18_99,chr18,10000000,9900000
chr18_100,chr18,10100000,10000000
chr18_101,chr18,10200000,10100000
chr18_102,chr18,10300000,10200000
chr18_103,chr18,10400000,10300000
chr18_104,chr18,10500000,10400000
chr18_105,chr18,10600000,10500000
chr18_106,chr18,10700000,10600000
chr18_107,chr18,10800000,10700000
chr18_108,chr18,10900000,10800000
chr18_109,chr18,11000000,10900000
chr18_110,chr18,11100000,11000000
chr18_111,chr18,11200000,11100000
chr18_112,chr18,11300000,11200000
chr18_113,chr18,11400000,11300000
chr18_114,chr18,11500000,11400000
chr18_115,chr18,11600000,11500000
chr18_116,chr18,11700000,11600000
chr18_117,chr18,11800000,11700000
chr18_118,chr18,11900000,11800000
chr18_119,chr18,12000000,11900000
chr18_120,chr18,12100000,12000000
chr18_121,chr18,12200000,12100000
chr18_122,chr18,12300000,12200000
chr18_123,chr18,12400000,12300000
chr18_124,chr18,12500000,12400000
chr18_125,chr18,12600000,12500000
chr18_126,chr18,12700000,12600000
chr18_127,chr18,12800000,12700000
chr18_128,chr18,12900000,12800000
chr18_129,chr18,13000000,12900000
chr18_130,chr18,13100000,13000000
chr18_131,chr18,13200000,13100000
chr18_132,chr18,13300000,13200000
chr18_133,chr18,13400000,13300000
chr18_134,chr18,13500000,13400000
chr18_135,chr18,13600000,13500000
chr18_136,chr18,13700000,13600000
chr18_137,chr18,13800000,13700000
chr18_138,chr18,13900000,13800000
chr18_139,chr18,14000000,13900000
chr18_140,chr18,14100000,14000000
chr18_141,chr18,14200000,14100000
chr18_142,chr18,14300000,14200000
chr18_143,chr18,14400000,14300000
chr18_144,chr18,14500000,14400000
chr18_145,chr18,14600000,14500000
chr18_146,chr18,14700000,14600000
chr18_147,chr18,14800000,14700000
chr18_148,chr18,14900000,14800000
chr18_149,chr18,15000000,14900000
chr18_150,chr18,15100000,15000000
chr18_151,chr18,15200000,15100000
chr18_152,chr18,15300000,15200000
chr18_153,chr18,15400000,15300000
chr18_154,chr18,15500000,15400000
chr18_155,chr18,15600000,15500000
chr18_156,chr18,15700000,15600000
chr18_157,chr18,15800000,15700000
chr18_158,chr18,15900000,15800000
chr18_159,chr18,16000000,15900000
chr18_160,chr18,16100000,16000000
chr18_161,chr18,16200000,16100000
chr18_162,chr18,16300000,16200000
chr18_163,chr18,16400000,16300000
chr18_164,chr18,16500000,16400000
chr18_165,chr18,16600000,16500000
chr18_166,chr18,16700000,16600000
chr18_167,chr18,16800000,16700000
chr18_168,chr18,16900000,16800000
chr18_169,chr18,17000000,16900000
chr18_170,chr18,17100000,17000000
chr18_171,chr18,17200000,17100000
chr18_172,chr18,17300000,17200000
chr18_173,chr18,17400000,17300000
chr18_174,chr18,17500000,17400000
chr18_175,chr18,17600000,17500000
chr18_176,chr18,17700000,17600000
chr18_177,chr18,17800000,17700000
chr18_178,chr18,17900000,17800000
chr18_179,chr18,18000000,17900000
chr18_180,chr18,18100000,18000000
chr18_181,chr18,18200000,18100000
chr18_182,chr18,18300000,18200000
chr18_183,chr18,18400000,18300000
chr18_184,chr18,18500000,18400000
chr18_185,chr18,18600000,18500000
chr18_186,chr18,18700000,18600000
chr18_187,chr18,18800000,18700000
chr18_188,chr18,18900000,18800000
chr18_189,chr18,19000000,18900000
chr18_190,chr18,19100000,19000000
chr18_191,chr18,19200000,19100000
chr18_192,chr18,19300000,19200000
chr18_193,chr18,19400000,19300000
chr18_194,chr18,19500000,19400000
chr18_195,chr18,19600000,19500000
chr18_196,chr18,19700000,19600000
chr18_197,chr18,19800000,19700000
chr18_198,chr18,19900000,19800000
chr18_199,chr18,20000000,19900000
chr18_200,chr18,20100000,20000000
chr18_201,chr18,20200000,20100000
chr18_202,chr18,20300000,20200000
chr18_203,chr18,20400000,20300000
chr18_204,chr18,20500000,20400000
chr18_205,chr18,20600000,20500000
chr18_206,chr18,20700000,20600000
chr18_207,chr18,20800000,20700000
chr18_208,chr18,20900000,20800000
chr18_209,chr18,21000000,20900000
chr18_210,chr18,21100000,21000000
chr18_211,chr18,21200000,21100000
chr18_212,chr18,21300000,21200000
chr18_213,chr18,21400000,21300000
chr18_214,chr18,21500000,21400000
chr18_215,chr18,21600000,21500000
chr18_216,chr18,21700000,21600000
chr18_217,chr18,21800000,21700000
chr18_218,chr18,21900000,21800000
chr18_219,chr18,22000000,21900000
chr18_220,chr18,22100000,22000000
chr18_221,chr18,22200000,22100000
chr18_222,chr18,22300000,22200000
chr18_223,chr18,22400000,22300000
chr18_224,chr18,22500000,22400000
chr18_225,chr18,22600000,22500000
chr18_226,chr18,22700000,22600000
chr18_227,chr18,22800000,22700000
chr18_228,chr18,22900000,22800000
chr18_229,chr18,23000000,22900000
chr18_230,chr18,23100000,23000000
chr18_231,chr18,23200000,23100000
chr18_232,chr18,23300000,23200000
chr18_233,chr18,23400000,23300000
chr18_234,chr18,23500000,23400000
chr18_235,chr18,23600000,23500000
chr18_236,chr18,23700000,23600000
chr18_237,chr18,23800000,23700000
chr18_238,chr18,23900000,23800000
chr18_239,chr18,24000000,23900000
chr18_240,chr18,24100000,24000000
chr18_241,chr18,24200000,24100000
chr18_242,chr18,24300000,24200000
chr18_243,chr18,24400000,24300000
chr18_244,chr18,24500000,24400000
chr18_245,chr18,24600000,24500000
chr18_246,chr18,24700000,24600000
chr18_247,chr18,24800000,24700000
chr18_248,chr18,24900000,24800000
chr18_249,chr18,25000000,24900000
chr18_250,chr18,25100000,25000000
chr18_251,chr18,25200000,25100000
chr18_252,chr18,25300000,25200000
chr18_253,chr18,25400000,25300000
chr18_254,chr18,25500000,25400000
chr18_255,chr18,25600000,25500000
chr18_256,chr18,25700000,25600000
chr18_257,chr18,25800000,25700000
chr18_258,chr18,25900000,25800000
chr18_259,chr18,26000000,25900000
chr18_260,chr18,26100000,26000000
chr18_261,chr18,26200000,26100000
chr18_262,chr18,26300000,26200000
chr18_263,chr18,26400000,26300000
chr18_264,chr18,26500000,26400000
chr18_265,chr18,26600000,26500000
chr18_266,chr18,26700000,26600000
chr18_267,chr18,26800000,26700000
chr18_268,chr18,26900000,26800000
chr18_269,chr18,27000000,26900000
chr18_270,chr18,27100000,27000000
chr18_271,chr18,27200000,27100000
chr18_272,chr18,27300000,27200000
chr18_273,chr18,27400000,27300000
chr18_274,chr18,27500000,27400000
chr18_275,chr18,27600000,27500000
chr18_276,chr18,27700000,27600000
chr18_277,chr18,27800000,27700000
chr18_278,chr18,27900000,27800000
chr18_279,chr18,28000000,27900000
chr18_280,chr18,28100000,28000000
chr18_281,chr18,28200000,28100000
chr18_282,chr18,28300000,28200000
chr18_283,chr18,28400000,28300000
chr18_284,chr18,28500000,28400000
chr18_285,chr18,28600000,28500000
chr18_286,chr18,28700000,28600000
chr18_287,chr18,28800000,28700000
chr18_288,chr18,28900000,28800000
chr18_289,chr18,29000000,28900000
chr18_290,chr18,29100000,29000000
chr18_291,chr18,29200000,29100000
chr18_292,chr18,29300000,29200000
chr18_293,chr18,29400000,29300000
chr18_294,chr18,29500000,29400000
chr18_295,chr18,29600000,29500000
chr18_296,chr18,29700000,29600000
chr18_297,chr18,29800000,29700000
chr18_298,chr18,29900000,29800000
chr18_299,chr18,30000000,29900000
chr18_300,chr18,30100000,30000000
chr18_301,chr18,30200000,30100000
chr18_302,chr18,30300000,30200000
chr18_303,chr18,30400000,30300000
chr18_304,chr18,30500000,30400000
chr18_305,chr18,30600000,30500000
chr18_306,chr18,30700000,30600000
chr18_307,chr18,30800000,30700000
chr18_308,chr18,30900000,30800000
chr18_309,chr18,31000000,30900000
chr18_310,chr18,31100000,31000000
chr18_311,chr18,31200000,31100000
chr18_312,chr18,31300000,31200000
chr18_313,chr18,31400000,31300000
chr18_314,chr18,31500000,31400000
chr18_315,chr18,31600000,31500000
chr18_316,chr18,31700000,31600000
chr18_317,chr18,31800000,31700000
chr18_318,chr18,31900000,31800000
chr18_319,chr18,32000000,31900000
chr18_320,chr18,32100000,32000000
chr18_321,chr18,32200000,32100000
chr18_322,chr18,32300000,32200000
chr18_323,chr18,32400000,32300000
chr18_324,chr18,32500000,32400000
chr18_325,chr18,32600000,32500000
chr18_326,chr18,32700000,32600000
chr18_327,chr18,32800000,32700000
chr18_328,chr18,32900000,32800000
chr18_329,chr18,33000000,32900000
chr18_330,chr18,33100000,33000000
chr18_331,chr18,33200000,33100000
chr18_332,chr18,33300000,33200000
chr18_333,chr18,33400000,33300000
chr18_334,chr18,33500000,33400000
chr18_335,chr18,33600000,33500000
chr18_336,chr18,33700000,33600000
chr18_337,chr18,33800000,33700000
chr18_338,chr18,33900000,33800000
chr18_339,chr18,34000000,33900000
chr18_340,chr18,34100000,34000000
chr18_341,chr18,34200000,34100000
chr18_342,chr18,34300000,34200000
chr18_343,chr18,34400000,34300000
chr18_344,chr18,34500000,34400000
chr18_345,chr18,34600000,34500000
chr18_346,chr18,34700000,34600000
chr18_347,chr18,34800000,34700000
chr18_348,chr18,34900000,34800000
chr18_349,chr18,35000000,34900000
chr18_350,chr18,35100000,35000000
chr18_351,chr18,35200000,35100000
chr18_352,chr18,35300000,35200000
chr18_353,chr18,35400000,35300000
chr18_354,chr18,35500000,35400000
chr18_355,chr18,35600000,35500000
chr18_356,chr18,35700000,35600000
chr18_357,chr18,35800000,35700000
chr18_358,chr18,35900000,35800000
chr18_359,chr18,36000000,35900000
chr18_360,chr18,36100000,36000000
chr18_361,chr18,36200000,36100000
chr18_362,chr18,36300000,36200000
chr18_363,chr18,36400000,36300000
chr18_364,chr18,36500000,36400000
chr18_365,chr18,36600000,36500000
chr18_366,chr18,36700000,36600000
chr18_367,chr18,36800000,36700000
chr18_368,chr18,36900000,36800000
chr18_369,chr18,37000000,36900000
chr18_370,chr18,37100000,37000000
chr18_371,chr18,37200000,37100000
chr18_372,chr18,37300000,37200000
chr18_373,chr18,37400000,37300000
chr18_374,chr18,37500000,37400000
chr18_375,chr18,37600000,37500000
chr18_376,chr18,37700000,37600000
chr18_377,chr18,37800000,37700000
chr18_378,chr18,37900000,37800000
chr18_379,chr18,38000000,37900000
chr18_380,chr18,38100000,38000000
chr18_381,chr18,38200000,38100000
chr18_382,chr18,38300000,38200000
chr18_383,chr18,38400000,38300000
chr18_384,chr18,38500000,38400000
chr18_385,chr18,38600000,38500000
chr18_386,chr18,38700000,38600000
chr18_387,chr18,38800000,38700000
chr18_388,chr18,38900000,38800000
chr18_389,chr18,39000000,38900000
chr18_390,chr18,39100000,39000000
chr18_391,chr18,39200000,39100000
chr18_392,chr18,39300000,39200000
chr18_393,chr18,39400000,39300000
chr18_394,chr18,39500000,39400000
chr18_395,chr18,39600000,39500000
chr18_396,chr18,39700000,39600000
chr18_397,chr18,39800000,39700000
chr18_398,chr18,39900000,39800000
chr18_399,chr18,40000000,39900000
chr18_400,chr18,40100000,40000000
chr18_401,chr18,40200000,40100000
chr18_402,chr18,40300000,40200000
chr18_403,chr18,40400000,40300000
chr18_404,chr18,40500000,40400000
chr18_405,chr18,40600000,40500000
chr18_406,chr18,40700000,40600000
chr18_407,chr18,40800000,40700000
chr18_408,chr18,40900000,40800000
chr18_409,chr18,41000000,40900000
chr18_410,chr18,41100000,41000000
chr18_411,chr18,41200000,41100000
chr18_412,chr18,41300000,41200000
chr18_413,chr18,41400000,41300000
chr18_414,chr18,41500000,41400000
chr18_415,chr18,41600000,41500000
chr18_416,chr18,41700000,41600000
chr18_417,chr18,41800000,41700000
chr18_418,chr18,41900000,41800000
chr18_419,chr18,42000000,41900000
chr18_420,chr18,42100000,42000000
chr18_421,chr18,42200000,42100000
chr18_422,chr18,42300000,42200000
chr18_423,chr18,42400000,42300000
chr18_424,chr18,42500000,42400000
chr18_425,chr18,42600000,42500000
chr18_426,chr18,42700000,42600000
chr18_427,chr18,42800000,42700000
chr18_428,chr18,42900000,42800000
chr18_429,chr18,43000000,42900000
chr18_430,chr18,43100000,43000000
chr18_431,chr18,43200000,43100000
chr18_432,chr18,43300000,43200000
chr18_433,chr18,43400000,43300000
chr18_434,chr18,43500000,43400000
chr18_435,chr18,43600000,43500000
chr18_436,chr18,43700000,43600000
chr18_437,chr18,43800000,43700000
chr18_438,chr18,43900000,43800000
chr18_439,chr18,44000000,43900000
chr18_440,chr18,44100000,44000000
chr18_441,chr18,44200000,44100000
chr18_442,chr18,44300000,44200000
chr18_443,chr18,44400000,44300000
chr18_444,chr18,44500000,44400000
chr18_445,chr18,44600000,44500000
chr18_446,chr18,44700000,44600000
chr18_447,chr18,44800000,44700000
chr18_448,chr18,44900000,44800000
chr18_449,chr18,45000000,44900000
chr18_450,chr18,45100000,45000000
chr18_451,chr18,45200000,45100000
chr18_452,chr18,45300000,45200000
chr18_453,chr18,45400000,45300000
chr18_454,chr18,45500000,45400000
chr18_455,chr18,45600000,45500000
chr18_456,chr18,45700000,45600000
chr18_457,chr18,45800000,45700000
chr18_458,chr18,45900000,45800000
chr18_459,chr18,46000000,45900000
chr18_460,chr18,46100000,46000000
chr18_461,chr18,46200000,46100000
chr18_462,chr18,46300000,46200000
chr18_463,chr18,46400000,46300000
chr18_464,chr18,46500000,46400000
chr18_465,chr18,46600000,46500000
chr18_466,chr18,46700000,46600000
chr18_467,chr18,46800000,46700000
chr18_468,chr18,46900000,46800000
chr18_469,chr18,47000000,46900000
chr18_470,chr18,47100000,47000000
chr18_471,chr18,47200000,47100000
chr18_472,chr18,47300000,47200000
chr18_473,chr18,47400000,47300000
chr18_474,chr18,47500000,47400000
chr18_475,chr18,47600000,47500000
chr18_476,chr18,47700000,47600000
chr18_477,chr18,47800000,47700000
chr18_478,chr18,47900000,47800000
chr18_479,chr18,48000000,47900000
chr18_480,chr18,48100000,48000000
chr18_481,chr18,48200000,48100000
chr18_482,chr18,48300000,48200000
chr18_483,chr18,48400000,48300000
chr18_484,chr18,48500000,48400000
chr18_485,chr18,48600000,48500000
chr18_486,chr18,48700000,48600000
chr18_487,chr18,48800000,48700000
chr18_488,chr18,48900000,48800000
chr18_489,chr18,49000000,48900000
chr18_490,chr18,49100000,49000000
chr18_491,chr18,49200000,49100000
chr18_492,chr18,49300000,49200000
chr18_493,chr18,49400000,49300000
chr18_494,chr18,49500000,49400000
chr18_495,chr18,49600000,49500000
chr18_496,chr18,49700000,49600000
chr18_497,chr18,49800000,49700000
chr18_498,chr18,49900000,49800000
chr18_499,chr18,50000000,49900000
chr18_500,chr18,50100000,50000000
chr18_501,chr18,50200000,50100000
chr18_502,chr18,50300000,50200000
chr18_503,chr18,50400000,50300000
chr18_504,chr18,50500000,50400000
chr18_505,chr18,50600000,50500000
chr18_506,chr18,50700000,50600000
chr18_507,chr18,50800000,50700000
chr18_508,chr18,50900000,50800000
chr18_509,chr18,51000000,50900000
chr18_510,chr18,51100000,51000000
chr18_511,chr18,51200000,51100000
chr18_512,chr18,51300000,51200000
chr18_513,chr18,51400000,51300000
chr18_514,chr18,51500000,51400000
chr18_515,chr18,51600000,51500000
chr18_516,chr18,51700000,51600000
chr18_517,chr18,51800000,51700000
chr18_518,chr18,51900000,51800000
chr18_519,chr18,52000000,51900000
chr18_520,chr18,52100000,52000000
chr18_521,chr18,52200000,52100000
chr18_522,chr18,52300000,52200000
chr18_523,chr18,52400000,52300000
chr18_524,chr18,52500000,52400000
chr18_525,chr18,52600000,52500000
chr18_526,chr18,52700000,52600000
chr18_527,chr18,52800000,52700000
chr18_528,chr18,52900000,52800000
chr18_529,chr18,53000000,52900000
chr18_530,chr18,53100000,53000000
chr18_531,chr18,53200000,53100000
chr18_532,chr18,53300000,53200000
chr18_533,chr18,53400000,53300000
chr18_534,chr18,53500000,53400000
chr18_535,chr18,53600000,53500000
chr18_536,chr18,53700000,53600000
chr18_537,chr18,53800000,53700000
chr18_538,chr18,53900000,53800000
chr18_539,chr18,54000000,53900000
chr18_540,chr18,54100000,54000000
chr18_541,chr18,54200000,54100000
chr18_542,chr18,54300000,54200000
chr18_543,chr18,54400000,54300000
chr18_544,chr18,54500000,54400000
chr18_545,chr18,54600000,54500000
chr18_546,chr18,54700000,54600000
chr18_547,chr18,54800000,54700000
chr18_548,chr18,54900000,54800000
chr18_549,chr18,55000000,54900000
chr18_550,chr18,55100000,55000000
chr18_551,chr18,55200000,55100000
chr18_552,chr18,55300000,55200000
chr18_553,chr18,55400000,55300000
chr18_554,chr18,55500000,55400000
chr18_555,chr18,55600000,55500000
chr18_556,chr18,55700000,55600000
chr18_557,chr18,55800000,55700000
chr18_558,chr18,55900000,55800000
chr18_559,chr18,56000000,55900000
chr18_560,chr18,56100000,56000000
chr18_561,chr18,56200000,56100000
chr18_562,chr18,56300000,56200000
chr18_563,chr18,56400000,56300000
chr18_564,chr18,56500000,56400000
chr18_565,chr18,56600000,56500000
chr18_566,chr18,56700000,56600000
chr18_567,chr18,56800000,56700000
chr18_568,chr18,56900000,56800000
chr18_569,chr18,57000000,56900000
chr18_570,chr18,57100000,57000000
chr18_571,chr18,57200000,57100000
chr18_572,chr18,57300000,57200000
chr18_573,chr18,57400000,57300000
chr18_574,chr18,57500000,57400000
chr18_575,chr18,57600000,57500000
chr18_576,chr18,57700000,57600000
chr18_577,chr18,57800000,57700000
chr18_578,chr18,57900000,57800000
chr18_579,chr18,58000000,57900000
chr18_580,chr18,58100000,58000000
chr18_581,chr18,58200000,58100000
chr18_582,chr18,58300000,58200000
chr18_583,chr18,58400000,58300000
chr18_584,chr18,58500000,58400000
chr18_585,chr18,58600000,58500000
chr18_586,chr18,58700000,58600000
chr18_587,chr18,58800000,58700000
chr18_588,chr18,58900000,58800000
chr18_589,chr18,59000000,58900000
chr18_590,chr18,59100000,59000000
chr18_591,chr18,59200000,59100000
chr18_592,chr18,59300000,59200000
chr18_593,chr18,59400000,59300000
chr18_594,chr18,59500000,59400000
chr18_595,chr18,59600000,59500000
chr18_596,chr18,59700000,59600000
chr18_597,chr18,59800000,59700000
chr18_598,chr18,59900000,59800000
chr18_599,chr18,60000000,59900000
chr18_600,chr18,60100000,60000000
chr18_601,chr18,60200000,60100000
chr18_602,chr18,60300000,60200000
chr18_603,chr18,60400000,60300000
chr18_604,chr18,60500000,60400000
chr18_605,chr18,60600000,60500000
chr18_606,chr18,60700000,60600000
chr18_607,chr18,60800000,60700000
chr18_608,chr18,60900000,60800000
chr18_609,chr18,61000000,60900000
chr18_610,chr18,61100000,61000000
chr18_611,chr18,61200000,61100000
chr18_612,chr18,61300000,61200000
chr18_613,chr18,61400000,61300000
chr18_614,chr18,61500000,61400000
chr18_615,chr18,61600000,61500000
chr18_616,chr18,61700000,61600000
chr18_617,chr18,61800000,61700000
chr18_618,chr18,61900000,61800000
chr18_619,chr18,62000000,61900000
chr18_620,chr18,62100000,62000000
chr18_621,chr18,62200000,62100000
chr18_622,chr18,62300000,62200000
chr18_623,chr18,62400000,62300000
chr18_624,chr18,62500000,62400000
chr18_625,chr18,62600000,62500000
chr18_626,chr18,62700000,62600000
chr18_627,chr18,62800000,62700000
chr18_628,chr18,62900000,62800000
chr18_629,chr18,63000000,62900000
chr18_630,chr18,63100000,63000000
chr18_631,chr18,63200000,63100000
chr18_632,chr18,63300000,63200000
chr18_633,chr18,63400000,63300000
chr18_634,chr18,63500000,63400000
chr18_635,chr18,63600000,63500000
chr18_636,chr18,63700000,63600000
chr18_637,chr18,63800000,63700000
chr18_638,chr18,63900000,63800000
chr18_639,chr18,64000000,63900000
chr18_640,chr18,64100000,64000000
chr18_641,chr18,64200000,64100000
chr18_642,chr18,64300000,64200000
chr18_643,chr18,64400000,64300000
chr18_644,chr18,64500000,64400000
chr18_645,chr18,64600000,64500000
chr18_646,chr18,64700000,64600000
chr18_647,chr18,64800000,64700000
chr18_648,chr18,64900000,64800000
chr18_649,chr18,65000000,64900000
chr18_650,chr18,65100000,65000000
chr18_651,chr18,65200000,65100000
chr18_652,chr18,65300000,65200000
chr18_653,chr18,65400000,65300000
chr18_654,chr18,65500000,65400000
chr18_655,chr18,65600000,65500000
chr18_656,chr18,65700000,65600000
chr18_657,chr18,65800000,65700000
chr18_658,chr18,65900000,65800000
chr18_659,chr18,66000000,65900000
chr18_660,chr18,66100000,66000000
chr18_661,chr18,66200000,66100000
chr18_662,chr18,66300000,66200000
chr18_663,chr18,66400000,66300000
chr18_664,chr18,66500000,66400000
chr18_665,chr18,66600000,66500000
chr18_666,chr18,66700000,66600000
chr18_667,chr18,66800000,66700000
chr18_668,chr18,66900000,66800000
chr18_669,chr18,67000000,66900000
chr18_670,chr18,67100000,67000000
chr18_671,chr18,67200000,67100000
chr18_672,chr18,67300000,67200000
chr18_673,chr18,67400000,67300000
chr18_674,chr18,67500000,67400000
chr18_675,chr18,67600000,67500000
chr18_676,chr18,67700000,67600000
chr18_677,chr18,67800000,67700000
chr18_678,chr18,67900000,67800000
chr18_679,chr18,68000000,67900000
chr18_680,chr18,68100000,68000000
chr18_681,chr18,68200000,68100000
chr18_682,chr18,68300000,68200000
chr18_683,chr18,68400000,68300000
chr18_684,chr18,68500000,68400000
chr18_685,chr18,68600000,68500000
chr18_686,chr18,68700000,68600000
chr18_687,chr18,68800000,68700000
chr18_688,chr18,68900000,68800000
chr18_689,chr18,69000000,68900000
chr18_690,chr18,69100000,69000000
chr18_691,chr18,69200000,69100000
chr18_692,chr18,69300000,69200000
chr18_693,chr18,69400000,69300000
chr18_694,chr18,69500000,69400000
chr18_695,chr18,69600000,69500000
chr18_696,chr18,69700000,69600000
chr18_697,chr18,69800000,69700000
chr18_698,chr18,69900000,69800000
chr18_699,chr18,70000000,69900000
chr18_700,chr18,70100000,70000000
chr18_701,chr18,70200000,70100000
chr18_702,chr18,70300000,70200000
chr18_703,chr18,70400000,70300000
chr18_704,chr18,70500000,70400000
chr18_705,chr18,70600000,70500000
chr18_706,chr18,70700000,70600000
chr18_707,chr18,70800000,70700000
chr18_708,chr18,70900000,70800000
chr18_709,chr18,71000000,70900000
chr18_710,chr18,71100000,71000000
chr18_711,chr18,71200000,71100000
chr18_712,chr18,71300000,71200000
chr18_713,chr18,71400000,71300000
chr18_714,chr18,71500000,71400000
chr18_715,chr18,71600000,71500000
chr18_716,chr18,71700000,71600000
chr18_717,chr18,71800000,71700000
chr18_718,chr18,71900000,71800000
chr18_719,chr18,72000000,71900000
chr18_720,chr18,72100000,72000000
chr18_721,chr18,72200000,72100000
chr18_722,chr18,72300000,72200000
chr18_723,chr18,72400000,72300000
chr18_724,chr18,72500000,72400000
chr18_725,chr18,72600000,72500000
chr18_726,chr18,72700000,72600000
chr18_727,chr18,72800000,72700000
chr18_728,chr18,72900000,72800000
chr18_729,chr18,73000000,72900000
chr18_730,chr18,73100000,73000000
chr18_731,chr18,73200000,73100000
chr18_732,chr18,73300000,73200000
chr18_733,chr18,73400000,73300000
chr18_734,chr18,73500000,73400000
chr18_735,chr18,73600000,73500000
chr18_736,chr18,73700000,73600000
chr18_737,chr18,73800000,73700000
chr18_738,chr18,73900000,73800000
chr18_739,chr18,74000000,73900000
chr18_740,chr18,74100000,74000000
chr18_741,chr18,74200000,74100000
chr18_742,chr18,74300000,74200000
chr18_743,chr18,74400000,74300000
chr18_744,chr18,74500000,74400000
chr18_745,chr18,74600000,74500000
chr18_746,chr18,74700000,74600000
chr18_747,chr18,74800000,74700000
chr18_748,chr18,74900000,74800000
chr18_749,chr18,75000000,74900000
chr18_750,chr18,75100000,75000000
chr18_751,chr18,75200000,75100000
chr18_752,chr18,75300000,75200000
chr18_753,chr18,75400000,75300000
chr18_754,chr18,75500000,75400000
chr18_755,chr18,75600000,75500000
chr18_756,chr18,75700000,75600000
chr18_757,chr18,75800000,75700000
chr18_758,chr18,75900000,75800000
chr18_759,chr18,76000000,75900000
chr18_760,chr18,76100000,76000000
chr18_761,chr18,76200000,76100000
chr18_762,chr18,76300000,76200000
chr18_763,chr18,76400000,76300000
chr18_764,chr18,76500000,76400000
chr18_765,chr18,76600000,76500000
chr18_766,chr18,76700000,76600000
chr18_767,chr18,76800000,76700000
chr18_768,chr18,76900000,76800000
chr18_769,chr18,77000000,76900000
chr18_770,chr18,77100000,77000000
chr18_771,chr18,77200000,77100000
chr18_772,chr18,77300000,77200000
chr18_773,chr18,77400000,77300000
chr18_774,chr18,77500000,77400000
chr18_775,chr18,77600000,77500000
chr18_776,chr18,77700000,77600000
chr18_777,chr18,77800000,77700000
chr18_778,chr18,77900000,77800000
chr18_779,chr18,78000000,77900000
chr18_780,chr18,78100000,78000000
chr18_781,chr18,78200000,78100000
chr18_782,chr18,78300000,78200000
chr18_783,chr18,78400000,78300000
chr18_784,chr18,78500000,78400000
chr18_785,chr18,78600000,78500000
chr18_786,chr18,78700000,78600000
chr18_787,chr18,78800000,78700000
chr18_788,chr18,78900000,78800000
chr18_789,chr18,79000000,78900000
chr18_790,chr18,79100000,79000000
chr18_791,chr18,79200000,79100000
chr18_792,chr18,79300000,79200000
chr18_793,chr18,79400000,79300000
chr18_794,chr18,79500000,79400000
chr18_795,chr18,79600000,79500000
chr18_796,chr18,79700000,79600000
chr18_797,chr18,79800000,79700000
chr18_798,chr18,79900000,79800000
chr18_799,chr18,80000000,79900000
chr18_800,chr18,80100000,80000000
chr18_801,chr18,80200000,80100000
chr18_802,chr18,80300000,80200000
chr18_803,chr18,80400000,80300000
chr18_804,chr18,80500000,80400000
chr18_805,chr18,80600000,80500000
chr18_806,chr18,80700000,80600000
chr18_807,chr18,80800000,80700000
chr18_808,chr18,80900000,80800000
chr18_809,chr18,81000000,80900000
chr18_810,chr18,81100000,81000000
chr18_811,chr18,81200000,81100000
chr18_812,chr18,81300000,81200000
chr18_813,chr18,81400000,81300000
chr18_814,chr18,81500000,81400000
chr18_815,chr18,81600000,81500000
chr18_816,chr18,81700000,81600000
chr18_817,chr18,81800000,81700000
chr18_818,chr18,81900000,81800000
chr18_819,chr18,82000000,81900000
chr18_820,chr18,82100000,82000000
chr18_821,chr18,82200000,82100000
chr18_822,chr18,82300000,82200000
chr18_823,chr18,82400000,82300000
chr18_824,chr18,82500000,82400000
chr18_825,chr18,82600000,82500000
chr18_826,chr18,82700000,82600000
chr18_827,chr18,82800000,82700000
chr18_828,chr18,82900000,82800000
chr18_829,chr18,83000000,82900000
chr18_830,chr18,83100000,83000000
chr18_831,chr18,83200000,83100000
chr18_832,chr18,83300000,83200000
chr18_833,chr18,83400000,83300000
chr18_834,chr18,83500000,83400000
chr18_835,chr18,83600000,83500000
chr18_836,chr18,83700000,83600000
chr18_837,chr18,83800000,83700000
chr18_838,chr18,83900000,83800000
chr18_839,chr18,84000000,83900000
chr18_840,chr18,84100000,84000000
chr18_841,chr18,84200000,84100000
chr18_842,chr18,84300000,84200000
chr18_843,chr18,84400000,84300000
chr18_844,chr18,84500000,84400000
chr18_845,chr18,84600000,84500000
chr18_846,chr18,84700000,84600000
chr18_847,chr18,84800000,84700000
chr18_848,chr18,84900000,84800000
chr18_849,chr18,85000000,84900000
chr18_850,chr18,85100000,85000000
chr18_851,chr18,85200000,85100000
chr18_852,chr18,85300000,85200000
chr18_853,chr18,85400000,85300000
chr18_854,chr18,85500000,85400000
chr18_855,chr18,85600000,85500000
chr18_856,chr18,85700000,85600000
chr18_857,chr18,85800000,85700000
chr18_858,chr18,85900000,85800000
chr18_859,chr18,86000000,85900000
chr18_860,chr18,86100000,86000000
chr18_861,chr18,86200000,86100000
chr18_862,chr18,86300000,86200000
chr18_863,chr18,86400000,86300000
chr18_864,chr18,86500000,86400000
chr18_865,chr18,86600000,86500000
chr18_866,chr18,86700000,86600000
chr18_867,chr18,86800000,86700000
chr18_868,chr18,86900000,86800000
chr18_869,chr18,87000000,86900000
chr18_870,chr18,87100000,87000000
chr18_871,chr18,87200000,87100000
chr18_872,chr18,87300000,87200000
chr18_873,chr18,87400000,87300000
chr18_874,chr18,87500000,87400000
chr18_875,chr18,87600000,87500000
chr18_876,chr18,87700000,87600000
chr18_877,chr18,87800000,87700000
chr18_878,chr18,87900000,87800000
chr18_879,chr18,88000000,87900000
chr18_880,chr18,88100000,88000000
chr18_881,chr18,88200000,88100000
chr18_882,chr18,88300000,88200000
chr18_883,chr18,88400000,88300000
chr18_884,chr18,88500000,88400000
chr18_885,chr18,88600000,88500000
chr18_886,chr18,88700000,88600000
chr18_887,chr18,88800000,88700000
chr18_888,chr18,88900000,88800000
chr18_889,chr18,89000000,88900000
chr18_890,chr18,89100000,89000000
chr18_891,chr18,89200000,89100000
chr18_892,chr18,89300000,89200000
chr18_893,chr18,89400000,89300000
chr18_894,chr18,89500000,89400000
chr18_895,chr18,89600000,89500000
chr18_896,chr18,89700000,89600000
chr18_897,chr18,89800000,89700000
chr18_898,chr18,89900000,89800000
chr18_899,chr18,90000000,89900000
chr18_900,chr18,90100000,90000000
chr18_901,chr18,90200000,90100000
chr18_902,chr18,90300000,90200000
chr18_903,chr18,90400000,90300000
chr18_904,chr18,90500000,90400000
chr18_905,chr18,90600000,90500000
chr18_906,chr18,90700000,90600000
chr18_907,chr18,90702639,90700000
chr19_0,chr19,100000,0
chr19_1,chr19,200000,100000
chr19_2,chr19,300000,200000
chr19_3,chr19,400000,300000
chr19_4,chr19,500000,400000
chr19_5,chr19,600000,500000
chr19_6,chr19,700000,600000
chr19_7,chr19,800000,700000
chr19_8,chr19,900000,800000
chr19_9,chr19,1000000,900000
chr19_10,chr19,1100000,1000000
chr19_11,chr19,1200000,1100000
chr19_12,chr19,1300000,1200000
chr19_13,chr19,1400000,1300000
chr19_14,chr19,1500000,1400000
chr19_15,chr19,1600000,1500000
chr19_16,chr19,1700000,1600000
chr19_17,chr19,1800000,1700000
chr19_18,chr19,1900000,1800000
chr19_19,chr19,2000000,1900000
chr19_20,chr19,2100000,2000000
chr19_21,chr19,2200000,2100000
chr19_22,chr19,2300000,2200000
chr19_23,chr19,2400000,2300000
chr19_24,chr19,2500000,2400000
chr19_25,chr19,2600000,2500000
chr19_26,chr19,2700000,2600000
chr19_27,chr19,2800000,2700000
chr19_28,chr19,2900000,2800000
chr19_29,chr19,3000000,2900000
chr19_30,chr19,3100000,3000000
chr19_31,chr19,3200000,3100000
chr19_32,chr19,3300000,3200000
chr19_33,chr19,3400000,3300000
chr19_34,chr19,3500000,3400000
chr19_35,chr19,3600000,3500000
chr19_36,chr19,3700000,3600000
chr19_37,chr19,3800000,3700000
chr19_38,chr19,3900000,3800000
chr19_39,chr19,4000000,3900000
chr19_40,chr19,4100000,4000000
chr19_41,chr19,4200000,4100000
chr19_42,chr19,4300000,4200000
chr19_43,chr19,4400000,4300000
chr19_44,chr19,4500000,4400000
chr19_45,chr19,4600000,4500000
chr19_46,chr19,4700000,4600000
chr19_47,chr19,4800000,4700000
chr19_48,chr19,4900000,4800000
chr19_49,chr19,5000000,4900000
chr19_50,chr19,5100000,5000000
chr19_51,chr19,5200000,5100000
chr19_52,chr19,5300000,5200000
chr19_53,chr19,5400000,5300000
chr19_54,chr19,5500000,5400000
chr19_55,chr19,5600000,5500000
chr19_56,chr19,5700000,5600000
chr19_57,chr19,5800000,5700000
chr19_58,chr19,5900000,5800000
chr19_59,chr19,6000000,5900000
chr19_60,chr19,6100000,6000000
chr19_61,chr19,6200000,6100000
chr19_62,chr19,6300000,6200000
chr19_63,chr19,6400000,6300000
chr19_64,chr19,6500000,6400000
chr19_65,chr19,6600000,6500000
chr19_66,chr19,6700000,6600000
chr19_67,chr19,6800000,6700000
chr19_68,chr19,6900000,6800000
chr19_69,chr19,7000000,6900000
chr19_70,chr19,7100000,7000000
chr19_71,chr19,7200000,7100000
chr19_72,chr19,7300000,7200000
chr19_73,chr19,7400000,7300000
chr19_74,chr19,7500000,7400000
chr19_75,chr19,7600000,7500000
chr19_76,chr19,7700000,7600000
chr19_77,chr19,7800000,7700000
chr19_78,chr19,7900000,7800000
chr19_79,chr19,8000000,7900000
chr19_80,chr19,8100000,8000000
chr19_81,chr19,8200000,8100000
chr19_82,chr19,8300000,8200000
chr19_83,chr19,8400000,8300000
chr19_84,chr19,8500000,8400000
chr19_85,chr19,8600000,8500000
chr19_86,chr19,8700000,8600000
chr19_87,chr19,8800000,8700000
chr19_88,chr19,8900000,8800000
chr19_89,chr19,9000000,8900000
chr19_90,chr19,9100000,9000000
chr19_91,chr19,9200000,9100000
chr19_92,chr19,9300000,9200000
chr19_93,chr19,9400000,9300000
chr19_94,chr19,9500000,9400000
chr19_95,chr19,9600000,9500000
chr19_96,chr19,9700000,9600000
chr19_97,chr19,9800000,9700000
chr19_98,chr19,9900000,9800000
chr19_99,chr19,10000000,9900000
chr19_100,chr19,10100000,10000000
chr19_101,chr19,10200000,10100000
chr19_102,chr19,10300000,10200000
chr19_103,chr19,10400000,10300000
chr19_104,chr19,10500000,10400000
chr19_105,chr19,10600000,10500000
chr19_106,chr19,10700000,10600000
chr19_107,chr19,10800000,10700000
chr19_108,chr19,10900000,10800000
chr19_109,chr19,11000000,10900000
chr19_110,chr19,11100000,11000000
chr19_111,chr19,11200000,11100000
chr19_112,chr19,11300000,11200000
chr19_113,chr19,11400000,11300000
chr19_114,chr19,11500000,11400000
chr19_115,chr19,11600000,11500000
chr19_116,chr19,11700000,11600000
chr19_117,chr19,11800000,11700000
chr19_118,chr19,11900000,11800000
chr19_119,chr19,12000000,11900000
chr19_120,chr19,12100000,12000000
chr19_121,chr19,12200000,12100000
chr19_122,chr19,12300000,12200000
chr19_123,chr19,12400000,12300000
chr19_124,chr19,12500000,12400000
chr19_125,chr19,12600000,12500000
chr19_126,chr19,12700000,12600000
chr19_127,chr19,12800000,12700000
chr19_128,chr19,12900000,12800000
chr19_129,chr19,13000000,12900000
chr19_130,chr19,13100000,13000000
chr19_131,chr19,13200000,13100000
chr19_132,chr19,13300000,13200000
chr19_133,chr19,13400000,13300000
chr19_134,chr19,13500000,13400000
chr19_135,chr19,13600000,13500000
chr19_136,chr19,13700000,13600000
chr19_137,chr19,13800000,13700000
chr19_138,chr19,13900000,13800000
chr19_139,chr19,14000000,13900000
chr19_140,chr19,14100000,14000000
chr19_141,chr19,14200000,14100000
chr19_142,chr19,14300000,14200000
chr19_143,chr19,14400000,14300000
chr19_144,chr19,14500000,14400000
chr19_145,chr19,14600000,14500000
chr19_146,chr19,14700000,14600000
chr19_147,chr19,14800000,14700000
chr19_148,chr19,14900000,14800000
chr19_149,chr19,15000000,14900000
chr19_150,chr19,15100000,15000000
chr19_151,chr19,15200000,15100000
chr19_152,chr19,15300000,15200000
chr19_153,chr19,15400000,15300000
chr19_154,chr19,15500000,15400000
chr19_155,chr19,15600000,15500000
chr19_156,chr19,15700000,15600000
chr19_157,chr19,15800000,15700000
chr19_158,chr19,15900000,15800000
chr19_159,chr19,16000000,15900000
chr19_160,chr19,16100000,16000000
chr19_161,chr19,16200000,16100000
chr19_162,chr19,16300000,16200000
chr19_163,chr19,16400000,16300000
chr19_164,chr19,16500000,16400000
chr19_165,chr19,16600000,16500000
chr19_166,chr19,16700000,16600000
chr19_167,chr19,16800000,16700000
chr19_168,chr19,16900000,16800000
chr19_169,chr19,17000000,16900000
chr19_170,chr19,17100000,17000000
chr19_171,chr19,17200000,17100000
chr19_172,chr19,17300000,17200000
chr19_173,chr19,17400000,17300000
chr19_174,chr19,17500000,17400000
chr19_175,chr19,17600000,17500000
chr19_176,chr19,17700000,17600000
chr19_177,chr19,17800000,17700000
chr19_178,chr19,17900000,17800000
chr19_179,chr19,18000000,17900000
chr19_180,chr19,18100000,18000000
chr19_181,chr19,18200000,18100000
chr19_182,chr19,18300000,18200000
chr19_183,chr19,18400000,18300000
chr19_184,chr19,18500000,18400000
chr19_185,chr19,18600000,18500000
chr19_186,chr19,18700000,18600000
chr19_187,chr19,18800000,18700000
chr19_188,chr19,18900000,18800000
chr19_189,chr19,19000000,18900000
chr19_190,chr19,19100000,19000000
chr19_191,chr19,19200000,19100000
chr19_192,chr19,19300000,19200000
chr19_193,chr19,19400000,19300000
chr19_194,chr19,19500000,19400000
chr19_195,chr19,19600000,19500000
chr19_196,chr19,19700000,19600000
chr19_197,chr19,19800000,19700000
chr19_198,chr19,19900000,19800000
chr19_199,chr19,20000000,19900000
chr19_200,chr19,20100000,20000000
chr19_201,chr19,20200000,20100000
chr19_202,chr19,20300000,20200000
chr19_203,chr19,20400000,20300000
chr19_204,chr19,20500000,20400000
chr19_205,chr19,20600000,20500000
chr19_206,chr19,20700000,20600000
chr19_207,chr19,20800000,20700000
chr19_208,chr19,20900000,20800000
chr19_209,chr19,21000000,20900000
chr19_210,chr19,21100000,21000000
chr19_211,chr19,21200000,21100000
chr19_212,chr19,21300000,21200000
chr19_213,chr19,21400000,21300000
chr19_214,chr19,21500000,21400000
chr19_215,chr19,21600000,21500000
chr19_216,chr19,21700000,21600000
chr19_217,chr19,21800000,21700000
chr19_218,chr19,21900000,21800000
chr19_219,chr19,22000000,21900000
chr19_220,chr19,22100000,22000000
chr19_221,chr19,22200000,22100000
chr19_222,chr19,22300000,22200000
chr19_223,chr19,22400000,22300000
chr19_224,chr19,22500000,22400000
chr19_225,chr19,22600000,22500000
chr19_226,chr19,22700000,22600000
chr19_227,chr19,22800000,22700000
chr19_228,chr19,22900000,22800000
chr19_229,chr19,23000000,22900000
chr19_230,chr19,23100000,23000000
chr19_231,chr19,23200000,23100000
chr19_232,chr19,23300000,23200000
chr19_233,chr19,23400000,23300000
chr19_234,chr19,23500000,23400000
chr19_235,chr19,23600000,23500000
chr19_236,chr19,23700000,23600000
chr19_237,chr19,23800000,23700000
chr19_238,chr19,23900000,23800000
chr19_239,chr19,24000000,23900000
chr19_240,chr19,24100000,24000000
chr19_241,chr19,24200000,24100000
chr19_242,chr19,24300000,24200000
chr19_243,chr19,24400000,24300000
chr19_244,chr19,24500000,24400000
chr19_245,chr19,24600000,24500000
chr19_246,chr19,24700000,24600000
chr19_247,chr19,24800000,24700000
chr19_248,chr19,24900000,24800000
chr19_249,chr19,25000000,24900000
chr19_250,chr19,25100000,25000000
chr19_251,chr19,25200000,25100000
chr19_252,chr19,25300000,25200000
chr19_253,chr19,25400000,25300000
chr19_254,chr19,25500000,25400000
chr19_255,chr19,25600000,25500000
chr19_256,chr19,25700000,25600000
chr19_257,chr19,25800000,25700000
chr19_258,chr19,25900000,25800000
chr19_259,chr19,26000000,25900000
chr19_260,chr19,26100000,26000000
chr19_261,chr19,26200000,26100000
chr19_262,chr19,26300000,26200000
chr19_263,chr19,26400000,26300000
chr19_264,chr19,26500000,26400000
chr19_265,chr19,26600000,26500000
chr19_266,chr19,26700000,26600000
chr19_267,chr19,26800000,26700000
chr19_268,chr19,26900000,26800000
chr19_269,chr19,27000000,26900000
chr19_270,chr19,27100000,27000000
chr19_271,chr19,27200000,27100000
chr19_272,chr19,27300000,27200000
chr19_273,chr19,27400000,27300000
chr19_274,chr19,27500000,27400000
chr19_275,chr19,27600000,27500000
chr19_276,chr19,27700000,27600000
chr19_277,chr19,27800000,27700000
chr19_278,chr19,27900000,27800000
chr19_279,chr19,28000000,27900000
chr19_280,chr19,28100000,28000000
chr19_281,chr19,28200000,28100000
chr19_282,chr19,28300000,28200000
chr19_283,chr19,28400000,28300000
chr19_284,chr19,28500000,28400000
chr19_285,chr19,28600000,28500000
chr19_286,chr19,28700000,28600000
chr19_287,chr19,28800000,28700000
chr19_288,chr19,28900000,28800000
chr19_289,chr19,29000000,28900000
chr19_290,chr19,29100000,29000000
chr19_291,chr19,29200000,29100000
chr19_292,chr19,29300000,29200000
chr19_293,chr19,29400000,29300000
chr19_294,chr19,29500000,29400000
chr19_295,chr19,29600000,29500000
chr19_296,chr19,29700000,29600000
chr19_297,chr19,29800000,29700000
chr19_298,chr19,29900000,29800000
chr19_299,chr19,30000000,29900000
chr19_300,chr19,30100000,30000000
chr19_301,chr19,30200000,30100000
chr19_302,chr19,30300000,30200000
chr19_303,chr19,30400000,30300000
chr19_304,chr19,30500000,30400000
chr19_305,chr19,30600000,30500000
chr19_306,chr19,30700000,30600000
chr19_307,chr19,30800000,30700000
chr19_308,chr19,30900000,30800000
chr19_309,chr19,31000000,30900000
chr19_310,chr19,31100000,31000000
chr19_311,chr19,31200000,31100000
chr19_312,chr19,31300000,31200000
chr19_313,chr19,31400000,31300000
chr19_314,chr19,31500000,31400000
chr19_315,chr19,31600000,31500000
chr19_316,chr19,31700000,31600000
chr19_317,chr19,31800000,31700000
chr19_318,chr19,31900000,31800000
chr19_319,chr19,32000000,31900000
chr19_320,chr19,32100000,32000000
chr19_321,chr19,32200000,32100000
chr19_322,chr19,32300000,32200000
chr19_323,chr19,32400000,32300000
chr19_324,chr19,32500000,32400000
chr19_325,chr19,32600000,32500000
chr19_326,chr19,32700000,32600000
chr19_327,chr19,32800000,32700000
chr19_328,chr19,32900000,32800000
chr19_329,chr19,33000000,32900000
chr19_330,chr19,33100000,33000000
chr19_331,chr19,33200000,33100000
chr19_332,chr19,33300000,33200000
chr19_333,chr19,33400000,33300000
chr19_334,chr19,33500000,33400000
chr19_335,chr19,33600000,33500000
chr19_336,chr19,33700000,33600000
chr19_337,chr19,33800000,33700000
chr19_338,chr19,33900000,33800000
chr19_339,chr19,34000000,33900000
chr19_340,chr19,34100000,34000000
chr19_341,chr19,34200000,34100000
chr19_342,chr19,34300000,34200000
chr19_343,chr19,34400000,34300000
chr19_344,chr19,34500000,34400000
chr19_345,chr19,34600000,34500000
chr19_346,chr19,34700000,34600000
chr19_347,chr19,34800000,34700000
chr19_348,chr19,34900000,34800000
chr19_349,chr19,35000000,34900000
chr19_350,chr19,35100000,35000000
chr19_351,chr19,35200000,35100000
chr19_352,chr19,35300000,35200000
chr19_353,chr19,35400000,35300000
chr19_354,chr19,35500000,35400000
chr19_355,chr19,35600000,35500000
chr19_356,chr19,35700000,35600000
chr19_357,chr19,35800000,35700000
chr19_358,chr19,35900000,35800000
chr19_359,chr19,36000000,35900000
chr19_360,chr19,36100000,36000000
chr19_361,chr19,36200000,36100000
chr19_362,chr19,36300000,36200000
chr19_363,chr19,36400000,36300000
chr19_364,chr19,36500000,36400000
chr19_365,chr19,36600000,36500000
chr19_366,chr19,36700000,36600000
chr19_367,chr19,36800000,36700000
chr19_368,chr19,36900000,36800000
chr19_369,chr19,37000000,36900000
chr19_370,chr19,37100000,37000000
chr19_371,chr19,37200000,37100000
chr19_372,chr19,37300000,37200000
chr19_373,chr19,37400000,37300000
chr19_374,chr19,37500000,37400000
chr19_375,chr19,37600000,37500000
chr19_376,chr19,37700000,37600000
chr19_377,chr19,37800000,37700000
chr19_378,chr19,37900000,37800000
chr19_379,chr19,38000000,37900000
chr19_380,chr19,38100000,38000000
chr19_381,chr19,38200000,38100000
chr19_382,chr19,38300000,38200000
chr19_383,chr19,38400000,38300000
chr19_384,chr19,38500000,38400000
chr19_385,chr19,38600000,38500000
chr19_386,chr19,38700000,38600000
chr19_387,chr19,38800000,38700000
chr19_388,chr19,38900000,38800000
chr19_389,chr19,39000000,38900000
chr19_390,chr19,39100000,39000000
chr19_391,chr19,39200000,39100000
chr19_392,chr19,39300000,39200000
chr19_393,chr19,39400000,39300000
chr19_394,chr19,39500000,39400000
chr19_395,chr19,39600000,39500000
chr19_396,chr19,39700000,39600000
chr19_397,chr19,39800000,39700000
chr19_398,chr19,39900000,39800000
chr19_399,chr19,40000000,39900000
chr19_400,chr19,40100000,40000000
chr19_401,chr19,40200000,40100000
chr19_402,chr19,40300000,40200000
chr19_403,chr19,40400000,40300000
chr19_404,chr19,40500000,40400000
chr19_405,chr19,40600000,40500000
chr19_406,chr19,40700000,40600000
chr19_407,chr19,40800000,40700000
chr19_408,chr19,40900000,40800000
chr19_409,chr19,41000000,40900000
chr19_410,chr19,41100000,41000000
chr19_411,chr19,41200000,41100000
chr19_412,chr19,41300000,41200000
chr19_413,chr19,41400000,41300000
chr19_414,chr19,41500000,41400000
chr19_415,chr19,41600000,41500000
chr19_416,chr19,41700000,41600000
chr19_417,chr19,41800000,41700000
chr19_418,chr19,41900000,41800000
chr19_419,chr19,42000000,41900000
chr19_420,chr19,42100000,42000000
chr19_421,chr19,42200000,42100000
chr19_422,chr19,42300000,42200000
chr19_423,chr19,42400000,42300000
chr19_424,chr19,42500000,42400000
chr19_425,chr19,42600000,42500000
chr19_426,chr19,42700000,42600000
chr19_427,chr19,42800000,42700000
chr19_428,chr19,42900000,42800000
chr19_429,chr19,43000000,42900000
chr19_430,chr19,43100000,43000000
chr19_431,chr19,43200000,43100000
chr19_432,chr19,43300000,43200000
chr19_433,chr19,43400000,43300000
chr19_434,chr19,43500000,43400000
chr19_435,chr19,43600000,43500000
chr19_436,chr19,43700000,43600000
chr19_437,chr19,43800000,43700000
chr19_438,chr19,43900000,43800000
chr19_439,chr19,44000000,43900000
chr19_440,chr19,44100000,44000000
chr19_441,chr19,44200000,44100000
chr19_442,chr19,44300000,44200000
chr19_443,chr19,44400000,44300000
chr19_444,chr19,44500000,44400000
chr19_445,chr19,44600000,44500000
chr19_446,chr19,44700000,44600000
chr19_447,chr19,44800000,44700000
chr19_448,chr19,44900000,44800000
chr19_449,chr19,45000000,44900000
chr19_450,chr19,45100000,45000000
chr19_451,chr19,45200000,45100000
chr19_452,chr19,45300000,45200000
chr19_453,chr19,45400000,45300000
chr19_454,chr19,45500000,45400000
chr19_455,chr19,45600000,45500000
chr19_456,chr19,45700000,45600000
chr19_457,chr19,45800000,45700000
chr19_458,chr19,45900000,45800000
chr19_459,chr19,46000000,45900000
chr19_460,chr19,46100000,46000000
chr19_461,chr19,46200000,46100000
chr19_462,chr19,46300000,46200000
chr19_463,chr19,46400000,46300000
chr19_464,chr19,46500000,46400000
chr19_465,chr19,46600000,46500000
chr19_466,chr19,46700000,46600000
chr19_467,chr19,46800000,46700000
chr19_468,chr19,46900000,46800000
chr19_469,chr19,47000000,46900000
chr19_470,chr19,47100000,47000000
chr19_471,chr19,47200000,47100000
chr19_472,chr19,47300000,47200000
chr19_473,chr19,47400000,47300000
chr19_474,chr19,47500000,47400000
chr19_475,chr19,47600000,47500000
chr19_476,chr19,47700000,47600000
chr19_477,chr19,47800000,47700000
chr19_478,chr19,47900000,47800000
chr19_479,chr19,48000000,47900000
chr19_480,chr19,48100000,48000000
chr19_481,chr19,48200000,48100000
chr19_482,chr19,48300000,48200000
chr19_483,chr19,48400000,48300000
chr19_484,chr19,48500000,48400000
chr19_485,chr19,48600000,48500000
chr19_486,chr19,48700000,48600000
chr19_487,chr19,48800000,48700000
chr19_488,chr19,48900000,48800000
chr19_489,chr19,49000000,48900000
chr19_490,chr19,49100000,49000000
chr19_491,chr19,49200000,49100000
chr19_492,chr19,49300000,49200000
chr19_493,chr19,49400000,49300000
chr19_494,chr19,49500000,49400000
chr19_495,chr19,49600000,49500000
chr19_496,chr19,49700000,49600000
chr19_497,chr19,49800000,49700000
chr19_498,chr19,49900000,49800000
chr19_499,chr19,50000000,49900000
chr19_500,chr19,50100000,50000000
chr19_501,chr19,50200000,50100000
chr19_502,chr19,50300000,50200000
chr19_503,chr19,50400000,50300000
chr19_504,chr19,50500000,50400000
chr19_505,chr19,50600000,50500000
chr19_506,chr19,50700000,50600000
chr19_507,chr19,50800000,50700000
chr19_508,chr19,50900000,50800000
chr19_509,chr19,51000000,50900000
chr19_510,chr19,51100000,51000000
chr19_511,chr19,51200000,51100000
chr19_512,chr19,51300000,51200000
chr19_513,chr19,51400000,51300000
chr19_514,chr19,51500000,51400000
chr19_515,chr19,51600000,51500000
chr19_516,chr19,51700000,51600000
chr19_517,chr19,51800000,51700000
chr19_518,chr19,51900000,51800000
chr19_519,chr19,52000000,51900000
chr19_520,chr19,52100000,52000000
chr19_521,chr19,52200000,52100000
chr19_522,chr19,52300000,52200000
chr19_523,chr19,52400000,52300000
chr19_524,chr19,52500000,52400000
chr19_525,chr19,52600000,52500000
chr19_526,chr19,52700000,52600000
chr19_527,chr19,52800000,52700000
chr19_528,chr19,52900000,52800000
chr19_529,chr19,53000000,52900000
chr19_530,chr19,53100000,53000000
chr19_531,chr19,53200000,53100000
chr19_532,chr19,53300000,53200000
chr19_533,chr19,53400000,53300000
chr19_534,chr19,53500000,53400000
chr19_535,chr19,53600000,53500000
chr19_536,chr19,53700000,53600000
chr19_537,chr19,53800000,53700000
chr19_538,chr19,53900000,53800000
chr19_539,chr19,54000000,53900000
chr19_540,chr19,54100000,54000000
chr19_541,chr19,54200000,54100000
chr19_542,chr19,54300000,54200000
chr19_543,chr19,54400000,54300000
chr19_544,chr19,54500000,54400000
chr19_545,chr19,54600000,54500000
chr19_546,chr19,54700000,54600000
chr19_547,chr19,54800000,54700000
chr19_548,chr19,54900000,54800000
chr19_549,chr19,55000000,54900000
chr19_550,chr19,55100000,55000000
chr19_551,chr19,55200000,55100000
chr19_552,chr19,55300000,55200000
chr19_553,chr19,55400000,55300000
chr19_554,chr19,55500000,55400000
chr19_555,chr19,55600000,55500000
chr19_556,chr19,55700000,55600000
chr19_557,chr19,55800000,55700000
chr19_558,chr19,55900000,55800000
chr19_559,chr19,56000000,55900000
chr19_560,chr19,56100000,56000000
chr19_561,chr19,56200000,56100000
chr19_562,chr19,56300000,56200000
chr19_563,chr19,56400000,56300000
chr19_564,chr19,56500000,56400000
chr19_565,chr19,56600000,56500000
chr19_566,chr19,56700000,56600000
chr19_567,chr19,56800000,56700000
chr19_568,chr19,56900000,56800000
chr19_569,chr19,57000000,56900000
chr19_570,chr19,57100000,57000000
chr19_571,chr19,57200000,57100000
chr19_572,chr19,57300000,57200000
chr19_573,chr19,57400000,57300000
chr19_574,chr19,57500000,57400000
chr19_575,chr19,57600000,57500000
chr19_576,chr19,57700000,57600000
chr19_577,chr19,57800000,57700000
chr19_578,chr19,57900000,57800000
chr19_579,chr19,58000000,57900000
chr19_580,chr19,58100000,58000000
chr19_581,chr19,58200000,58100000
chr19_582,chr19,58300000,58200000
chr19_583,chr19,58400000,58300000
chr19_584,chr19,58500000,58400000
chr19_585,chr19,58600000,58500000
chr19_586,chr19,58700000,58600000
chr19_587,chr19,58800000,58700000
chr19_588,chr19,58900000,58800000
chr19_589,chr19,59000000,58900000
chr19_590,chr19,59100000,59000000
chr19_591,chr19,59200000,59100000
chr19_592,chr19,59300000,59200000
chr19_593,chr19,59400000,59300000
chr19_594,chr19,59500000,59400000
chr19_595,chr19,59600000,59500000
chr19_596,chr19,59700000,59600000
chr19_597,chr19,59800000,59700000
chr19_598,chr19,59900000,59800000
chr19_599,chr19,60000000,59900000
chr19_600,chr19,60100000,60000000
chr19_601,chr19,60200000,60100000
chr19_602,chr19,60300000,60200000
chr19_603,chr19,60400000,60300000
chr19_604,chr19,60500000,60400000
chr19_605,chr19,60600000,60500000
chr19_606,chr19,60700000,60600000
chr19_607,chr19,60800000,60700000
chr19_608,chr19,60900000,60800000
chr19_609,chr19,61000000,60900000
chr19_610,chr19,61100000,61000000
chr19_611,chr19,61200000,61100000
chr19_612,chr19,61300000,61200000
chr19_613,chr19,61400000,61300000
chr19_614,chr19,61431566,61400000
chr2_0,chr2,100000,0
chr2_1,chr2,200000,100000
chr2_2,chr2,300000,200000
chr2_3,chr2,400000,300000
chr2_4,chr2,500000,400000
chr2_5,chr2,600000,500000
chr2_6,chr2,700000,600000
chr2_7,chr2,800000,700000
chr2_8,chr2,900000,800000
chr2_9,chr2,1000000,900000
chr2_10,chr2,1100000,1000000
chr2_11,chr2,1200000,1100000
chr2_12,chr2,1300000,1200000
chr2_13,chr2,1400000,1300000
chr2_14,chr2,1500000,1400000
chr2_15,chr2,1600000,1500000
chr2_16,chr2,1700000,1600000
chr2_17,chr2,1800000,1700000
chr2_18,chr2,1900000,1800000
chr2_19,chr2,2000000,1900000
chr2_20,chr2,2100000,2000000
chr2_21,chr2,2200000,2100000
chr2_22,chr2,2300000,2200000
chr2_23,chr2,2400000,2300000
chr2_24,chr2,2500000,2400000
chr2_25,chr2,2600000,2500000
chr2_26,chr2,2700000,2600000
chr2_27,chr2,2800000,2700000
chr2_28,chr2,2900000,2800000
chr2_29,chr2,3000000,2900000
chr2_30,chr2,3100000,3000000
chr2_31,chr2,3200000,3100000
chr2_32,chr2,3300000,3200000
chr2_33,chr2,3400000,3300000
chr2_34,chr2,3500000,3400000
chr2_35,chr2,3600000,3500000
chr2_36,chr2,3700000,3600000
chr2_37,chr2,3800000,3700000
chr2_38,chr2,3900000,3800000
chr2_39,chr2,4000000,3900000
chr2_40,chr2,4100000,4000000
chr2_41,chr2,4200000,4100000
chr2_42,chr2,4300000,4200000
chr2_43,chr2,4400000,4300000
chr2_44,chr2,4500000,4400000
chr2_45,chr2,4600000,4500000
chr2_46,chr2,4700000,4600000
chr2_47,chr2,4800000,4700000
chr2_48,chr2,4900000,4800000
chr2_49,chr2,5000000,4900000
chr2_50,chr2,5100000,5000000
chr2_51,chr2,5200000,5100000
chr2_52,chr2,5300000,5200000
chr2_53,chr2,5400000,5300000
chr2_54,chr2,5500000,5400000
chr2_55,chr2,5600000,5500000
chr2_56,chr2,5700000,5600000
chr2_57,chr2,5800000,5700000
chr2_58,chr2,5900000,5800000
chr2_59,chr2,6000000,5900000
chr2_60,chr2,6100000,6000000
chr2_61,chr2,6200000,6100000
chr2_62,chr2,6300000,6200000
chr2_63,chr2,6400000,6300000
chr2_64,chr2,6500000,6400000
chr2_65,chr2,6600000,6500000
chr2_66,chr2,6700000,6600000
chr2_67,chr2,6800000,6700000
chr2_68,chr2,6900000,6800000
chr2_69,chr2,7000000,6900000
chr2_70,chr2,7100000,7000000
chr2_71,chr2,7200000,7100000
chr2_72,chr2,7300000,7200000
chr2_73,chr2,7400000,7300000
chr2_74,chr2,7500000,7400000
chr2_75,chr2,7600000,7500000
chr2_76,chr2,7700000,7600000
chr2_77,chr2,7800000,7700000
chr2_78,chr2,7900000,7800000
chr2_79,chr2,8000000,7900000
chr2_80,chr2,8100000,8000000
chr2_81,chr2,8200000,8100000
chr2_82,chr2,8300000,8200000
chr2_83,chr2,8400000,8300000
chr2_84,chr2,8500000,8400000
chr2_85,chr2,8600000,8500000
chr2_86,chr2,8700000,8600000
chr2_87,chr2,8800000,8700000
chr2_88,chr2,8900000,8800000
chr2_89,chr2,9000000,8900000
chr2_90,chr2,9100000,9000000
chr2_91,chr2,9200000,9100000
chr2_92,chr2,9300000,9200000
chr2_93,chr2,9400000,9300000
chr2_94,chr2,9500000,9400000
chr2_95,chr2,9600000,9500000
chr2_96,chr2,9700000,9600000
chr2_97,chr2,9800000,9700000
chr2_98,chr2,9900000,9800000
chr2_99,chr2,10000000,9900000
chr2_100,chr2,10100000,10000000
chr2_101,chr2,10200000,10100000
chr2_102,chr2,10300000,10200000
chr2_103,chr2,10400000,10300000
chr2_104,chr2,10500000,10400000
chr2_105,chr2,10600000,10500000
chr2_106,chr2,10700000,10600000
chr2_107,chr2,10800000,10700000
chr2_108,chr2,10900000,10800000
chr2_109,chr2,11000000,10900000
chr2_110,chr2,11100000,11000000
chr2_111,chr2,11200000,11100000
chr2_112,chr2,11300000,11200000
chr2_113,chr2,11400000,11300000
chr2_114,chr2,11500000,11400000
chr2_115,chr2,11600000,11500000
chr2_116,chr2,11700000,11600000
chr2_117,chr2,11800000,11700000
chr2_118,chr2,11900000,11800000
chr2_119,chr2,12000000,11900000
chr2_120,chr2,12100000,12000000
chr2_121,chr2,12200000,12100000
chr2_122,chr2,12300000,12200000
chr2_123,chr2,12400000,12300000
chr2_124,chr2,12500000,12400000
chr2_125,chr2,12600000,12500000
chr2_126,chr2,12700000,12600000
chr2_127,chr2,12800000,12700000
chr2_128,chr2,12900000,12800000
chr2_129,chr2,13000000,12900000
chr2_130,chr2,13100000,13000000
chr2_131,chr2,13200000,13100000
chr2_132,chr2,13300000,13200000
chr2_133,chr2,13400000,13300000
chr2_134,chr2,13500000,13400000
chr2_135,chr2,13600000,13500000
chr2_136,chr2,13700000,13600000
chr2_137,chr2,13800000,13700000
chr2_138,chr2,13900000,13800000
chr2_139,chr2,14000000,13900000
chr2_140,chr2,14100000,14000000
chr2_141,chr2,14200000,14100000
chr2_142,chr2,14300000,14200000
chr2_143,chr2,14400000,14300000
chr2_144,chr2,14500000,14400000
chr2_145,chr2,14600000,14500000
chr2_146,chr2,14700000,14600000
chr2_147,chr2,14800000,14700000
chr2_148,chr2,14900000,14800000
chr2_149,chr2,15000000,14900000
chr2_150,chr2,15100000,15000000
chr2_151,chr2,15200000,15100000
chr2_152,chr2,15300000,15200000
chr2_153,chr2,15400000,15300000
chr2_154,chr2,15500000,15400000
chr2_155,chr2,15600000,15500000
chr2_156,chr2,15700000,15600000
chr2_157,chr2,15800000,15700000
chr2_158,chr2,15900000,15800000
chr2_159,chr2,16000000,15900000
chr2_160,chr2,16100000,16000000
chr2_161,chr2,16200000,16100000
chr2_162,chr2,16300000,16200000
chr2_163,chr2,16400000,16300000
chr2_164,chr2,16500000,16400000
chr2_165,chr2,16600000,16500000
chr2_166,chr2,16700000,16600000
chr2_167,chr2,16800000,16700000
chr2_168,chr2,16900000,16800000
chr2_169,chr2,17000000,16900000
chr2_170,chr2,17100000,17000000
chr2_171,chr2,17200000,17100000
chr2_172,chr2,17300000,17200000
chr2_173,chr2,17400000,17300000
chr2_174,chr2,17500000,17400000
chr2_175,chr2,17600000,17500000
chr2_176,chr2,17700000,17600000
chr2_177,chr2,17800000,17700000
chr2_178,chr2,17900000,17800000
chr2_179,chr2,18000000,17900000
chr2_180,chr2,18100000,18000000
chr2_181,chr2,18200000,18100000
chr2_182,chr2,18300000,18200000
chr2_183,chr2,18400000,18300000
chr2_184,chr2,18500000,18400000
chr2_185,chr2,18600000,18500000
chr2_186,chr2,18700000,18600000
chr2_187,chr2,18800000,18700000
chr2_188,chr2,18900000,18800000
chr2_189,chr2,19000000,18900000
chr2_190,chr2,19100000,19000000
chr2_191,chr2,19200000,19100000
chr2_192,chr2,19300000,19200000
chr2_193,chr2,19400000,19300000
chr2_194,chr2,19500000,19400000
chr2_195,chr2,19600000,19500000
chr2_196,chr2,19700000,19600000
chr2_197,chr2,19800000,19700000
chr2_198,chr2,19900000,19800000
chr2_199,chr2,20000000,19900000
chr2_200,chr2,20100000,20000000
chr2_201,chr2,20200000,20100000
chr2_202,chr2,20300000,20200000
chr2_203,chr2,20400000,20300000
chr2_204,chr2,20500000,20400000
chr2_205,chr2,20600000,20500000
chr2_206,chr2,20700000,20600000
chr2_207,chr2,20800000,20700000
chr2_208,chr2,20900000,20800000
chr2_209,chr2,21000000,20900000
chr2_210,chr2,21100000,21000000
chr2_211,chr2,21200000,21100000
chr2_212,chr2,21300000,21200000
chr2_213,chr2,21400000,21300000
chr2_214,chr2,21500000,21400000
chr2_215,chr2,21600000,21500000
chr2_216,chr2,21700000,21600000
chr2_217,chr2,21800000,21700000
chr2_218,chr2,21900000,21800000
chr2_219,chr2,22000000,21900000
chr2_220,chr2,22100000,22000000
chr2_221,chr2,22200000,22100000
chr2_222,chr2,22300000,22200000
chr2_223,chr2,22400000,22300000
chr2_224,chr2,22500000,22400000
chr2_225,chr2,22600000,22500000
chr2_226,chr2,22700000,22600000
chr2_227,chr2,22800000,22700000
chr2_228,chr2,22900000,22800000
chr2_229,chr2,23000000,22900000
chr2_230,chr2,23100000,23000000
chr2_231,chr2,23200000,23100000
chr2_232,chr2,23300000,23200000
chr2_233,chr2,23400000,23300000
chr2_234,chr2,23500000,23400000
chr2_235,chr2,23600000,23500000
chr2_236,chr2,23700000,23600000
chr2_237,chr2,23800000,23700000
chr2_238,chr2,23900000,23800000
chr2_239,chr2,24000000,23900000
chr2_240,chr2,24100000,24000000
chr2_241,chr2,24200000,24100000
chr2_242,chr2,24300000,24200000
chr2_243,chr2,24400000,24300000
chr2_244,chr2,24500000,24400000
chr2_245,chr2,24600000,24500000
chr2_246,chr2,24700000,24600000
chr2_247,chr2,24800000,24700000
chr2_248,chr2,24900000,24800000
chr2_249,chr2,25000000,24900000
chr2_250,chr2,25100000,25000000
chr2_251,chr2,25200000,25100000
chr2_252,chr2,25300000,25200000
chr2_253,chr2,25400000,25300000
chr2_254,chr2,25500000,25400000
chr2_255,chr2,25600000,25500000
chr2_256,chr2,25700000,25600000
chr2_257,chr2,25800000,25700000
chr2_258,chr2,25900000,25800000
chr2_259,chr2,26000000,25900000
chr2_260,chr2,26100000,26000000
chr2_261,chr2,26200000,26100000
chr2_262,chr2,26300000,26200000
chr2_263,chr2,26400000,26300000
chr2_264,chr2,26500000,26400000
chr2_265,chr2,26600000,26500000
chr2_266,chr2,26700000,26600000
chr2_267,chr2,26800000,26700000
chr2_268,chr2,26900000,26800000
chr2_269,chr2,27000000,26900000
chr2_270,chr2,27100000,27000000
chr2_271,chr2,27200000,27100000
chr2_272,chr2,27300000,27200000
chr2_273,chr2,27400000,27300000
chr2_274,chr2,27500000,27400000
chr2_275,chr2,27600000,27500000
chr2_276,chr2,27700000,27600000
chr2_277,chr2,27800000,27700000
chr2_278,chr2,27900000,27800000
chr2_279,chr2,28000000,27900000
chr2_280,chr2,28100000,28000000
chr2_281,chr2,28200000,28100000
chr2_282,chr2,28300000,28200000
chr2_283,chr2,28400000,28300000
chr2_284,chr2,28500000,28400000
chr2_285,chr2,28600000,28500000
chr2_286,chr2,28700000,28600000
chr2_287,chr2,28800000,28700000
chr2_288,chr2,28900000,28800000
chr2_289,chr2,29000000,28900000
chr2_290,chr2,29100000,29000000
chr2_291,chr2,29200000,29100000
chr2_292,chr2,29300000,29200000
chr2_293,chr2,29400000,29300000
chr2_294,chr2,29500000,29400000
chr2_295,chr2,29600000,29500000
chr2_296,chr2,29700000,29600000
chr2_297,chr2,29800000,29700000
chr2_298,chr2,29900000,29800000
chr2_299,chr2,30000000,29900000
chr2_300,chr2,30100000,30000000
chr2_301,chr2,30200000,30100000
chr2_302,chr2,30300000,30200000
chr2_303,chr2,30400000,30300000
chr2_304,chr2,30500000,30400000
chr2_305,chr2,30600000,30500000
chr2_306,chr2,30700000,30600000
chr2_307,chr2,30800000,30700000
chr2_308,chr2,30900000,30800000
chr2_309,chr2,31000000,30900000
chr2_310,chr2,31100000,31000000
chr2_311,chr2,31200000,31100000
chr2_312,chr2,31300000,31200000
chr2_313,chr2,31400000,31300000
chr2_314,chr2,31500000,31400000
chr2_315,chr2,31600000,31500000
chr2_316,chr2,31700000,31600000
chr2_317,chr2,31800000,31700000
chr2_318,chr2,31900000,31800000
chr2_319,chr2,32000000,31900000
chr2_320,chr2,32100000,32000000
chr2_321,chr2,32200000,32100000
chr2_322,chr2,32300000,32200000
chr2_323,chr2,32400000,32300000
chr2_324,chr2,32500000,32400000
chr2_325,chr2,32600000,32500000
chr2_326,chr2,32700000,32600000
chr2_327,chr2,32800000,32700000
chr2_328,chr2,32900000,32800000
chr2_329,chr2,33000000,32900000
chr2_330,chr2,33100000,33000000
chr2_331,chr2,33200000,33100000
chr2_332,chr2,33300000,33200000
chr2_333,chr2,33400000,33300000
chr2_334,chr2,33500000,33400000
chr2_335,chr2,33600000,33500000
chr2_336,chr2,33700000,33600000
chr2_337,chr2,33800000,33700000
chr2_338,chr2,33900000,33800000
chr2_339,chr2,34000000,33900000
chr2_340,chr2,34100000,34000000
chr2_341,chr2,34200000,34100000
chr2_342,chr2,34300000,34200000
chr2_343,chr2,34400000,34300000
chr2_344,chr2,34500000,34400000
chr2_345,chr2,34600000,34500000
chr2_346,chr2,34700000,34600000
chr2_347,chr2,34800000,34700000
chr2_348,chr2,34900000,34800000
chr2_349,chr2,35000000,34900000
chr2_350,chr2,35100000,35000000
chr2_351,chr2,35200000,35100000
chr2_352,chr2,35300000,35200000
chr2_353,chr2,35400000,35300000
chr2_354,chr2,35500000,35400000
chr2_355,chr2,35600000,35500000
chr2_356,chr2,35700000,35600000
chr2_357,chr2,35800000,35700000
chr2_358,chr2,35900000,35800000
chr2_359,chr2,36000000,35900000
chr2_360,chr2,36100000,36000000
chr2_361,chr2,36200000,36100000
chr2_362,chr2,36300000,36200000
chr2_363,chr2,36400000,36300000
chr2_364,chr2,36500000,36400000
chr2_365,chr2,36600000,36500000
chr2_366,chr2,36700000,36600000
chr2_367,chr2,36800000,36700000
chr2_368,chr2,36900000,36800000
chr2_369,chr2,37000000,36900000
chr2_370,chr2,37100000,37000000
chr2_371,chr2,37200000,37100000
chr2_372,chr2,37300000,37200000
chr2_373,chr2,37400000,37300000
chr2_374,chr2,37500000,37400000
chr2_375,chr2,37600000,37500000
chr2_376,chr2,37700000,37600000
chr2_377,chr2,37800000,37700000
chr2_378,chr2,37900000,37800000
chr2_379,chr2,38000000,37900000
chr2_380,chr2,38100000,38000000
chr2_381,chr2,38200000,38100000
chr2_382,chr2,38300000,38200000
chr2_383,chr2,38400000,38300000
chr2_384,chr2,38500000,38400000
chr2_385,chr2,38600000,38500000
chr2_386,chr2,38700000,38600000
chr2_387,chr2,38800000,38700000
chr2_388,chr2,38900000,38800000
chr2_389,chr2,39000000,38900000
chr2_390,chr2,39100000,39000000
chr2_391,chr2,39200000,39100000
chr2_392,chr2,39300000,39200000
chr2_393,chr2,39400000,39300000
chr2_394,chr2,39500000,39400000
chr2_395,chr2,39600000,39500000
chr2_396,chr2,39700000,39600000
chr2_397,chr2,39800000,39700000
chr2_398,chr2,39900000,39800000
chr2_399,chr2,40000000,39900000
chr2_400,chr2,40100000,40000000
chr2_401,chr2,40200000,40100000
chr2_402,chr2,40300000,40200000
chr2_403,chr2,40400000,40300000
chr2_404,chr2,40500000,40400000
chr2_405,chr2,40600000,40500000
chr2_406,chr2,40700000,40600000
chr2_407,chr2,40800000,40700000
chr2_408,chr2,40900000,40800000
chr2_409,chr2,41000000,40900000
chr2_410,chr2,41100000,41000000
chr2_411,chr2,41200000,41100000
chr2_412,chr2,41300000,41200000
chr2_413,chr2,41400000,41300000
chr2_414,chr2,41500000,41400000
chr2_415,chr2,41600000,41500000
chr2_416,chr2,41700000,41600000
chr2_417,chr2,41800000,41700000
chr2_418,chr2,41900000,41800000
chr2_419,chr2,42000000,41900000
chr2_420,chr2,42100000,42000000
chr2_421,chr2,42200000,42100000
chr2_422,chr2,42300000,42200000
chr2_423,chr2,42400000,42300000
chr2_424,chr2,42500000,42400000
chr2_425,chr2,42600000,42500000
chr2_426,chr2,42700000,42600000
chr2_427,chr2,42800000,42700000
chr2_428,chr2,42900000,42800000
chr2_429,chr2,43000000,42900000
chr2_430,chr2,43100000,43000000
chr2_431,chr2,43200000,43100000
chr2_432,chr2,43300000,43200000
chr2_433,chr2,43400000,43300000
chr2_434,chr2,43500000,43400000
chr2_435,chr2,43600000,43500000
chr2_436,chr2,43700000,43600000
chr2_437,chr2,43800000,43700000
chr2_438,chr2,43900000,43800000
chr2_439,chr2,44000000,43900000
chr2_440,chr2,44100000,44000000
chr2_441,chr2,44200000,44100000
chr2_442,chr2,44300000,44200000
chr2_443,chr2,44400000,44300000
chr2_444,chr2,44500000,44400000
chr2_445,chr2,44600000,44500000
chr2_446,chr2,44700000,44600000
chr2_447,chr2,44800000,44700000
chr2_448,chr2,44900000,44800000
chr2_449,chr2,45000000,44900000
chr2_450,chr2,45100000,45000000
chr2_451,chr2,45200000,45100000
chr2_452,chr2,45300000,45200000
chr2_453,chr2,45400000,45300000
chr2_454,chr2,45500000,45400000
chr2_455,chr2,45600000,45500000
chr2_456,chr2,45700000,45600000
chr2_457,chr2,45800000,45700000
chr2_458,chr2,45900000,45800000
chr2_459,chr2,46000000,45900000
chr2_460,chr2,46100000,46000000
chr2_461,chr2,46200000,46100000
chr2_462,chr2,46300000,46200000
chr2_463,chr2,46400000,46300000
chr2_464,chr2,46500000,46400000
chr2_465,chr2,46600000,46500000
chr2_466,chr2,46700000,46600000
chr2_467,chr2,46800000,46700000
chr2_468,chr2,46900000,46800000
chr2_469,chr2,47000000,46900000
chr2_470,chr2,47100000,47000000
chr2_471,chr2,47200000,47100000
chr2_472,chr2,47300000,47200000
chr2_473,chr2,47400000,47300000
chr2_474,chr2,47500000,47400000
chr2_475,chr2,47600000,47500000
chr2_476,chr2,47700000,47600000
chr2_477,chr2,47800000,47700000
chr2_478,chr2,47900000,47800000
chr2_479,chr2,48000000,47900000
chr2_480,chr2,48100000,48000000
chr2_481,chr2,48200000,48100000
chr2_482,chr2,48300000,48200000
chr2_483,chr2,48400000,48300000
chr2_484,chr2,48500000,48400000
chr2_485,chr2,48600000,48500000
chr2_486,chr2,48700000,48600000
chr2_487,chr2,48800000,48700000
chr2_488,chr2,48900000,48800000
chr2_489,chr2,49000000,48900000
chr2_490,chr2,49100000,49000000
chr2_491,chr2,49200000,49100000
chr2_492,chr2,49300000,49200000
chr2_493,chr2,49400000,49300000
chr2_494,chr2,49500000,49400000
chr2_495,chr2,49600000,49500000
chr2_496,chr2,49700000,49600000
chr2_497,chr2,49800000,49700000
chr2_498,chr2,49900000,49800000
chr2_499,chr2,50000000,49900000
chr2_500,chr2,50100000,50000000
chr2_501,chr2,50200000,50100000
chr2_502,chr2,50300000,50200000
chr2_503,chr2,50400000,50300000
chr2_504,chr2,50500000,50400000
chr2_505,chr2,50600000,50500000
chr2_506,chr2,50700000,50600000
chr2_507,chr2,50800000,50700000
chr2_508,chr2,50900000,50800000
chr2_509,chr2,51000000,50900000
chr2_510,chr2,51100000,51000000
chr2_511,chr2,51200000,51100000
chr2_512,chr2,51300000,51200000
chr2_513,chr2,51400000,51300000
chr2_514,chr2,51500000,51400000
chr2_515,chr2,51600000,51500000
chr2_516,chr2,51700000,51600000
chr2_517,chr2,51800000,51700000
chr2_518,chr2,51900000,51800000
chr2_519,chr2,52000000,51900000
chr2_520,chr2,52100000,52000000
chr2_521,chr2,52200000,52100000
chr2_522,chr2,52300000,52200000
chr2_523,chr2,52400000,52300000
chr2_524,chr2,52500000,52400000
chr2_525,chr2,52600000,52500000
chr2_526,chr2,52700000,52600000
chr2_527,chr2,52800000,52700000
chr2_528,chr2,52900000,52800000
chr2_529,chr2,53000000,52900000
chr2_530,chr2,53100000,53000000
chr2_531,chr2,53200000,53100000
chr2_532,chr2,53300000,53200000
chr2_533,chr2,53400000,53300000
chr2_534,chr2,53500000,53400000
chr2_535,chr2,53600000,53500000
chr2_536,chr2,53700000,53600000
chr2_537,chr2,53800000,53700000
chr2_538,chr2,53900000,53800000
chr2_539,chr2,54000000,53900000
chr2_540,chr2,54100000,54000000
chr2_541,chr2,54200000,54100000
chr2_542,chr2,54300000,54200000
chr2_543,chr2,54400000,54300000
chr2_544,chr2,54500000,54400000
chr2_545,chr2,54600000,54500000
chr2_546,chr2,54700000,54600000
chr2_547,chr2,54800000,54700000
chr2_548,chr2,54900000,54800000
chr2_549,chr2,55000000,54900000
chr2_550,chr2,55100000,55000000
chr2_551,chr2,55200000,55100000
chr2_552,chr2,55300000,55200000
chr2_553,chr2,55400000,55300000
chr2_554,chr2,55500000,55400000
chr2_555,chr2,55600000,55500000
chr2_556,chr2,55700000,55600000
chr2_557,chr2,55800000,55700000
chr2_558,chr2,55900000,55800000
chr2_559,chr2,56000000,55900000
chr2_560,chr2,56100000,56000000
chr2_561,chr2,56200000,56100000
chr2_562,chr2,56300000,56200000
chr2_563,chr2,56400000,56300000
chr2_564,chr2,56500000,56400000
chr2_565,chr2,56600000,56500000
chr2_566,chr2,56700000,56600000
chr2_567,chr2,56800000,56700000
chr2_568,chr2,56900000,56800000
chr2_569,chr2,57000000,56900000
chr2_570,chr2,57100000,57000000
chr2_571,chr2,57200000,57100000
chr2_572,chr2,57300000,57200000
chr2_573,chr2,57400000,57300000
chr2_574,chr2,57500000,57400000
chr2_575,chr2,57600000,57500000
chr2_576,chr2,57700000,57600000
chr2_577,chr2,57800000,57700000
chr2_578,chr2,57900000,57800000
chr2_579,chr2,58000000,57900000
chr2_580,chr2,58100000,58000000
chr2_581,chr2,58200000,58100000
chr2_582,chr2,58300000,58200000
chr2_583,chr2,58400000,58300000
chr2_584,chr2,58500000,58400000
chr2_585,chr2,58600000,58500000
chr2_586,chr2,58700000,58600000
chr2_587,chr2,58800000,58700000
chr2_588,chr2,58900000,58800000
chr2_589,chr2,59000000,58900000
chr2_590,chr2,59100000,59000000
chr2_591,chr2,59200000,59100000
chr2_592,chr2,59300000,59200000
chr2_593,chr2,59400000,59300000
chr2_594,chr2,59500000,59400000
chr2_595,chr2,59600000,59500000
chr2_596,chr2,59700000,59600000
chr2_597,chr2,59800000,59700000
chr2_598,chr2,59900000,59800000
chr2_599,chr2,60000000,59900000
chr2_600,chr2,60100000,60000000
chr2_601,chr2,60200000,60100000
chr2_602,chr2,60300000,60200000
chr2_603,chr2,60400000,60300000
chr2_604,chr2,60500000,60400000
chr2_605,chr2,60600000,60500000
chr2_606,chr2,60700000,60600000
chr2_607,chr2,60800000,60700000
chr2_608,chr2,60900000,60800000
chr2_609,chr2,61000000,60900000
chr2_610,chr2,61100000,61000000
chr2_611,chr2,61200000,61100000
chr2_612,chr2,61300000,61200000
chr2_613,chr2,61400000,61300000
chr2_614,chr2,61500000,61400000
chr2_615,chr2,61600000,61500000
chr2_616,chr2,61700000,61600000
chr2_617,chr2,61800000,61700000
chr2_618,chr2,61900000,61800000
chr2_619,chr2,62000000,61900000
chr2_620,chr2,62100000,62000000
chr2_621,chr2,62200000,62100000
chr2_622,chr2,62300000,62200000
chr2_623,chr2,62400000,62300000
chr2_624,chr2,62500000,62400000
chr2_625,chr2,62600000,62500000
chr2_626,chr2,62700000,62600000
chr2_627,chr2,62800000,62700000
chr2_628,chr2,62900000,62800000
chr2_629,chr2,63000000,62900000
chr2_630,chr2,63100000,63000000
chr2_631,chr2,63200000,63100000
chr2_632,chr2,63300000,63200000
chr2_633,chr2,63400000,63300000
chr2_634,chr2,63500000,63400000
chr2_635,chr2,63600000,63500000
chr2_636,chr2,63700000,63600000
chr2_637,chr2,63800000,63700000
chr2_638,chr2,63900000,63800000
chr2_639,chr2,64000000,63900000
chr2_640,chr2,64100000,64000000
chr2_641,chr2,64200000,64100000
chr2_642,chr2,64300000,64200000
chr2_643,chr2,64400000,64300000
chr2_644,chr2,64500000,64400000
chr2_645,chr2,64600000,64500000
chr2_646,chr2,64700000,64600000
chr2_647,chr2,64800000,64700000
chr2_648,chr2,64900000,64800000
chr2_649,chr2,65000000,64900000
chr2_650,chr2,65100000,65000000
chr2_651,chr2,65200000,65100000
chr2_652,chr2,65300000,65200000
chr2_653,chr2,65400000,65300000
chr2_654,chr2,65500000,65400000
chr2_655,chr2,65600000,65500000
chr2_656,chr2,65700000,65600000
chr2_657,chr2,65800000,65700000
chr2_658,chr2,65900000,65800000
chr2_659,chr2,66000000,65900000
chr2_660,chr2,66100000,66000000
chr2_661,chr2,66200000,66100000
chr2_662,chr2,66300000,66200000
chr2_663,chr2,66400000,66300000
chr2_664,chr2,66500000,66400000
chr2_665,chr2,66600000,66500000
chr2_666,chr2,66700000,66600000
chr2_667,chr2,66800000,66700000
chr2_668,chr2,66900000,66800000
chr2_669,chr2,67000000,66900000
chr2_670,chr2,67100000,67000000
chr2_671,chr2,67200000,67100000
chr2_672,chr2,67300000,67200000
chr2_673,chr2,67400000,67300000
chr2_674,chr2,67500000,67400000
chr2_675,chr2,67600000,67500000
chr2_676,chr2,67700000,67600000
chr2_677,chr2,67800000,67700000
chr2_678,chr2,67900000,67800000
chr2_679,chr2,68000000,67900000
chr2_680,chr2,68100000,68000000
chr2_681,chr2,68200000,68100000
chr2_682,chr2,68300000,68200000
chr2_683,chr2,68400000,68300000
chr2_684,chr2,68500000,68400000
chr2_685,chr2,68600000,68500000
chr2_686,chr2,68700000,68600000
chr2_687,chr2,68800000,68700000
chr2_688,chr2,68900000,68800000
chr2_689,chr2,69000000,68900000
chr2_690,chr2,69100000,69000000
chr2_691,chr2,69200000,69100000
chr2_692,chr2,69300000,69200000
chr2_693,chr2,69400000,69300000
chr2_694,chr2,69500000,69400000
chr2_695,chr2,69600000,69500000
chr2_696,chr2,69700000,69600000
chr2_697,chr2,69800000,69700000
chr2_698,chr2,69900000,69800000
chr2_699,chr2,70000000,69900000
chr2_700,chr2,70100000,70000000
chr2_701,chr2,70200000,70100000
chr2_702,chr2,70300000,70200000
chr2_703,chr2,70400000,70300000
chr2_704,chr2,70500000,70400000
chr2_705,chr2,70600000,70500000
chr2_706,chr2,70700000,70600000
chr2_707,chr2,70800000,70700000
chr2_708,chr2,70900000,70800000
chr2_709,chr2,71000000,70900000
chr2_710,chr2,71100000,71000000
chr2_711,chr2,71200000,71100000
chr2_712,chr2,71300000,71200000
chr2_713,chr2,71400000,71300000
chr2_714,chr2,71500000,71400000
chr2_715,chr2,71600000,71500000
chr2_716,chr2,71700000,71600000
chr2_717,chr2,71800000,71700000
chr2_718,chr2,71900000,71800000
chr2_719,chr2,72000000,71900000
chr2_720,chr2,72100000,72000000
chr2_721,chr2,72200000,72100000
chr2_722,chr2,72300000,72200000
chr2_723,chr2,72400000,72300000
chr2_724,chr2,72500000,72400000
chr2_725,chr2,72600000,72500000
chr2_726,chr2,72700000,72600000
chr2_727,chr2,72800000,72700000
chr2_728,chr2,72900000,72800000
chr2_729,chr2,73000000,72900000
chr2_730,chr2,73100000,73000000
chr2_731,chr2,73200000,73100000
chr2_732,chr2,73300000,73200000
chr2_733,chr2,73400000,73300000
chr2_734,chr2,73500000,73400000
chr2_735,chr2,73600000,73500000
chr2_736,chr2,73700000,73600000
chr2_737,chr2,73800000,73700000
chr2_738,chr2,73900000,73800000
chr2_739,chr2,74000000,73900000
chr2_740,chr2,74100000,74000000
chr2_741,chr2,74200000,74100000
chr2_742,chr2,74300000,74200000
chr2_743,chr2,74400000,74300000
chr2_744,chr2,74500000,74400000
chr2_745,chr2,74600000,74500000
chr2_746,chr2,74700000,74600000
chr2_747,chr2,74800000,74700000
chr2_748,chr2,74900000,74800000
chr2_749,chr2,75000000,74900000
chr2_750,chr2,75100000,75000000
chr2_751,chr2,75200000,75100000
chr2_752,chr2,75300000,75200000
chr2_753,chr2,75400000,75300000
chr2_754,chr2,75500000,75400000
chr2_755,chr2,75600000,75500000
chr2_756,chr2,75700000,75600000
chr2_757,chr2,75800000,75700000
chr2_758,chr2,75900000,75800000
chr2_759,chr2,76000000,75900000
chr2_760,chr2,76100000,76000000
chr2_761,chr2,76200000,76100000
chr2_762,chr2,76300000,76200000
chr2_763,chr2,76400000,76300000
chr2_764,chr2,76500000,76400000
chr2_765,chr2,76600000,76500000
chr2_766,chr2,76700000,76600000
chr2_767,chr2,76800000,76700000
chr2_768,chr2,76900000,76800000
chr2_769,chr2,77000000,76900000
chr2_770,chr2,77100000,77000000
chr2_771,chr2,77200000,77100000
chr2_772,chr2,77300000,77200000
chr2_773,chr2,77400000,77300000
chr2_774,chr2,77500000,77400000
chr2_775,chr2,77600000,77500000
chr2_776,chr2,77700000,77600000
chr2_777,chr2,77800000,77700000
chr2_778,chr2,77900000,77800000
chr2_779,chr2,78000000,77900000
chr2_780,chr2,78100000,78000000
chr2_781,chr2,78200000,78100000
chr2_782,chr2,78300000,78200000
chr2_783,chr2,78400000,78300000
chr2_784,chr2,78500000,78400000
chr2_785,chr2,78600000,78500000
chr2_786,chr2,78700000,78600000
chr2_787,chr2,78800000,78700000
chr2_788,chr2,78900000,78800000
chr2_789,chr2,79000000,78900000
chr2_790,chr2,79100000,79000000
chr2_791,chr2,79200000,79100000
chr2_792,chr2,79300000,79200000
chr2_793,chr2,79400000,79300000
chr2_794,chr2,79500000,79400000
chr2_795,chr2,79600000,79500000
chr2_796,chr2,79700000,79600000
chr2_797,chr2,79800000,79700000
chr2_798,chr2,79900000,79800000
chr2_799,chr2,80000000,79900000
chr2_800,chr2,80100000,80000000
chr2_801,chr2,80200000,80100000
chr2_802,chr2,80300000,80200000
chr2_803,chr2,80400000,80300000
chr2_804,chr2,80500000,80400000
chr2_805,chr2,80600000,80500000
chr2_806,chr2,80700000,80600000
chr2_807,chr2,80800000,80700000
chr2_808,chr2,80900000,80800000
chr2_809,chr2,81000000,80900000
chr2_810,chr2,81100000,81000000
chr2_811,chr2,81200000,81100000
chr2_812,chr2,81300000,81200000
chr2_813,chr2,81400000,81300000
chr2_814,chr2,81500000,81400000
chr2_815,chr2,81600000,81500000
chr2_816,chr2,81700000,81600000
chr2_817,chr2,81800000,81700000
chr2_818,chr2,81900000,81800000
chr2_819,chr2,82000000,81900000
chr2_820,chr2,82100000,82000000
chr2_821,chr2,82200000,82100000
chr2_822,chr2,82300000,82200000
chr2_823,chr2,82400000,82300000
chr2_824,chr2,82500000,82400000
chr2_825,chr2,82600000,82500000
chr2_826,chr2,82700000,82600000
chr2_827,chr2,82800000,82700000
chr2_828,chr2,82900000,82800000
chr2_829,chr2,83000000,82900000
chr2_830,chr2,83100000,83000000
chr2_831,chr2,83200000,83100000
chr2_832,chr2,83300000,83200000
chr2_833,chr2,83400000,83300000
chr2_834,chr2,83500000,83400000
chr2_835,chr2,83600000,83500000
chr2_836,chr2,83700000,83600000
chr2_837,chr2,83800000,83700000
chr2_838,chr2,83900000,83800000
chr2_839,chr2,84000000,83900000
chr2_840,chr2,84100000,84000000
chr2_841,chr2,84200000,84100000
chr2_842,chr2,84300000,84200000
chr2_843,chr2,84400000,84300000
chr2_844,chr2,84500000,84400000
chr2_845,chr2,84600000,84500000
chr2_846,chr2,84700000,84600000
chr2_847,chr2,84800000,84700000
chr2_848,chr2,84900000,84800000
chr2_849,chr2,85000000,84900000
chr2_850,chr2,85100000,85000000
chr2_851,chr2,85200000,85100000
chr2_852,chr2,85300000,85200000
chr2_853,chr2,85400000,85300000
chr2_854,chr2,85500000,85400000
chr2_855,chr2,85600000,85500000
chr2_856,chr2,85700000,85600000
chr2_857,chr2,85800000,85700000
chr2_858,chr2,85900000,85800000
chr2_859,chr2,86000000,85900000
chr2_860,chr2,86100000,86000000
chr2_861,chr2,86200000,86100000
chr2_862,chr2,86300000,86200000
chr2_863,chr2,86400000,86300000
chr2_864,chr2,86500000,86400000
chr2_865,chr2,86600000,86500000
chr2_866,chr2,86700000,86600000
chr2_867,chr2,86800000,86700000
chr2_868,chr2,86900000,86800000
chr2_869,chr2,87000000,86900000
chr2_870,chr2,87100000,87000000
chr2_871,chr2,87200000,87100000
chr2_872,chr2,87300000,87200000
chr2_873,chr2,87400000,87300000
chr2_874,chr2,87500000,87400000
chr2_875,chr2,87600000,87500000
chr2_876,chr2,87700000,87600000
chr2_877,chr2,87800000,87700000
chr2_878,chr2,87900000,87800000
chr2_879,chr2,88000000,87900000
chr2_880,chr2,88100000,88000000
chr2_881,chr2,88200000,88100000
chr2_882,chr2,88300000,88200000
chr2_883,chr2,88400000,88300000
chr2_884,chr2,88500000,88400000
chr2_885,chr2,88600000,88500000
chr2_886,chr2,88700000,88600000
chr2_887,chr2,88800000,88700000
chr2_888,chr2,88900000,88800000
chr2_889,chr2,89000000,88900000
chr2_890,chr2,89100000,89000000
chr2_891,chr2,89200000,89100000
chr2_892,chr2,89300000,89200000
chr2_893,chr2,89400000,89300000
chr2_894,chr2,89500000,89400000
chr2_895,chr2,89600000,89500000
chr2_896,chr2,89700000,89600000
chr2_897,chr2,89800000,89700000
chr2_898,chr2,89900000,89800000
chr2_899,chr2,90000000,89900000
chr2_900,chr2,90100000,90000000
chr2_901,chr2,90200000,90100000
chr2_902,chr2,90300000,90200000
chr2_903,chr2,90400000,90300000
chr2_904,chr2,90500000,90400000
chr2_905,chr2,90600000,90500000
chr2_906,chr2,90700000,90600000
chr2_907,chr2,90800000,90700000
chr2_908,chr2,90900000,90800000
chr2_909,chr2,91000000,90900000
chr2_910,chr2,91100000,91000000
chr2_911,chr2,91200000,91100000
chr2_912,chr2,91300000,91200000
chr2_913,chr2,91400000,91300000
chr2_914,chr2,91500000,91400000
chr2_915,chr2,91600000,91500000
chr2_916,chr2,91700000,91600000
chr2_917,chr2,91800000,91700000
chr2_918,chr2,91900000,91800000
chr2_919,chr2,92000000,91900000
chr2_920,chr2,92100000,92000000
chr2_921,chr2,92200000,92100000
chr2_922,chr2,92300000,92200000
chr2_923,chr2,92400000,92300000
chr2_924,chr2,92500000,92400000
chr2_925,chr2,92600000,92500000
chr2_926,chr2,92700000,92600000
chr2_927,chr2,92800000,92700000
chr2_928,chr2,92900000,92800000
chr2_929,chr2,93000000,92900000
chr2_930,chr2,93100000,93000000
chr2_931,chr2,93200000,93100000
chr2_932,chr2,93300000,93200000
chr2_933,chr2,93400000,93300000
chr2_934,chr2,93500000,93400000
chr2_935,chr2,93600000,93500000
chr2_936,chr2,93700000,93600000
chr2_937,chr2,93800000,93700000
chr2_938,chr2,93900000,93800000
chr2_939,chr2,94000000,93900000
chr2_940,chr2,94100000,94000000
chr2_941,chr2,94200000,94100000
chr2_942,chr2,94300000,94200000
chr2_943,chr2,94400000,94300000
chr2_944,chr2,94500000,94400000
chr2_945,chr2,94600000,94500000
chr2_946,chr2,94700000,94600000
chr2_947,chr2,94800000,94700000
chr2_948,chr2,94900000,94800000
chr2_949,chr2,95000000,94900000
chr2_950,chr2,95100000,95000000
chr2_951,chr2,95200000,95100000
chr2_952,chr2,95300000,95200000
chr2_953,chr2,95400000,95300000
chr2_954,chr2,95500000,95400000
chr2_955,chr2,95600000,95500000
chr2_956,chr2,95700000,95600000
chr2_957,chr2,95800000,95700000
chr2_958,chr2,95900000,95800000
chr2_959,chr2,96000000,95900000
chr2_960,chr2,96100000,96000000
chr2_961,chr2,96200000,96100000
chr2_962,chr2,96300000,96200000
chr2_963,chr2,96400000,96300000
chr2_964,chr2,96500000,96400000
chr2_965,chr2,96600000,96500000
chr2_966,chr2,96700000,96600000
chr2_967,chr2,96800000,96700000
chr2_968,chr2,96900000,96800000
chr2_969,chr2,97000000,96900000
chr2_970,chr2,97100000,97000000
chr2_971,chr2,97200000,97100000
chr2_972,chr2,97300000,97200000
chr2_973,chr2,97400000,97300000
chr2_974,chr2,97500000,97400000
chr2_975,chr2,97600000,97500000
chr2_976,chr2,97700000,97600000
chr2_977,chr2,97800000,97700000
chr2_978,chr2,97900000,97800000
chr2_979,chr2,98000000,97900000
chr2_980,chr2,98100000,98000000
chr2_981,chr2,98200000,98100000
chr2_982,chr2,98300000,98200000
chr2_983,chr2,98400000,98300000
chr2_984,chr2,98500000,98400000
chr2_985,chr2,98600000,98500000
chr2_986,chr2,98700000,98600000
chr2_987,chr2,98800000,98700000
chr2_988,chr2,98900000,98800000
chr2_989,chr2,99000000,98900000
chr2_990,chr2,99100000,99000000
chr2_991,chr2,99200000,99100000
chr2_992,chr2,99300000,99200000
chr2_993,chr2,99400000,99300000
chr2_994,chr2,99500000,99400000
chr2_995,chr2,99600000,99500000
chr2_996,chr2,99700000,99600000
chr2_997,chr2,99800000,99700000
chr2_998,chr2,99900000,99800000
chr2_999,chr2,100000000,99900000
chr2_1000,chr2,100100000,100000000
chr2_1001,chr2,100200000,100100000
chr2_1002,chr2,100300000,100200000
chr2_1003,chr2,100400000,100300000
chr2_1004,chr2,100500000,100400000
chr2_1005,chr2,100600000,100500000
chr2_1006,chr2,100700000,100600000
chr2_1007,chr2,100800000,100700000
chr2_1008,chr2,100900000,100800000
chr2_1009,chr2,101000000,100900000
chr2_1010,chr2,101100000,101000000
chr2_1011,chr2,101200000,101100000
chr2_1012,chr2,101300000,101200000
chr2_1013,chr2,101400000,101300000
chr2_1014,chr2,101500000,101400000
chr2_1015,chr2,101600000,101500000
chr2_1016,chr2,101700000,101600000
chr2_1017,chr2,101800000,101700000
chr2_1018,chr2,101900000,101800000
chr2_1019,chr2,102000000,101900000
chr2_1020,chr2,102100000,102000000
chr2_1021,chr2,102200000,102100000
chr2_1022,chr2,102300000,102200000
chr2_1023,chr2,102400000,102300000
chr2_1024,chr2,102500000,102400000
chr2_1025,chr2,102600000,102500000
chr2_1026,chr2,102700000,102600000
chr2_1027,chr2,102800000,102700000
chr2_1028,chr2,102900000,102800000
chr2_1029,chr2,103000000,102900000
chr2_1030,chr2,103100000,103000000
chr2_1031,chr2,103200000,103100000
chr2_1032,chr2,103300000,103200000
chr2_1033,chr2,103400000,103300000
chr2_1034,chr2,103500000,103400000
chr2_1035,chr2,103600000,103500000
chr2_1036,chr2,103700000,103600000
chr2_1037,chr2,103800000,103700000
chr2_1038,chr2,103900000,103800000
chr2_1039,chr2,104000000,103900000
chr2_1040,chr2,104100000,104000000
chr2_1041,chr2,104200000,104100000
chr2_1042,chr2,104300000,104200000
chr2_1043,chr2,104400000,104300000
chr2_1044,chr2,104500000,104400000
chr2_1045,chr2,104600000,104500000
chr2_1046,chr2,104700000,104600000
chr2_1047,chr2,104800000,104700000
chr2_1048,chr2,104900000,104800000
chr2_1049,chr2,105000000,104900000
chr2_1050,chr2,105100000,105000000
chr2_1051,chr2,105200000,105100000
chr2_1052,chr2,105300000,105200000
chr2_1053,chr2,105400000,105300000
chr2_1054,chr2,105500000,105400000
chr2_1055,chr2,105600000,105500000
chr2_1056,chr2,105700000,105600000
chr2_1057,chr2,105800000,105700000
chr2_1058,chr2,105900000,105800000
chr2_1059,chr2,106000000,105900000
chr2_1060,chr2,106100000,106000000
chr2_1061,chr2,106200000,106100000
chr2_1062,chr2,106300000,106200000
chr2_1063,chr2,106400000,106300000
chr2_1064,chr2,106500000,106400000
chr2_1065,chr2,106600000,106500000
chr2_1066,chr2,106700000,106600000
chr2_1067,chr2,106800000,106700000
chr2_1068,chr2,106900000,106800000
chr2_1069,chr2,107000000,106900000
chr2_1070,chr2,107100000,107000000
chr2_1071,chr2,107200000,107100000
chr2_1072,chr2,107300000,107200000
chr2_1073,chr2,107400000,107300000
chr2_1074,chr2,107500000,107400000
chr2_1075,chr2,107600000,107500000
chr2_1076,chr2,107700000,107600000
chr2_1077,chr2,107800000,107700000
chr2_1078,chr2,107900000,107800000
chr2_1079,chr2,108000000,107900000
chr2_1080,chr2,108100000,108000000
chr2_1081,chr2,108200000,108100000
chr2_1082,chr2,108300000,108200000
chr2_1083,chr2,108400000,108300000
chr2_1084,chr2,108500000,108400000
chr2_1085,chr2,108600000,108500000
chr2_1086,chr2,108700000,108600000
chr2_1087,chr2,108800000,108700000
chr2_1088,chr2,108900000,108800000
chr2_1089,chr2,109000000,108900000
chr2_1090,chr2,109100000,109000000
chr2_1091,chr2,109200000,109100000
chr2_1092,chr2,109300000,109200000
chr2_1093,chr2,109400000,109300000
chr2_1094,chr2,109500000,109400000
chr2_1095,chr2,109600000,109500000
chr2_1096,chr2,109700000,109600000
chr2_1097,chr2,109800000,109700000
chr2_1098,chr2,109900000,109800000
chr2_1099,chr2,110000000,109900000
chr2_1100,chr2,110100000,110000000
chr2_1101,chr2,110200000,110100000
chr2_1102,chr2,110300000,110200000
chr2_1103,chr2,110400000,110300000
chr2_1104,chr2,110500000,110400000
chr2_1105,chr2,110600000,110500000
chr2_1106,chr2,110700000,110600000
chr2_1107,chr2,110800000,110700000
chr2_1108,chr2,110900000,110800000
chr2_1109,chr2,111000000,110900000
chr2_1110,chr2,111100000,111000000
chr2_1111,chr2,111200000,111100000
chr2_1112,chr2,111300000,111200000
chr2_1113,chr2,111400000,111300000
chr2_1114,chr2,111500000,111400000
chr2_1115,chr2,111600000,111500000
chr2_1116,chr2,111700000,111600000
chr2_1117,chr2,111800000,111700000
chr2_1118,chr2,111900000,111800000
chr2_1119,chr2,112000000,111900000
chr2_1120,chr2,112100000,112000000
chr2_1121,chr2,112200000,112100000
chr2_1122,chr2,112300000,112200000
chr2_1123,chr2,112400000,112300000
chr2_1124,chr2,112500000,112400000
chr2_1125,chr2,112600000,112500000
chr2_1126,chr2,112700000,112600000
chr2_1127,chr2,112800000,112700000
chr2_1128,chr2,112900000,112800000
chr2_1129,chr2,113000000,112900000
chr2_1130,chr2,113100000,113000000
chr2_1131,chr2,113200000,113100000
chr2_1132,chr2,113300000,113200000
chr2_1133,chr2,113400000,113300000
chr2_1134,chr2,113500000,113400000
chr2_1135,chr2,113600000,113500000
chr2_1136,chr2,113700000,113600000
chr2_1137,chr2,113800000,113700000
chr2_1138,chr2,113900000,113800000
chr2_1139,chr2,114000000,113900000
chr2_1140,chr2,114100000,114000000
chr2_1141,chr2,114200000,114100000
chr2_1142,chr2,114300000,114200000
chr2_1143,chr2,114400000,114300000
chr2_1144,chr2,114500000,114400000
chr2_1145,chr2,114600000,114500000
chr2_1146,chr2,114700000,114600000
chr2_1147,chr2,114800000,114700000
chr2_1148,chr2,114900000,114800000
chr2_1149,chr2,115000000,114900000
chr2_1150,chr2,115100000,115000000
chr2_1151,chr2,115200000,115100000
chr2_1152,chr2,115300000,115200000
chr2_1153,chr2,115400000,115300000
chr2_1154,chr2,115500000,115400000
chr2_1155,chr2,115600000,115500000
chr2_1156,chr2,115700000,115600000
chr2_1157,chr2,115800000,115700000
chr2_1158,chr2,115900000,115800000
chr2_1159,chr2,116000000,115900000
chr2_1160,chr2,116100000,116000000
chr2_1161,chr2,116200000,116100000
chr2_1162,chr2,116300000,116200000
chr2_1163,chr2,116400000,116300000
chr2_1164,chr2,116500000,116400000
chr2_1165,chr2,116600000,116500000
chr2_1166,chr2,116700000,116600000
chr2_1167,chr2,116800000,116700000
chr2_1168,chr2,116900000,116800000
chr2_1169,chr2,117000000,116900000
chr2_1170,chr2,117100000,117000000
chr2_1171,chr2,117200000,117100000
chr2_1172,chr2,117300000,117200000
chr2_1173,chr2,117400000,117300000
chr2_1174,chr2,117500000,117400000
chr2_1175,chr2,117600000,117500000
chr2_1176,chr2,117700000,117600000
chr2_1177,chr2,117800000,117700000
chr2_1178,chr2,117900000,117800000
chr2_1179,chr2,118000000,117900000
chr2_1180,chr2,118100000,118000000
chr2_1181,chr2,118200000,118100000
chr2_1182,chr2,118300000,118200000
chr2_1183,chr2,118400000,118300000
chr2_1184,chr2,118500000,118400000
chr2_1185,chr2,118600000,118500000
chr2_1186,chr2,118700000,118600000
chr2_1187,chr2,118800000,118700000
chr2_1188,chr2,118900000,118800000
chr2_1189,chr2,119000000,118900000
chr2_1190,chr2,119100000,119000000
chr2_1191,chr2,119200000,119100000
chr2_1192,chr2,119300000,119200000
chr2_1193,chr2,119400000,119300000
chr2_1194,chr2,119500000,119400000
chr2_1195,chr2,119600000,119500000
chr2_1196,chr2,119700000,119600000
chr2_1197,chr2,119800000,119700000
chr2_1198,chr2,119900000,119800000
chr2_1199,chr2,120000000,119900000
chr2_1200,chr2,120100000,120000000
chr2_1201,chr2,120200000,120100000
chr2_1202,chr2,120300000,120200000
chr2_1203,chr2,120400000,120300000
chr2_1204,chr2,120500000,120400000
chr2_1205,chr2,120600000,120500000
chr2_1206,chr2,120700000,120600000
chr2_1207,chr2,120800000,120700000
chr2_1208,chr2,120900000,120800000
chr2_1209,chr2,121000000,120900000
chr2_1210,chr2,121100000,121000000
chr2_1211,chr2,121200000,121100000
chr2_1212,chr2,121300000,121200000
chr2_1213,chr2,121400000,121300000
chr2_1214,chr2,121500000,121400000
chr2_1215,chr2,121600000,121500000
chr2_1216,chr2,121700000,121600000
chr2_1217,chr2,121800000,121700000
chr2_1218,chr2,121900000,121800000
chr2_1219,chr2,122000000,121900000
chr2_1220,chr2,122100000,122000000
chr2_1221,chr2,122200000,122100000
chr2_1222,chr2,122300000,122200000
chr2_1223,chr2,122400000,122300000
chr2_1224,chr2,122500000,122400000
chr2_1225,chr2,122600000,122500000
chr2_1226,chr2,122700000,122600000
chr2_1227,chr2,122800000,122700000
chr2_1228,chr2,122900000,122800000
chr2_1229,chr2,123000000,122900000
chr2_1230,chr2,123100000,123000000
chr2_1231,chr2,123200000,123100000
chr2_1232,chr2,123300000,123200000
chr2_1233,chr2,123400000,123300000
chr2_1234,chr2,123500000,123400000
chr2_1235,chr2,123600000,123500000
chr2_1236,chr2,123700000,123600000
chr2_1237,chr2,123800000,123700000
chr2_1238,chr2,123900000,123800000
chr2_1239,chr2,124000000,123900000
chr2_1240,chr2,124100000,124000000
chr2_1241,chr2,124200000,124100000
chr2_1242,chr2,124300000,124200000
chr2_1243,chr2,124400000,124300000
chr2_1244,chr2,124500000,124400000
chr2_1245,chr2,124600000,124500000
chr2_1246,chr2,124700000,124600000
chr2_1247,chr2,124800000,124700000
chr2_1248,chr2,124900000,124800000
chr2_1249,chr2,125000000,124900000
chr2_1250,chr2,125100000,125000000
chr2_1251,chr2,125200000,125100000
chr2_1252,chr2,125300000,125200000
chr2_1253,chr2,125400000,125300000
chr2_1254,chr2,125500000,125400000
chr2_1255,chr2,125600000,125500000
chr2_1256,chr2,125700000,125600000
chr2_1257,chr2,125800000,125700000
chr2_1258,chr2,125900000,125800000
chr2_1259,chr2,126000000,125900000
chr2_1260,chr2,126100000,126000000
chr2_1261,chr2,126200000,126100000
chr2_1262,chr2,126300000,126200000
chr2_1263,chr2,126400000,126300000
chr2_1264,chr2,126500000,126400000
chr2_1265,chr2,126600000,126500000
chr2_1266,chr2,126700000,126600000
chr2_1267,chr2,126800000,126700000
chr2_1268,chr2,126900000,126800000
chr2_1269,chr2,127000000,126900000
chr2_1270,chr2,127100000,127000000
chr2_1271,chr2,127200000,127100000
chr2_1272,chr2,127300000,127200000
chr2_1273,chr2,127400000,127300000
chr2_1274,chr2,127500000,127400000
chr2_1275,chr2,127600000,127500000
chr2_1276,chr2,127700000,127600000
chr2_1277,chr2,127800000,127700000
chr2_1278,chr2,127900000,127800000
chr2_1279,chr2,128000000,127900000
chr2_1280,chr2,128100000,128000000
chr2_1281,chr2,128200000,128100000
chr2_1282,chr2,128300000,128200000
chr2_1283,chr2,128400000,128300000
chr2_1284,chr2,128500000,128400000
chr2_1285,chr2,128600000,128500000
chr2_1286,chr2,128700000,128600000
chr2_1287,chr2,128800000,128700000
chr2_1288,chr2,128900000,128800000
chr2_1289,chr2,129000000,128900000
chr2_1290,chr2,129100000,129000000
chr2_1291,chr2,129200000,129100000
chr2_1292,chr2,129300000,129200000
chr2_1293,chr2,129400000,129300000
chr2_1294,chr2,129500000,129400000
chr2_1295,chr2,129600000,129500000
chr2_1296,chr2,129700000,129600000
chr2_1297,chr2,129800000,129700000
chr2_1298,chr2,129900000,129800000
chr2_1299,chr2,130000000,129900000
chr2_1300,chr2,130100000,130000000
chr2_1301,chr2,130200000,130100000
chr2_1302,chr2,130300000,130200000
chr2_1303,chr2,130400000,130300000
chr2_1304,chr2,130500000,130400000
chr2_1305,chr2,130600000,130500000
chr2_1306,chr2,130700000,130600000
chr2_1307,chr2,130800000,130700000
chr2_1308,chr2,130900000,130800000
chr2_1309,chr2,131000000,130900000
chr2_1310,chr2,131100000,131000000
chr2_1311,chr2,131200000,131100000
chr2_1312,chr2,131300000,131200000
chr2_1313,chr2,131400000,131300000
chr2_1314,chr2,131500000,131400000
chr2_1315,chr2,131600000,131500000
chr2_1316,chr2,131700000,131600000
chr2_1317,chr2,131800000,131700000
chr2_1318,chr2,131900000,131800000
chr2_1319,chr2,132000000,131900000
chr2_1320,chr2,132100000,132000000
chr2_1321,chr2,132200000,132100000
chr2_1322,chr2,132300000,132200000
chr2_1323,chr2,132400000,132300000
chr2_1324,chr2,132500000,132400000
chr2_1325,chr2,132600000,132500000
chr2_1326,chr2,132700000,132600000
chr2_1327,chr2,132800000,132700000
chr2_1328,chr2,132900000,132800000
chr2_1329,chr2,133000000,132900000
chr2_1330,chr2,133100000,133000000
chr2_1331,chr2,133200000,133100000
chr2_1332,chr2,133300000,133200000
chr2_1333,chr2,133400000,133300000
chr2_1334,chr2,133500000,133400000
chr2_1335,chr2,133600000,133500000
chr2_1336,chr2,133700000,133600000
chr2_1337,chr2,133800000,133700000
chr2_1338,chr2,133900000,133800000
chr2_1339,chr2,134000000,133900000
chr2_1340,chr2,134100000,134000000
chr2_1341,chr2,134200000,134100000
chr2_1342,chr2,134300000,134200000
chr2_1343,chr2,134400000,134300000
chr2_1344,chr2,134500000,134400000
chr2_1345,chr2,134600000,134500000
chr2_1346,chr2,134700000,134600000
chr2_1347,chr2,134800000,134700000
chr2_1348,chr2,134900000,134800000
chr2_1349,chr2,135000000,134900000
chr2_1350,chr2,135100000,135000000
chr2_1351,chr2,135200000,135100000
chr2_1352,chr2,135300000,135200000
chr2_1353,chr2,135400000,135300000
chr2_1354,chr2,135500000,135400000
chr2_1355,chr2,135600000,135500000
chr2_1356,chr2,135700000,135600000
chr2_1357,chr2,135800000,135700000
chr2_1358,chr2,135900000,135800000
chr2_1359,chr2,136000000,135900000
chr2_1360,chr2,136100000,136000000
chr2_1361,chr2,136200000,136100000
chr2_1362,chr2,136300000,136200000
chr2_1363,chr2,136400000,136300000
chr2_1364,chr2,136500000,136400000
chr2_1365,chr2,136600000,136500000
chr2_1366,chr2,136700000,136600000
chr2_1367,chr2,136800000,136700000
chr2_1368,chr2,136900000,136800000
chr2_1369,chr2,137000000,136900000
chr2_1370,chr2,137100000,137000000
chr2_1371,chr2,137200000,137100000
chr2_1372,chr2,137300000,137200000
chr2_1373,chr2,137400000,137300000
chr2_1374,chr2,137500000,137400000
chr2_1375,chr2,137600000,137500000
chr2_1376,chr2,137700000,137600000
chr2_1377,chr2,137800000,137700000
chr2_1378,chr2,137900000,137800000
chr2_1379,chr2,138000000,137900000
chr2_1380,chr2,138100000,138000000
chr2_1381,chr2,138200000,138100000
chr2_1382,chr2,138300000,138200000
chr2_1383,chr2,138400000,138300000
chr2_1384,chr2,138500000,138400000
chr2_1385,chr2,138600000,138500000
chr2_1386,chr2,138700000,138600000
chr2_1387,chr2,138800000,138700000
chr2_1388,chr2,138900000,138800000
chr2_1389,chr2,139000000,138900000
chr2_1390,chr2,139100000,139000000
chr2_1391,chr2,139200000,139100000
chr2_1392,chr2,139300000,139200000
chr2_1393,chr2,139400000,139300000
chr2_1394,chr2,139500000,139400000
chr2_1395,chr2,139600000,139500000
chr2_1396,chr2,139700000,139600000
chr2_1397,chr2,139800000,139700000
chr2_1398,chr2,139900000,139800000
chr2_1399,chr2,140000000,139900000
chr2_1400,chr2,140100000,140000000
chr2_1401,chr2,140200000,140100000
chr2_1402,chr2,140300000,140200000
chr2_1403,chr2,140400000,140300000
chr2_1404,chr2,140500000,140400000
chr2_1405,chr2,140600000,140500000
chr2_1406,chr2,140700000,140600000
chr2_1407,chr2,140800000,140700000
chr2_1408,chr2,140900000,140800000
chr2_1409,chr2,141000000,140900000
chr2_1410,chr2,141100000,141000000
chr2_1411,chr2,141200000,141100000
chr2_1412,chr2,141300000,141200000
chr2_1413,chr2,141400000,141300000
chr2_1414,chr2,141500000,141400000
chr2_1415,chr2,141600000,141500000
chr2_1416,chr2,141700000,141600000
chr2_1417,chr2,141800000,141700000
chr2_1418,chr2,141900000,141800000
chr2_1419,chr2,142000000,141900000
chr2_1420,chr2,142100000,142000000
chr2_1421,chr2,142200000,142100000
chr2_1422,chr2,142300000,142200000
chr2_1423,chr2,142400000,142300000
chr2_1424,chr2,142500000,142400000
chr2_1425,chr2,142600000,142500000
chr2_1426,chr2,142700000,142600000
chr2_1427,chr2,142800000,142700000
chr2_1428,chr2,142900000,142800000
chr2_1429,chr2,143000000,142900000
chr2_1430,chr2,143100000,143000000
chr2_1431,chr2,143200000,143100000
chr2_1432,chr2,143300000,143200000
chr2_1433,chr2,143400000,143300000
chr2_1434,chr2,143500000,143400000
chr2_1435,chr2,143600000,143500000
chr2_1436,chr2,143700000,143600000
chr2_1437,chr2,143800000,143700000
chr2_1438,chr2,143900000,143800000
chr2_1439,chr2,144000000,143900000
chr2_1440,chr2,144100000,144000000
chr2_1441,chr2,144200000,144100000
chr2_1442,chr2,144300000,144200000
chr2_1443,chr2,144400000,144300000
chr2_1444,chr2,144500000,144400000
chr2_1445,chr2,144600000,144500000
chr2_1446,chr2,144700000,144600000
chr2_1447,chr2,144800000,144700000
chr2_1448,chr2,144900000,144800000
chr2_1449,chr2,145000000,144900000
chr2_1450,chr2,145100000,145000000
chr2_1451,chr2,145200000,145100000
chr2_1452,chr2,145300000,145200000
chr2_1453,chr2,145400000,145300000
chr2_1454,chr2,145500000,145400000
chr2_1455,chr2,145600000,145500000
chr2_1456,chr2,145700000,145600000
chr2_1457,chr2,145800000,145700000
chr2_1458,chr2,145900000,145800000
chr2_1459,chr2,146000000,145900000
chr2_1460,chr2,146100000,146000000
chr2_1461,chr2,146200000,146100000
chr2_1462,chr2,146300000,146200000
chr2_1463,chr2,146400000,146300000
chr2_1464,chr2,146500000,146400000
chr2_1465,chr2,146600000,146500000
chr2_1466,chr2,146700000,146600000
chr2_1467,chr2,146800000,146700000
chr2_1468,chr2,146900000,146800000
chr2_1469,chr2,147000000,146900000
chr2_1470,chr2,147100000,147000000
chr2_1471,chr2,147200000,147100000
chr2_1472,chr2,147300000,147200000
chr2_1473,chr2,147400000,147300000
chr2_1474,chr2,147500000,147400000
chr2_1475,chr2,147600000,147500000
chr2_1476,chr2,147700000,147600000
chr2_1477,chr2,147800000,147700000
chr2_1478,chr2,147900000,147800000
chr2_1479,chr2,148000000,147900000
chr2_1480,chr2,148100000,148000000
chr2_1481,chr2,148200000,148100000
chr2_1482,chr2,148300000,148200000
chr2_1483,chr2,148400000,148300000
chr2_1484,chr2,148500000,148400000
chr2_1485,chr2,148600000,148500000
chr2_1486,chr2,148700000,148600000
chr2_1487,chr2,148800000,148700000
chr2_1488,chr2,148900000,148800000
chr2_1489,chr2,149000000,148900000
chr2_1490,chr2,149100000,149000000
chr2_1491,chr2,149200000,149100000
chr2_1492,chr2,149300000,149200000
chr2_1493,chr2,149400000,149300000
chr2_1494,chr2,149500000,149400000
chr2_1495,chr2,149600000,149500000
chr2_1496,chr2,149700000,149600000
chr2_1497,chr2,149800000,149700000
chr2_1498,chr2,149900000,149800000
chr2_1499,chr2,150000000,149900000
chr2_1500,chr2,150100000,150000000
chr2_1501,chr2,150200000,150100000
chr2_1502,chr2,150300000,150200000
chr2_1503,chr2,150400000,150300000
chr2_1504,chr2,150500000,150400000
chr2_1505,chr2,150600000,150500000
chr2_1506,chr2,150700000,150600000
chr2_1507,chr2,150800000,150700000
chr2_1508,chr2,150900000,150800000
chr2_1509,chr2,151000000,150900000
chr2_1510,chr2,151100000,151000000
chr2_1511,chr2,151200000,151100000
chr2_1512,chr2,151300000,151200000
chr2_1513,chr2,151400000,151300000
chr2_1514,chr2,151500000,151400000
chr2_1515,chr2,151600000,151500000
chr2_1516,chr2,151700000,151600000
chr2_1517,chr2,151800000,151700000
chr2_1518,chr2,151900000,151800000
chr2_1519,chr2,152000000,151900000
chr2_1520,chr2,152100000,152000000
chr2_1521,chr2,152200000,152100000
chr2_1522,chr2,152300000,152200000
chr2_1523,chr2,152400000,152300000
chr2_1524,chr2,152500000,152400000
chr2_1525,chr2,152600000,152500000
chr2_1526,chr2,152700000,152600000
chr2_1527,chr2,152800000,152700000
chr2_1528,chr2,152900000,152800000
chr2_1529,chr2,153000000,152900000
chr2_1530,chr2,153100000,153000000
chr2_1531,chr2,153200000,153100000
chr2_1532,chr2,153300000,153200000
chr2_1533,chr2,153400000,153300000
chr2_1534,chr2,153500000,153400000
chr2_1535,chr2,153600000,153500000
chr2_1536,chr2,153700000,153600000
chr2_1537,chr2,153800000,153700000
chr2_1538,chr2,153900000,153800000
chr2_1539,chr2,154000000,153900000
chr2_1540,chr2,154100000,154000000
chr2_1541,chr2,154200000,154100000
chr2_1542,chr2,154300000,154200000
chr2_1543,chr2,154400000,154300000
chr2_1544,chr2,154500000,154400000
chr2_1545,chr2,154600000,154500000
chr2_1546,chr2,154700000,154600000
chr2_1547,chr2,154800000,154700000
chr2_1548,chr2,154900000,154800000
chr2_1549,chr2,155000000,154900000
chr2_1550,chr2,155100000,155000000
chr2_1551,chr2,155200000,155100000
chr2_1552,chr2,155300000,155200000
chr2_1553,chr2,155400000,155300000
chr2_1554,chr2,155500000,155400000
chr2_1555,chr2,155600000,155500000
chr2_1556,chr2,155700000,155600000
chr2_1557,chr2,155800000,155700000
chr2_1558,chr2,155900000,155800000
chr2_1559,chr2,156000000,155900000
chr2_1560,chr2,156100000,156000000
chr2_1561,chr2,156200000,156100000
chr2_1562,chr2,156300000,156200000
chr2_1563,chr2,156400000,156300000
chr2_1564,chr2,156500000,156400000
chr2_1565,chr2,156600000,156500000
chr2_1566,chr2,156700000,156600000
chr2_1567,chr2,156800000,156700000
chr2_1568,chr2,156900000,156800000
chr2_1569,chr2,157000000,156900000
chr2_1570,chr2,157100000,157000000
chr2_1571,chr2,157200000,157100000
chr2_1572,chr2,157300000,157200000
chr2_1573,chr2,157400000,157300000
chr2_1574,chr2,157500000,157400000
chr2_1575,chr2,157600000,157500000
chr2_1576,chr2,157700000,157600000
chr2_1577,chr2,157800000,157700000
chr2_1578,chr2,157900000,157800000
chr2_1579,chr2,158000000,157900000
chr2_1580,chr2,158100000,158000000
chr2_1581,chr2,158200000,158100000
chr2_1582,chr2,158300000,158200000
chr2_1583,chr2,158400000,158300000
chr2_1584,chr2,158500000,158400000
chr2_1585,chr2,158600000,158500000
chr2_1586,chr2,158700000,158600000
chr2_1587,chr2,158800000,158700000
chr2_1588,chr2,158900000,158800000
chr2_1589,chr2,159000000,158900000
chr2_1590,chr2,159100000,159000000
chr2_1591,chr2,159200000,159100000
chr2_1592,chr2,159300000,159200000
chr2_1593,chr2,159400000,159300000
chr2_1594,chr2,159500000,159400000
chr2_1595,chr2,159600000,159500000
chr2_1596,chr2,159700000,159600000
chr2_1597,chr2,159800000,159700000
chr2_1598,chr2,159900000,159800000
chr2_1599,chr2,160000000,159900000
chr2_1600,chr2,160100000,160000000
chr2_1601,chr2,160200000,160100000
chr2_1602,chr2,160300000,160200000
chr2_1603,chr2,160400000,160300000
chr2_1604,chr2,160500000,160400000
chr2_1605,chr2,160600000,160500000
chr2_1606,chr2,160700000,160600000
chr2_1607,chr2,160800000,160700000
chr2_1608,chr2,160900000,160800000
chr2_1609,chr2,161000000,160900000
chr2_1610,chr2,161100000,161000000
chr2_1611,chr2,161200000,161100000
chr2_1612,chr2,161300000,161200000
chr2_1613,chr2,161400000,161300000
chr2_1614,chr2,161500000,161400000
chr2_1615,chr2,161600000,161500000
chr2_1616,chr2,161700000,161600000
chr2_1617,chr2,161800000,161700000
chr2_1618,chr2,161900000,161800000
chr2_1619,chr2,162000000,161900000
chr2_1620,chr2,162100000,162000000
chr2_1621,chr2,162200000,162100000
chr2_1622,chr2,162300000,162200000
chr2_1623,chr2,162400000,162300000
chr2_1624,chr2,162500000,162400000
chr2_1625,chr2,162600000,162500000
chr2_1626,chr2,162700000,162600000
chr2_1627,chr2,162800000,162700000
chr2_1628,chr2,162900000,162800000
chr2_1629,chr2,163000000,162900000
chr2_1630,chr2,163100000,163000000
chr2_1631,chr2,163200000,163100000
chr2_1632,chr2,163300000,163200000
chr2_1633,chr2,163400000,163300000
chr2_1634,chr2,163500000,163400000
chr2_1635,chr2,163600000,163500000
chr2_1636,chr2,163700000,163600000
chr2_1637,chr2,163800000,163700000
chr2_1638,chr2,163900000,163800000
chr2_1639,chr2,164000000,163900000
chr2_1640,chr2,164100000,164000000
chr2_1641,chr2,164200000,164100000
chr2_1642,chr2,164300000,164200000
chr2_1643,chr2,164400000,164300000
chr2_1644,chr2,164500000,164400000
chr2_1645,chr2,164600000,164500000
chr2_1646,chr2,164700000,164600000
chr2_1647,chr2,164800000,164700000
chr2_1648,chr2,164900000,164800000
chr2_1649,chr2,165000000,164900000
chr2_1650,chr2,165100000,165000000
chr2_1651,chr2,165200000,165100000
chr2_1652,chr2,165300000,165200000
chr2_1653,chr2,165400000,165300000
chr2_1654,chr2,165500000,165400000
chr2_1655,chr2,165600000,165500000
chr2_1656,chr2,165700000,165600000
chr2_1657,chr2,165800000,165700000
chr2_1658,chr2,165900000,165800000
chr2_1659,chr2,166000000,165900000
chr2_1660,chr2,166100000,166000000
chr2_1661,chr2,166200000,166100000
chr2_1662,chr2,166300000,166200000
chr2_1663,chr2,166400000,166300000
chr2_1664,chr2,166500000,166400000
chr2_1665,chr2,166600000,166500000
chr2_1666,chr2,166700000,166600000
chr2_1667,chr2,166800000,166700000
chr2_1668,chr2,166900000,166800000
chr2_1669,chr2,167000000,166900000
chr2_1670,chr2,167100000,167000000
chr2_1671,chr2,167200000,167100000
chr2_1672,chr2,167300000,167200000
chr2_1673,chr2,167400000,167300000
chr2_1674,chr2,167500000,167400000
chr2_1675,chr2,167600000,167500000
chr2_1676,chr2,167700000,167600000
chr2_1677,chr2,167800000,167700000
chr2_1678,chr2,167900000,167800000
chr2_1679,chr2,168000000,167900000
chr2_1680,chr2,168100000,168000000
chr2_1681,chr2,168200000,168100000
chr2_1682,chr2,168300000,168200000
chr2_1683,chr2,168400000,168300000
chr2_1684,chr2,168500000,168400000
chr2_1685,chr2,168600000,168500000
chr2_1686,chr2,168700000,168600000
chr2_1687,chr2,168800000,168700000
chr2_1688,chr2,168900000,168800000
chr2_1689,chr2,169000000,168900000
chr2_1690,chr2,169100000,169000000
chr2_1691,chr2,169200000,169100000
chr2_1692,chr2,169300000,169200000
chr2_1693,chr2,169400000,169300000
chr2_1694,chr2,169500000,169400000
chr2_1695,chr2,169600000,169500000
chr2_1696,chr2,169700000,169600000
chr2_1697,chr2,169800000,169700000
chr2_1698,chr2,169900000,169800000
chr2_1699,chr2,170000000,169900000
chr2_1700,chr2,170100000,170000000
chr2_1701,chr2,170200000,170100000
chr2_1702,chr2,170300000,170200000
chr2_1703,chr2,170400000,170300000
chr2_1704,chr2,170500000,170400000
chr2_1705,chr2,170600000,170500000
chr2_1706,chr2,170700000,170600000
chr2_1707,chr2,170800000,170700000
chr2_1708,chr2,170900000,170800000
chr2_1709,chr2,171000000,170900000
chr2_1710,chr2,171100000,171000000
chr2_1711,chr2,171200000,171100000
chr2_1712,chr2,171300000,171200000
chr2_1713,chr2,171400000,171300000
chr2_1714,chr2,171500000,171400000
chr2_1715,chr2,171600000,171500000
chr2_1716,chr2,171700000,171600000
chr2_1717,chr2,171800000,171700000
chr2_1718,chr2,171900000,171800000
chr2_1719,chr2,172000000,171900000
chr2_1720,chr2,172100000,172000000
chr2_1721,chr2,172200000,172100000
chr2_1722,chr2,172300000,172200000
chr2_1723,chr2,172400000,172300000
chr2_1724,chr2,172500000,172400000
chr2_1725,chr2,172600000,172500000
chr2_1726,chr2,172700000,172600000
chr2_1727,chr2,172800000,172700000
chr2_1728,chr2,172900000,172800000
chr2_1729,chr2,173000000,172900000
chr2_1730,chr2,173100000,173000000
chr2_1731,chr2,173200000,173100000
chr2_1732,chr2,173300000,173200000
chr2_1733,chr2,173400000,173300000
chr2_1734,chr2,173500000,173400000
chr2_1735,chr2,173600000,173500000
chr2_1736,chr2,173700000,173600000
chr2_1737,chr2,173800000,173700000
chr2_1738,chr2,173900000,173800000
chr2_1739,chr2,174000000,173900000
chr2_1740,chr2,174100000,174000000
chr2_1741,chr2,174200000,174100000
chr2_1742,chr2,174300000,174200000
chr2_1743,chr2,174400000,174300000
chr2_1744,chr2,174500000,174400000
chr2_1745,chr2,174600000,174500000
chr2_1746,chr2,174700000,174600000
chr2_1747,chr2,174800000,174700000
chr2_1748,chr2,174900000,174800000
chr2_1749,chr2,175000000,174900000
chr2_1750,chr2,175100000,175000000
chr2_1751,chr2,175200000,175100000
chr2_1752,chr2,175300000,175200000
chr2_1753,chr2,175400000,175300000
chr2_1754,chr2,175500000,175400000
chr2_1755,chr2,175600000,175500000
chr2_1756,chr2,175700000,175600000
chr2_1757,chr2,175800000,175700000
chr2_1758,chr2,175900000,175800000
chr2_1759,chr2,176000000,175900000
chr2_1760,chr2,176100000,176000000
chr2_1761,chr2,176200000,176100000
chr2_1762,chr2,176300000,176200000
chr2_1763,chr2,176400000,176300000
chr2_1764,chr2,176500000,176400000
chr2_1765,chr2,176600000,176500000
chr2_1766,chr2,176700000,176600000
chr2_1767,chr2,176800000,176700000
chr2_1768,chr2,176900000,176800000
chr2_1769,chr2,177000000,176900000
chr2_1770,chr2,177100000,177000000
chr2_1771,chr2,177200000,177100000
chr2_1772,chr2,177300000,177200000
chr2_1773,chr2,177400000,177300000
chr2_1774,chr2,177500000,177400000
chr2_1775,chr2,177600000,177500000
chr2_1776,chr2,177700000,177600000
chr2_1777,chr2,177800000,177700000
chr2_1778,chr2,177900000,177800000
chr2_1779,chr2,178000000,177900000
chr2_1780,chr2,178100000,178000000
chr2_1781,chr2,178200000,178100000
chr2_1782,chr2,178300000,178200000
chr2_1783,chr2,178400000,178300000
chr2_1784,chr2,178500000,178400000
chr2_1785,chr2,178600000,178500000
chr2_1786,chr2,178700000,178600000
chr2_1787,chr2,178800000,178700000
chr2_1788,chr2,178900000,178800000
chr2_1789,chr2,179000000,178900000
chr2_1790,chr2,179100000,179000000
chr2_1791,chr2,179200000,179100000
chr2_1792,chr2,179300000,179200000
chr2_1793,chr2,179400000,179300000
chr2_1794,chr2,179500000,179400000
chr2_1795,chr2,179600000,179500000
chr2_1796,chr2,179700000,179600000
chr2_1797,chr2,179800000,179700000
chr2_1798,chr2,179900000,179800000
chr2_1799,chr2,180000000,179900000
chr2_1800,chr2,180100000,180000000
chr2_1801,chr2,180200000,180100000
chr2_1802,chr2,180300000,180200000
chr2_1803,chr2,180400000,180300000
chr2_1804,chr2,180500000,180400000
chr2_1805,chr2,180600000,180500000
chr2_1806,chr2,180700000,180600000
chr2_1807,chr2,180800000,180700000
chr2_1808,chr2,180900000,180800000
chr2_1809,chr2,181000000,180900000
chr2_1810,chr2,181100000,181000000
chr2_1811,chr2,181200000,181100000
chr2_1812,chr2,181300000,181200000
chr2_1813,chr2,181400000,181300000
chr2_1814,chr2,181500000,181400000
chr2_1815,chr2,181600000,181500000
chr2_1816,chr2,181700000,181600000
chr2_1817,chr2,181800000,181700000
chr2_1818,chr2,181900000,181800000
chr2_1819,chr2,182000000,181900000
chr2_1820,chr2,182100000,182000000
chr2_1821,chr2,182113224,182100000
chr3_0,chr3,100000,0
chr3_1,chr3,200000,100000
chr3_2,chr3,300000,200000
chr3_3,chr3,400000,300000
chr3_4,chr3,500000,400000
chr3_5,chr3,600000,500000
chr3_6,chr3,700000,600000
chr3_7,chr3,800000,700000
chr3_8,chr3,900000,800000
chr3_9,chr3,1000000,900000
chr3_10,chr3,1100000,1000000
chr3_11,chr3,1200000,1100000
chr3_12,chr3,1300000,1200000
chr3_13,chr3,1400000,1300000
chr3_14,chr3,1500000,1400000
chr3_15,chr3,1600000,1500000
chr3_16,chr3,1700000,1600000
chr3_17,chr3,1800000,1700000
chr3_18,chr3,1900000,1800000
chr3_19,chr3,2000000,1900000
chr3_20,chr3,2100000,2000000
chr3_21,chr3,2200000,2100000
chr3_22,chr3,2300000,2200000
chr3_23,chr3,2400000,2300000
chr3_24,chr3,2500000,2400000
chr3_25,chr3,2600000,2500000
chr3_26,chr3,2700000,2600000
chr3_27,chr3,2800000,2700000
chr3_28,chr3,2900000,2800000
chr3_29,chr3,3000000,2900000
chr3_30,chr3,3100000,3000000
chr3_31,chr3,3200000,3100000
chr3_32,chr3,3300000,3200000
chr3_33,chr3,3400000,3300000
chr3_34,chr3,3500000,3400000
chr3_35,chr3,3600000,3500000
chr3_36,chr3,3700000,3600000
chr3_37,chr3,3800000,3700000
chr3_38,chr3,3900000,3800000
chr3_39,chr3,4000000,3900000
chr3_40,chr3,4100000,4000000
chr3_41,chr3,4200000,4100000
chr3_42,chr3,4300000,4200000
chr3_43,chr3,4400000,4300000
chr3_44,chr3,4500000,4400000
chr3_45,chr3,4600000,4500000
chr3_46,chr3,4700000,4600000
chr3_47,chr3,4800000,4700000
chr3_48,chr3,4900000,4800000
chr3_49,chr3,5000000,4900000
chr3_50,chr3,5100000,5000000
chr3_51,chr3,5200000,5100000
chr3_52,chr3,5300000,5200000
chr3_53,chr3,5400000,5300000
chr3_54,chr3,5500000,5400000
chr3_55,chr3,5600000,5500000
chr3_56,chr3,5700000,5600000
chr3_57,chr3,5800000,5700000
chr3_58,chr3,5900000,5800000
chr3_59,chr3,6000000,5900000
chr3_60,chr3,6100000,6000000
chr3_61,chr3,6200000,6100000
chr3_62,chr3,6300000,6200000
chr3_63,chr3,6400000,6300000
chr3_64,chr3,6500000,6400000
chr3_65,chr3,6600000,6500000
chr3_66,chr3,6700000,6600000
chr3_67,chr3,6800000,6700000
chr3_68,chr3,6900000,6800000
chr3_69,chr3,7000000,6900000
chr3_70,chr3,7100000,7000000
chr3_71,chr3,7200000,7100000
chr3_72,chr3,7300000,7200000
chr3_73,chr3,7400000,7300000
chr3_74,chr3,7500000,7400000
chr3_75,chr3,7600000,7500000
chr3_76,chr3,7700000,7600000
chr3_77,chr3,7800000,7700000
chr3_78,chr3,7900000,7800000
chr3_79,chr3,8000000,7900000
chr3_80,chr3,8100000,8000000
chr3_81,chr3,8200000,8100000
chr3_82,chr3,8300000,8200000
chr3_83,chr3,8400000,8300000
chr3_84,chr3,8500000,8400000
chr3_85,chr3,8600000,8500000
chr3_86,chr3,8700000,8600000
chr3_87,chr3,8800000,8700000
chr3_88,chr3,8900000,8800000
chr3_89,chr3,9000000,8900000
chr3_90,chr3,9100000,9000000
chr3_91,chr3,9200000,9100000
chr3_92,chr3,9300000,9200000
chr3_93,chr3,9400000,9300000
chr3_94,chr3,9500000,9400000
chr3_95,chr3,9600000,9500000
chr3_96,chr3,9700000,9600000
chr3_97,chr3,9800000,9700000
chr3_98,chr3,9900000,9800000
chr3_99,chr3,10000000,9900000
chr3_100,chr3,10100000,10000000
chr3_101,chr3,10200000,10100000
chr3_102,chr3,10300000,10200000
chr3_103,chr3,10400000,10300000
chr3_104,chr3,10500000,10400000
chr3_105,chr3,10600000,10500000
chr3_106,chr3,10700000,10600000
chr3_107,chr3,10800000,10700000
chr3_108,chr3,10900000,10800000
chr3_109,chr3,11000000,10900000
chr3_110,chr3,11100000,11000000
chr3_111,chr3,11200000,11100000
chr3_112,chr3,11300000,11200000
chr3_113,chr3,11400000,11300000
chr3_114,chr3,11500000,11400000
chr3_115,chr3,11600000,11500000
chr3_116,chr3,11700000,11600000
chr3_117,chr3,11800000,11700000
chr3_118,chr3,11900000,11800000
chr3_119,chr3,12000000,11900000
chr3_120,chr3,12100000,12000000
chr3_121,chr3,12200000,12100000
chr3_122,chr3,12300000,12200000
chr3_123,chr3,12400000,12300000
chr3_124,chr3,12500000,12400000
chr3_125,chr3,12600000,12500000
chr3_126,chr3,12700000,12600000
chr3_127,chr3,12800000,12700000
chr3_128,chr3,12900000,12800000
chr3_129,chr3,13000000,12900000
chr3_130,chr3,13100000,13000000
chr3_131,chr3,13200000,13100000
chr3_132,chr3,13300000,13200000
chr3_133,chr3,13400000,13300000
chr3_134,chr3,13500000,13400000
chr3_135,chr3,13600000,13500000
chr3_136,chr3,13700000,13600000
chr3_137,chr3,13800000,13700000
chr3_138,chr3,13900000,13800000
chr3_139,chr3,14000000,13900000
chr3_140,chr3,14100000,14000000
chr3_141,chr3,14200000,14100000
chr3_142,chr3,14300000,14200000
chr3_143,chr3,14400000,14300000
chr3_144,chr3,14500000,14400000
chr3_145,chr3,14600000,14500000
chr3_146,chr3,14700000,14600000
chr3_147,chr3,14800000,14700000
chr3_148,chr3,14900000,14800000
chr3_149,chr3,15000000,14900000
chr3_150,chr3,15100000,15000000
chr3_151,chr3,15200000,15100000
chr3_152,chr3,15300000,15200000
chr3_153,chr3,15400000,15300000
chr3_154,chr3,15500000,15400000
chr3_155,chr3,15600000,15500000
chr3_156,chr3,15700000,15600000
chr3_157,chr3,15800000,15700000
chr3_158,chr3,15900000,15800000
chr3_159,chr3,16000000,15900000
chr3_160,chr3,16100000,16000000
chr3_161,chr3,16200000,16100000
chr3_162,chr3,16300000,16200000
chr3_163,chr3,16400000,16300000
chr3_164,chr3,16500000,16400000
chr3_165,chr3,16600000,16500000
chr3_166,chr3,16700000,16600000
chr3_167,chr3,16800000,16700000
chr3_168,chr3,16900000,16800000
chr3_169,chr3,17000000,16900000
chr3_170,chr3,17100000,17000000
chr3_171,chr3,17200000,17100000
chr3_172,chr3,17300000,17200000
chr3_173,chr3,17400000,17300000
chr3_174,chr3,17500000,17400000
chr3_175,chr3,17600000,17500000
chr3_176,chr3,17700000,17600000
chr3_177,chr3,17800000,17700000
chr3_178,chr3,17900000,17800000
chr3_179,chr3,18000000,17900000
chr3_180,chr3,18100000,18000000
chr3_181,chr3,18200000,18100000
chr3_182,chr3,18300000,18200000
chr3_183,chr3,18400000,18300000
chr3_184,chr3,18500000,18400000
chr3_185,chr3,18600000,18500000
chr3_186,chr3,18700000,18600000
chr3_187,chr3,18800000,18700000
chr3_188,chr3,18900000,18800000
chr3_189,chr3,19000000,18900000
chr3_190,chr3,19100000,19000000
chr3_191,chr3,19200000,19100000
chr3_192,chr3,19300000,19200000
chr3_193,chr3,19400000,19300000
chr3_194,chr3,19500000,19400000
chr3_195,chr3,19600000,19500000
chr3_196,chr3,19700000,19600000
chr3_197,chr3,19800000,19700000
chr3_198,chr3,19900000,19800000
chr3_199,chr3,20000000,19900000
chr3_200,chr3,20100000,20000000
chr3_201,chr3,20200000,20100000
chr3_202,chr3,20300000,20200000
chr3_203,chr3,20400000,20300000
chr3_204,chr3,20500000,20400000
chr3_205,chr3,20600000,20500000
chr3_206,chr3,20700000,20600000
chr3_207,chr3,20800000,20700000
chr3_208,chr3,20900000,20800000
chr3_209,chr3,21000000,20900000
chr3_210,chr3,21100000,21000000
chr3_211,chr3,21200000,21100000
chr3_212,chr3,21300000,21200000
chr3_213,chr3,21400000,21300000
chr3_214,chr3,21500000,21400000
chr3_215,chr3,21600000,21500000
chr3_216,chr3,21700000,21600000
chr3_217,chr3,21800000,21700000
chr3_218,chr3,21900000,21800000
chr3_219,chr3,22000000,21900000
chr3_220,chr3,22100000,22000000
chr3_221,chr3,22200000,22100000
chr3_222,chr3,22300000,22200000
chr3_223,chr3,22400000,22300000
chr3_224,chr3,22500000,22400000
chr3_225,chr3,22600000,22500000
chr3_226,chr3,22700000,22600000
chr3_227,chr3,22800000,22700000
chr3_228,chr3,22900000,22800000
chr3_229,chr3,23000000,22900000
chr3_230,chr3,23100000,23000000
chr3_231,chr3,23200000,23100000
chr3_232,chr3,23300000,23200000
chr3_233,chr3,23400000,23300000
chr3_234,chr3,23500000,23400000
chr3_235,chr3,23600000,23500000
chr3_236,chr3,23700000,23600000
chr3_237,chr3,23800000,23700000
chr3_238,chr3,23900000,23800000
chr3_239,chr3,24000000,23900000
chr3_240,chr3,24100000,24000000
chr3_241,chr3,24200000,24100000
chr3_242,chr3,24300000,24200000
chr3_243,chr3,24400000,24300000
chr3_244,chr3,24500000,24400000
chr3_245,chr3,24600000,24500000
chr3_246,chr3,24700000,24600000
chr3_247,chr3,24800000,24700000
chr3_248,chr3,24900000,24800000
chr3_249,chr3,25000000,24900000
chr3_250,chr3,25100000,25000000
chr3_251,chr3,25200000,25100000
chr3_252,chr3,25300000,25200000
chr3_253,chr3,25400000,25300000
chr3_254,chr3,25500000,25400000
chr3_255,chr3,25600000,25500000
chr3_256,chr3,25700000,25600000
chr3_257,chr3,25800000,25700000
chr3_258,chr3,25900000,25800000
chr3_259,chr3,26000000,25900000
chr3_260,chr3,26100000,26000000
chr3_261,chr3,26200000,26100000
chr3_262,chr3,26300000,26200000
chr3_263,chr3,26400000,26300000
chr3_264,chr3,26500000,26400000
chr3_265,chr3,26600000,26500000
chr3_266,chr3,26700000,26600000
chr3_267,chr3,26800000,26700000
chr3_268,chr3,26900000,26800000
chr3_269,chr3,27000000,26900000
chr3_270,chr3,27100000,27000000
chr3_271,chr3,27200000,27100000
chr3_272,chr3,27300000,27200000
chr3_273,chr3,27400000,27300000
chr3_274,chr3,27500000,27400000
chr3_275,chr3,27600000,27500000
chr3_276,chr3,27700000,27600000
chr3_277,chr3,27800000,27700000
chr3_278,chr3,27900000,27800000
chr3_279,chr3,28000000,27900000
chr3_280,chr3,28100000,28000000
chr3_281,chr3,28200000,28100000
chr3_282,chr3,28300000,28200000
chr3_283,chr3,28400000,28300000
chr3_284,chr3,28500000,28400000
chr3_285,chr3,28600000,28500000
chr3_286,chr3,28700000,28600000
chr3_287,chr3,28800000,28700000
chr3_288,chr3,28900000,28800000
chr3_289,chr3,29000000,28900000
chr3_290,chr3,29100000,29000000
chr3_291,chr3,29200000,29100000
chr3_292,chr3,29300000,29200000
chr3_293,chr3,29400000,29300000
chr3_294,chr3,29500000,29400000
chr3_295,chr3,29600000,29500000
chr3_296,chr3,29700000,29600000
chr3_297,chr3,29800000,29700000
chr3_298,chr3,29900000,29800000
chr3_299,chr3,30000000,29900000
chr3_300,chr3,30100000,30000000
chr3_301,chr3,30200000,30100000
chr3_302,chr3,30300000,30200000
chr3_303,chr3,30400000,30300000
chr3_304,chr3,30500000,30400000
chr3_305,chr3,30600000,30500000
chr3_306,chr3,30700000,30600000
chr3_307,chr3,30800000,30700000
chr3_308,chr3,30900000,30800000
chr3_309,chr3,31000000,30900000
chr3_310,chr3,31100000,31000000
chr3_311,chr3,31200000,31100000
chr3_312,chr3,31300000,31200000
chr3_313,chr3,31400000,31300000
chr3_314,chr3,31500000,31400000
chr3_315,chr3,31600000,31500000
chr3_316,chr3,31700000,31600000
chr3_317,chr3,31800000,31700000
chr3_318,chr3,31900000,31800000
chr3_319,chr3,32000000,31900000
chr3_320,chr3,32100000,32000000
chr3_321,chr3,32200000,32100000
chr3_322,chr3,32300000,32200000
chr3_323,chr3,32400000,32300000
chr3_324,chr3,32500000,32400000
chr3_325,chr3,32600000,32500000
chr3_326,chr3,32700000,32600000
chr3_327,chr3,32800000,32700000
chr3_328,chr3,32900000,32800000
chr3_329,chr3,33000000,32900000
chr3_330,chr3,33100000,33000000
chr3_331,chr3,33200000,33100000
chr3_332,chr3,33300000,33200000
chr3_333,chr3,33400000,33300000
chr3_334,chr3,33500000,33400000
chr3_335,chr3,33600000,33500000
chr3_336,chr3,33700000,33600000
chr3_337,chr3,33800000,33700000
chr3_338,chr3,33900000,33800000
chr3_339,chr3,34000000,33900000
chr3_340,chr3,34100000,34000000
chr3_341,chr3,34200000,34100000
chr3_342,chr3,34300000,34200000
chr3_343,chr3,34400000,34300000
chr3_344,chr3,34500000,34400000
chr3_345,chr3,34600000,34500000
chr3_346,chr3,34700000,34600000
chr3_347,chr3,34800000,34700000
chr3_348,chr3,34900000,34800000
chr3_349,chr3,35000000,34900000
chr3_350,chr3,35100000,35000000
chr3_351,chr3,35200000,35100000
chr3_352,chr3,35300000,35200000
chr3_353,chr3,35400000,35300000
chr3_354,chr3,35500000,35400000
chr3_355,chr3,35600000,35500000
chr3_356,chr3,35700000,35600000
chr3_357,chr3,35800000,35700000
chr3_358,chr3,35900000,35800000
chr3_359,chr3,36000000,35900000
chr3_360,chr3,36100000,36000000
chr3_361,chr3,36200000,36100000
chr3_362,chr3,36300000,36200000
chr3_363,chr3,36400000,36300000
chr3_364,chr3,36500000,36400000
chr3_365,chr3,36600000,36500000
chr3_366,chr3,36700000,36600000
chr3_367,chr3,36800000,36700000
chr3_368,chr3,36900000,36800000
chr3_369,chr3,37000000,36900000
chr3_370,chr3,37100000,37000000
chr3_371,chr3,37200000,37100000
chr3_372,chr3,37300000,37200000
chr3_373,chr3,37400000,37300000
chr3_374,chr3,37500000,37400000
chr3_375,chr3,37600000,37500000
chr3_376,chr3,37700000,37600000
chr3_377,chr3,37800000,37700000
chr3_378,chr3,37900000,37800000
chr3_379,chr3,38000000,37900000
chr3_380,chr3,38100000,38000000
chr3_381,chr3,38200000,38100000
chr3_382,chr3,38300000,38200000
chr3_383,chr3,38400000,38300000
chr3_384,chr3,38500000,38400000
chr3_385,chr3,38600000,38500000
chr3_386,chr3,38700000,38600000
chr3_387,chr3,38800000,38700000
chr3_388,chr3,38900000,38800000
chr3_389,chr3,39000000,38900000
chr3_390,chr3,39100000,39000000
chr3_391,chr3,39200000,39100000
chr3_392,chr3,39300000,39200000
chr3_393,chr3,39400000,39300000
chr3_394,chr3,39500000,39400000
chr3_395,chr3,39600000,39500000
chr3_396,chr3,39700000,39600000
chr3_397,chr3,39800000,39700000
chr3_398,chr3,39900000,39800000
chr3_399,chr3,40000000,39900000
chr3_400,chr3,40100000,40000000
chr3_401,chr3,40200000,40100000
chr3_402,chr3,40300000,40200000
chr3_403,chr3,40400000,40300000
chr3_404,chr3,40500000,40400000
chr3_405,chr3,40600000,40500000
chr3_406,chr3,40700000,40600000
chr3_407,chr3,40800000,40700000
chr3_408,chr3,40900000,40800000
chr3_409,chr3,41000000,40900000
chr3_410,chr3,41100000,41000000
chr3_411,chr3,41200000,41100000
chr3_412,chr3,41300000,41200000
chr3_413,chr3,41400000,41300000
chr3_414,chr3,41500000,41400000
chr3_415,chr3,41600000,41500000
chr3_416,chr3,41700000,41600000
chr3_417,chr3,41800000,41700000
chr3_418,chr3,41900000,41800000
chr3_419,chr3,42000000,41900000
chr3_420,chr3,42100000,42000000
chr3_421,chr3,42200000,42100000
chr3_422,chr3,42300000,42200000
chr3_423,chr3,42400000,42300000
chr3_424,chr3,42500000,42400000
chr3_425,chr3,42600000,42500000
chr3_426,chr3,42700000,42600000
chr3_427,chr3,42800000,42700000
chr3_428,chr3,42900000,42800000
chr3_429,chr3,43000000,42900000
chr3_430,chr3,43100000,43000000
chr3_431,chr3,43200000,43100000
chr3_432,chr3,43300000,43200000
chr3_433,chr3,43400000,43300000
chr3_434,chr3,43500000,43400000
chr3_435,chr3,43600000,43500000
chr3_436,chr3,43700000,43600000
chr3_437,chr3,43800000,43700000
chr3_438,chr3,43900000,43800000
chr3_439,chr3,44000000,43900000
chr3_440,chr3,44100000,44000000
chr3_441,chr3,44200000,44100000
chr3_442,chr3,44300000,44200000
chr3_443,chr3,44400000,44300000
chr3_444,chr3,44500000,44400000
chr3_445,chr3,44600000,44500000
chr3_446,chr3,44700000,44600000
chr3_447,chr3,44800000,44700000
chr3_448,chr3,44900000,44800000
chr3_449,chr3,45000000,44900000
chr3_450,chr3,45100000,45000000
chr3_451,chr3,45200000,45100000
chr3_452,chr3,45300000,45200000
chr3_453,chr3,45400000,45300000
chr3_454,chr3,45500000,45400000
chr3_455,chr3,45600000,45500000
chr3_456,chr3,45700000,45600000
chr3_457,chr3,45800000,45700000
chr3_458,chr3,45900000,45800000
chr3_459,chr3,46000000,45900000
chr3_460,chr3,46100000,46000000
chr3_461,chr3,46200000,46100000
chr3_462,chr3,46300000,46200000
chr3_463,chr3,46400000,46300000
chr3_464,chr3,46500000,46400000
chr3_465,chr3,46600000,46500000
chr3_466,chr3,46700000,46600000
chr3_467,chr3,46800000,46700000
chr3_468,chr3,46900000,46800000
chr3_469,chr3,47000000,46900000
chr3_470,chr3,47100000,47000000
chr3_471,chr3,47200000,47100000
chr3_472,chr3,47300000,47200000
chr3_473,chr3,47400000,47300000
chr3_474,chr3,47500000,47400000
chr3_475,chr3,47600000,47500000
chr3_476,chr3,47700000,47600000
chr3_477,chr3,47800000,47700000
chr3_478,chr3,47900000,47800000
chr3_479,chr3,48000000,47900000
chr3_480,chr3,48100000,48000000
chr3_481,chr3,48200000,48100000
chr3_482,chr3,48300000,48200000
chr3_483,chr3,48400000,48300000
chr3_484,chr3,48500000,48400000
chr3_485,chr3,48600000,48500000
chr3_486,chr3,48700000,48600000
chr3_487,chr3,48800000,48700000
chr3_488,chr3,48900000,48800000
chr3_489,chr3,49000000,48900000
chr3_490,chr3,49100000,49000000
chr3_491,chr3,49200000,49100000
chr3_492,chr3,49300000,49200000
chr3_493,chr3,49400000,49300000
chr3_494,chr3,49500000,49400000
chr3_495,chr3,49600000,49500000
chr3_496,chr3,49700000,49600000
chr3_497,chr3,49800000,49700000
chr3_498,chr3,49900000,49800000
chr3_499,chr3,50000000,49900000
chr3_500,chr3,50100000,50000000
chr3_501,chr3,50200000,50100000
chr3_502,chr3,50300000,50200000
chr3_503,chr3,50400000,50300000
chr3_504,chr3,50500000,50400000
chr3_505,chr3,50600000,50500000
chr3_506,chr3,50700000,50600000
chr3_507,chr3,50800000,50700000
chr3_508,chr3,50900000,50800000
chr3_509,chr3,51000000,50900000
chr3_510,chr3,51100000,51000000
chr3_511,chr3,51200000,51100000
chr3_512,chr3,51300000,51200000
chr3_513,chr3,51400000,51300000
chr3_514,chr3,51500000,51400000
chr3_515,chr3,51600000,51500000
chr3_516,chr3,51700000,51600000
chr3_517,chr3,51800000,51700000
chr3_518,chr3,51900000,51800000
chr3_519,chr3,52000000,51900000
chr3_520,chr3,52100000,52000000
chr3_521,chr3,52200000,52100000
chr3_522,chr3,52300000,52200000
chr3_523,chr3,52400000,52300000
chr3_524,chr3,52500000,52400000
chr3_525,chr3,52600000,52500000
chr3_526,chr3,52700000,52600000
chr3_527,chr3,52800000,52700000
chr3_528,chr3,52900000,52800000
chr3_529,chr3,53000000,52900000
chr3_530,chr3,53100000,53000000
chr3_531,chr3,53200000,53100000
chr3_532,chr3,53300000,53200000
chr3_533,chr3,53400000,53300000
chr3_534,chr3,53500000,53400000
chr3_535,chr3,53600000,53500000
chr3_536,chr3,53700000,53600000
chr3_537,chr3,53800000,53700000
chr3_538,chr3,53900000,53800000
chr3_539,chr3,54000000,53900000
chr3_540,chr3,54100000,54000000
chr3_541,chr3,54200000,54100000
chr3_542,chr3,54300000,54200000
chr3_543,chr3,54400000,54300000
chr3_544,chr3,54500000,54400000
chr3_545,chr3,54600000,54500000
chr3_546,chr3,54700000,54600000
chr3_547,chr3,54800000,54700000
chr3_548,chr3,54900000,54800000
chr3_549,chr3,55000000,54900000
chr3_550,chr3,55100000,55000000
chr3_551,chr3,55200000,55100000
chr3_552,chr3,55300000,55200000
chr3_553,chr3,55400000,55300000
chr3_554,chr3,55500000,55400000
chr3_555,chr3,55600000,55500000
chr3_556,chr3,55700000,55600000
chr3_557,chr3,55800000,55700000
chr3_558,chr3,55900000,55800000
chr3_559,chr3,56000000,55900000
chr3_560,chr3,56100000,56000000
chr3_561,chr3,56200000,56100000
chr3_562,chr3,56300000,56200000
chr3_563,chr3,56400000,56300000
chr3_564,chr3,56500000,56400000
chr3_565,chr3,56600000,56500000
chr3_566,chr3,56700000,56600000
chr3_567,chr3,56800000,56700000
chr3_568,chr3,56900000,56800000
chr3_569,chr3,57000000,56900000
chr3_570,chr3,57100000,57000000
chr3_571,chr3,57200000,57100000
chr3_572,chr3,57300000,57200000
chr3_573,chr3,57400000,57300000
chr3_574,chr3,57500000,57400000
chr3_575,chr3,57600000,57500000
chr3_576,chr3,57700000,57600000
chr3_577,chr3,57800000,57700000
chr3_578,chr3,57900000,57800000
chr3_579,chr3,58000000,57900000
chr3_580,chr3,58100000,58000000
chr3_581,chr3,58200000,58100000
chr3_582,chr3,58300000,58200000
chr3_583,chr3,58400000,58300000
chr3_584,chr3,58500000,58400000
chr3_585,chr3,58600000,58500000
chr3_586,chr3,58700000,58600000
chr3_587,chr3,58800000,58700000
chr3_588,chr3,58900000,58800000
chr3_589,chr3,59000000,58900000
chr3_590,chr3,59100000,59000000
chr3_591,chr3,59200000,59100000
chr3_592,chr3,59300000,59200000
chr3_593,chr3,59400000,59300000
chr3_594,chr3,59500000,59400000
chr3_595,chr3,59600000,59500000
chr3_596,chr3,59700000,59600000
chr3_597,chr3,59800000,59700000
chr3_598,chr3,59900000,59800000
chr3_599,chr3,60000000,59900000
chr3_600,chr3,60100000,60000000
chr3_601,chr3,60200000,60100000
chr3_602,chr3,60300000,60200000
chr3_603,chr3,60400000,60300000
chr3_604,chr3,60500000,60400000
chr3_605,chr3,60600000,60500000
chr3_606,chr3,60700000,60600000
chr3_607,chr3,60800000,60700000
chr3_608,chr3,60900000,60800000
chr3_609,chr3,61000000,60900000
chr3_610,chr3,61100000,61000000
chr3_611,chr3,61200000,61100000
chr3_612,chr3,61300000,61200000
chr3_613,chr3,61400000,61300000
chr3_614,chr3,61500000,61400000
chr3_615,chr3,61600000,61500000
chr3_616,chr3,61700000,61600000
chr3_617,chr3,61800000,61700000
chr3_618,chr3,61900000,61800000
chr3_619,chr3,62000000,61900000
chr3_620,chr3,62100000,62000000
chr3_621,chr3,62200000,62100000
chr3_622,chr3,62300000,62200000
chr3_623,chr3,62400000,62300000
chr3_624,chr3,62500000,62400000
chr3_625,chr3,62600000,62500000
chr3_626,chr3,62700000,62600000
chr3_627,chr3,62800000,62700000
chr3_628,chr3,62900000,62800000
chr3_629,chr3,63000000,62900000
chr3_630,chr3,63100000,63000000
chr3_631,chr3,63200000,63100000
chr3_632,chr3,63300000,63200000
chr3_633,chr3,63400000,63300000
chr3_634,chr3,63500000,63400000
chr3_635,chr3,63600000,63500000
chr3_636,chr3,63700000,63600000
chr3_637,chr3,63800000,63700000
chr3_638,chr3,63900000,63800000
chr3_639,chr3,64000000,63900000
chr3_640,chr3,64100000,64000000
chr3_641,chr3,64200000,64100000
chr3_642,chr3,64300000,64200000
chr3_643,chr3,64400000,64300000
chr3_644,chr3,64500000,64400000
chr3_645,chr3,64600000,64500000
chr3_646,chr3,64700000,64600000
chr3_647,chr3,64800000,64700000
chr3_648,chr3,64900000,64800000
chr3_649,chr3,65000000,64900000
chr3_650,chr3,65100000,65000000
chr3_651,chr3,65200000,65100000
chr3_652,chr3,65300000,65200000
chr3_653,chr3,65400000,65300000
chr3_654,chr3,65500000,65400000
chr3_655,chr3,65600000,65500000
chr3_656,chr3,65700000,65600000
chr3_657,chr3,65800000,65700000
chr3_658,chr3,65900000,65800000
chr3_659,chr3,66000000,65900000
chr3_660,chr3,66100000,66000000
chr3_661,chr3,66200000,66100000
chr3_662,chr3,66300000,66200000
chr3_663,chr3,66400000,66300000
chr3_664,chr3,66500000,66400000
chr3_665,chr3,66600000,66500000
chr3_666,chr3,66700000,66600000
chr3_667,chr3,66800000,66700000
chr3_668,chr3,66900000,66800000
chr3_669,chr3,67000000,66900000
chr3_670,chr3,67100000,67000000
chr3_671,chr3,67200000,67100000
chr3_672,chr3,67300000,67200000
chr3_673,chr3,67400000,67300000
chr3_674,chr3,67500000,67400000
chr3_675,chr3,67600000,67500000
chr3_676,chr3,67700000,67600000
chr3_677,chr3,67800000,67700000
chr3_678,chr3,67900000,67800000
chr3_679,chr3,68000000,67900000
chr3_680,chr3,68100000,68000000
chr3_681,chr3,68200000,68100000
chr3_682,chr3,68300000,68200000
chr3_683,chr3,68400000,68300000
chr3_684,chr3,68500000,68400000
chr3_685,chr3,68600000,68500000
chr3_686,chr3,68700000,68600000
chr3_687,chr3,68800000,68700000
chr3_688,chr3,68900000,68800000
chr3_689,chr3,69000000,68900000
chr3_690,chr3,69100000,69000000
chr3_691,chr3,69200000,69100000
chr3_692,chr3,69300000,69200000
chr3_693,chr3,69400000,69300000
chr3_694,chr3,69500000,69400000
chr3_695,chr3,69600000,69500000
chr3_696,chr3,69700000,69600000
chr3_697,chr3,69800000,69700000
chr3_698,chr3,69900000,69800000
chr3_699,chr3,70000000,69900000
chr3_700,chr3,70100000,70000000
chr3_701,chr3,70200000,70100000
chr3_702,chr3,70300000,70200000
chr3_703,chr3,70400000,70300000
chr3_704,chr3,70500000,70400000
chr3_705,chr3,70600000,70500000
chr3_706,chr3,70700000,70600000
chr3_707,chr3,70800000,70700000
chr3_708,chr3,70900000,70800000
chr3_709,chr3,71000000,70900000
chr3_710,chr3,71100000,71000000
chr3_711,chr3,71200000,71100000
chr3_712,chr3,71300000,71200000
chr3_713,chr3,71400000,71300000
chr3_714,chr3,71500000,71400000
chr3_715,chr3,71600000,71500000
chr3_716,chr3,71700000,71600000
chr3_717,chr3,71800000,71700000
chr3_718,chr3,71900000,71800000
chr3_719,chr3,72000000,71900000
chr3_720,chr3,72100000,72000000
chr3_721,chr3,72200000,72100000
chr3_722,chr3,72300000,72200000
chr3_723,chr3,72400000,72300000
chr3_724,chr3,72500000,72400000
chr3_725,chr3,72600000,72500000
chr3_726,chr3,72700000,72600000
chr3_727,chr3,72800000,72700000
chr3_728,chr3,72900000,72800000
chr3_729,chr3,73000000,72900000
chr3_730,chr3,73100000,73000000
chr3_731,chr3,73200000,73100000
chr3_732,chr3,73300000,73200000
chr3_733,chr3,73400000,73300000
chr3_734,chr3,73500000,73400000
chr3_735,chr3,73600000,73500000
chr3_736,chr3,73700000,73600000
chr3_737,chr3,73800000,73700000
chr3_738,chr3,73900000,73800000
chr3_739,chr3,74000000,73900000
chr3_740,chr3,74100000,74000000
chr3_741,chr3,74200000,74100000
chr3_742,chr3,74300000,74200000
chr3_743,chr3,74400000,74300000
chr3_744,chr3,74500000,74400000
chr3_745,chr3,74600000,74500000
chr3_746,chr3,74700000,74600000
chr3_747,chr3,74800000,74700000
chr3_748,chr3,74900000,74800000
chr3_749,chr3,75000000,74900000
chr3_750,chr3,75100000,75000000
chr3_751,chr3,75200000,75100000
chr3_752,chr3,75300000,75200000
chr3_753,chr3,75400000,75300000
chr3_754,chr3,75500000,75400000
chr3_755,chr3,75600000,75500000
chr3_756,chr3,75700000,75600000
chr3_757,chr3,75800000,75700000
chr3_758,chr3,75900000,75800000
chr3_759,chr3,76000000,75900000
chr3_760,chr3,76100000,76000000
chr3_761,chr3,76200000,76100000
chr3_762,chr3,76300000,76200000
chr3_763,chr3,76400000,76300000
chr3_764,chr3,76500000,76400000
chr3_765,chr3,76600000,76500000
chr3_766,chr3,76700000,76600000
chr3_767,chr3,76800000,76700000
chr3_768,chr3,76900000,76800000
chr3_769,chr3,77000000,76900000
chr3_770,chr3,77100000,77000000
chr3_771,chr3,77200000,77100000
chr3_772,chr3,77300000,77200000
chr3_773,chr3,77400000,77300000
chr3_774,chr3,77500000,77400000
chr3_775,chr3,77600000,77500000
chr3_776,chr3,77700000,77600000
chr3_777,chr3,77800000,77700000
chr3_778,chr3,77900000,77800000
chr3_779,chr3,78000000,77900000
chr3_780,chr3,78100000,78000000
chr3_781,chr3,78200000,78100000
chr3_782,chr3,78300000,78200000
chr3_783,chr3,78400000,78300000
chr3_784,chr3,78500000,78400000
chr3_785,chr3,78600000,78500000
chr3_786,chr3,78700000,78600000
chr3_787,chr3,78800000,78700000
chr3_788,chr3,78900000,78800000
chr3_789,chr3,79000000,78900000
chr3_790,chr3,79100000,79000000
chr3_791,chr3,79200000,79100000
chr3_792,chr3,79300000,79200000
chr3_793,chr3,79400000,79300000
chr3_794,chr3,79500000,79400000
chr3_795,chr3,79600000,79500000
chr3_796,chr3,79700000,79600000
chr3_797,chr3,79800000,79700000
chr3_798,chr3,79900000,79800000
chr3_799,chr3,80000000,79900000
chr3_800,chr3,80100000,80000000
chr3_801,chr3,80200000,80100000
chr3_802,chr3,80300000,80200000
chr3_803,chr3,80400000,80300000
chr3_804,chr3,80500000,80400000
chr3_805,chr3,80600000,80500000
chr3_806,chr3,80700000,80600000
chr3_807,chr3,80800000,80700000
chr3_808,chr3,80900000,80800000
chr3_809,chr3,81000000,80900000
chr3_810,chr3,81100000,81000000
chr3_811,chr3,81200000,81100000
chr3_812,chr3,81300000,81200000
chr3_813,chr3,81400000,81300000
chr3_814,chr3,81500000,81400000
chr3_815,chr3,81600000,81500000
chr3_816,chr3,81700000,81600000
chr3_817,chr3,81800000,81700000
chr3_818,chr3,81900000,81800000
chr3_819,chr3,82000000,81900000
chr3_820,chr3,82100000,82000000
chr3_821,chr3,82200000,82100000
chr3_822,chr3,82300000,82200000
chr3_823,chr3,82400000,82300000
chr3_824,chr3,82500000,82400000
chr3_825,chr3,82600000,82500000
chr3_826,chr3,82700000,82600000
chr3_827,chr3,82800000,82700000
chr3_828,chr3,82900000,82800000
chr3_829,chr3,83000000,82900000
chr3_830,chr3,83100000,83000000
chr3_831,chr3,83200000,83100000
chr3_832,chr3,83300000,83200000
chr3_833,chr3,83400000,83300000
chr3_834,chr3,83500000,83400000
chr3_835,chr3,83600000,83500000
chr3_836,chr3,83700000,83600000
chr3_837,chr3,83800000,83700000
chr3_838,chr3,83900000,83800000
chr3_839,chr3,84000000,83900000
chr3_840,chr3,84100000,84000000
chr3_841,chr3,84200000,84100000
chr3_842,chr3,84300000,84200000
chr3_843,chr3,84400000,84300000
chr3_844,chr3,84500000,84400000
chr3_845,chr3,84600000,84500000
chr3_846,chr3,84700000,84600000
chr3_847,chr3,84800000,84700000
chr3_848,chr3,84900000,84800000
chr3_849,chr3,85000000,84900000
chr3_850,chr3,85100000,85000000
chr3_851,chr3,85200000,85100000
chr3_852,chr3,85300000,85200000
chr3_853,chr3,85400000,85300000
chr3_854,chr3,85500000,85400000
chr3_855,chr3,85600000,85500000
chr3_856,chr3,85700000,85600000
chr3_857,chr3,85800000,85700000
chr3_858,chr3,85900000,85800000
chr3_859,chr3,86000000,85900000
chr3_860,chr3,86100000,86000000
chr3_861,chr3,86200000,86100000
chr3_862,chr3,86300000,86200000
chr3_863,chr3,86400000,86300000
chr3_864,chr3,86500000,86400000
chr3_865,chr3,86600000,86500000
chr3_866,chr3,86700000,86600000
chr3_867,chr3,86800000,86700000
chr3_868,chr3,86900000,86800000
chr3_869,chr3,87000000,86900000
chr3_870,chr3,87100000,87000000
chr3_871,chr3,87200000,87100000
chr3_872,chr3,87300000,87200000
chr3_873,chr3,87400000,87300000
chr3_874,chr3,87500000,87400000
chr3_875,chr3,87600000,87500000
chr3_876,chr3,87700000,87600000
chr3_877,chr3,87800000,87700000
chr3_878,chr3,87900000,87800000
chr3_879,chr3,88000000,87900000
chr3_880,chr3,88100000,88000000
chr3_881,chr3,88200000,88100000
chr3_882,chr3,88300000,88200000
chr3_883,chr3,88400000,88300000
chr3_884,chr3,88500000,88400000
chr3_885,chr3,88600000,88500000
chr3_886,chr3,88700000,88600000
chr3_887,chr3,88800000,88700000
chr3_888,chr3,88900000,88800000
chr3_889,chr3,89000000,88900000
chr3_890,chr3,89100000,89000000
chr3_891,chr3,89200000,89100000
chr3_892,chr3,89300000,89200000
chr3_893,chr3,89400000,89300000
chr3_894,chr3,89500000,89400000
chr3_895,chr3,89600000,89500000
chr3_896,chr3,89700000,89600000
chr3_897,chr3,89800000,89700000
chr3_898,chr3,89900000,89800000
chr3_899,chr3,90000000,89900000
chr3_900,chr3,90100000,90000000
chr3_901,chr3,90200000,90100000
chr3_902,chr3,90300000,90200000
chr3_903,chr3,90400000,90300000
chr3_904,chr3,90500000,90400000
chr3_905,chr3,90600000,90500000
chr3_906,chr3,90700000,90600000
chr3_907,chr3,90800000,90700000
chr3_908,chr3,90900000,90800000
chr3_909,chr3,91000000,90900000
chr3_910,chr3,91100000,91000000
chr3_911,chr3,91200000,91100000
chr3_912,chr3,91300000,91200000
chr3_913,chr3,91400000,91300000
chr3_914,chr3,91500000,91400000
chr3_915,chr3,91600000,91500000
chr3_916,chr3,91700000,91600000
chr3_917,chr3,91800000,91700000
chr3_918,chr3,91900000,91800000
chr3_919,chr3,92000000,91900000
chr3_920,chr3,92100000,92000000
chr3_921,chr3,92200000,92100000
chr3_922,chr3,92300000,92200000
chr3_923,chr3,92400000,92300000
chr3_924,chr3,92500000,92400000
chr3_925,chr3,92600000,92500000
chr3_926,chr3,92700000,92600000
chr3_927,chr3,92800000,92700000
chr3_928,chr3,92900000,92800000
chr3_929,chr3,93000000,92900000
chr3_930,chr3,93100000,93000000
chr3_931,chr3,93200000,93100000
chr3_932,chr3,93300000,93200000
chr3_933,chr3,93400000,93300000
chr3_934,chr3,93500000,93400000
chr3_935,chr3,93600000,93500000
chr3_936,chr3,93700000,93600000
chr3_937,chr3,93800000,93700000
chr3_938,chr3,93900000,93800000
chr3_939,chr3,94000000,93900000
chr3_940,chr3,94100000,94000000
chr3_941,chr3,94200000,94100000
chr3_942,chr3,94300000,94200000
chr3_943,chr3,94400000,94300000
chr3_944,chr3,94500000,94400000
chr3_945,chr3,94600000,94500000
chr3_946,chr3,94700000,94600000
chr3_947,chr3,94800000,94700000
chr3_948,chr3,94900000,94800000
chr3_949,chr3,95000000,94900000
chr3_950,chr3,95100000,95000000
chr3_951,chr3,95200000,95100000
chr3_952,chr3,95300000,95200000
chr3_953,chr3,95400000,95300000
chr3_954,chr3,95500000,95400000
chr3_955,chr3,95600000,95500000
chr3_956,chr3,95700000,95600000
chr3_957,chr3,95800000,95700000
chr3_958,chr3,95900000,95800000
chr3_959,chr3,96000000,95900000
chr3_960,chr3,96100000,96000000
chr3_961,chr3,96200000,96100000
chr3_962,chr3,96300000,96200000
chr3_963,chr3,96400000,96300000
chr3_964,chr3,96500000,96400000
chr3_965,chr3,96600000,96500000
chr3_966,chr3,96700000,96600000
chr3_967,chr3,96800000,96700000
chr3_968,chr3,96900000,96800000
chr3_969,chr3,97000000,96900000
chr3_970,chr3,97100000,97000000
chr3_971,chr3,97200000,97100000
chr3_972,chr3,97300000,97200000
chr3_973,chr3,97400000,97300000
chr3_974,chr3,97500000,97400000
chr3_975,chr3,97600000,97500000
chr3_976,chr3,97700000,97600000
chr3_977,chr3,97800000,97700000
chr3_978,chr3,97900000,97800000
chr3_979,chr3,98000000,97900000
chr3_980,chr3,98100000,98000000
chr3_981,chr3,98200000,98100000
chr3_982,chr3,98300000,98200000
chr3_983,chr3,98400000,98300000
chr3_984,chr3,98500000,98400000
chr3_985,chr3,98600000,98500000
chr3_986,chr3,98700000,98600000
chr3_987,chr3,98800000,98700000
chr3_988,chr3,98900000,98800000
chr3_989,chr3,99000000,98900000
chr3_990,chr3,99100000,99000000
chr3_991,chr3,99200000,99100000
chr3_992,chr3,99300000,99200000
chr3_993,chr3,99400000,99300000
chr3_994,chr3,99500000,99400000
chr3_995,chr3,99600000,99500000
chr3_996,chr3,99700000,99600000
chr3_997,chr3,99800000,99700000
chr3_998,chr3,99900000,99800000
chr3_999,chr3,100000000,99900000
chr3_1000,chr3,100100000,100000000
chr3_1001,chr3,100200000,100100000
chr3_1002,chr3,100300000,100200000
chr3_1003,chr3,100400000,100300000
chr3_1004,chr3,100500000,100400000
chr3_1005,chr3,100600000,100500000
chr3_1006,chr3,100700000,100600000
chr3_1007,chr3,100800000,100700000
chr3_1008,chr3,100900000,100800000
chr3_1009,chr3,101000000,100900000
chr3_1010,chr3,101100000,101000000
chr3_1011,chr3,101200000,101100000
chr3_1012,chr3,101300000,101200000
chr3_1013,chr3,101400000,101300000
chr3_1014,chr3,101500000,101400000
chr3_1015,chr3,101600000,101500000
chr3_1016,chr3,101700000,101600000
chr3_1017,chr3,101800000,101700000
chr3_1018,chr3,101900000,101800000
chr3_1019,chr3,102000000,101900000
chr3_1020,chr3,102100000,102000000
chr3_1021,chr3,102200000,102100000
chr3_1022,chr3,102300000,102200000
chr3_1023,chr3,102400000,102300000
chr3_1024,chr3,102500000,102400000
chr3_1025,chr3,102600000,102500000
chr3_1026,chr3,102700000,102600000
chr3_1027,chr3,102800000,102700000
chr3_1028,chr3,102900000,102800000
chr3_1029,chr3,103000000,102900000
chr3_1030,chr3,103100000,103000000
chr3_1031,chr3,103200000,103100000
chr3_1032,chr3,103300000,103200000
chr3_1033,chr3,103400000,103300000
chr3_1034,chr3,103500000,103400000
chr3_1035,chr3,103600000,103500000
chr3_1036,chr3,103700000,103600000
chr3_1037,chr3,103800000,103700000
chr3_1038,chr3,103900000,103800000
chr3_1039,chr3,104000000,103900000
chr3_1040,chr3,104100000,104000000
chr3_1041,chr3,104200000,104100000
chr3_1042,chr3,104300000,104200000
chr3_1043,chr3,104400000,104300000
chr3_1044,chr3,104500000,104400000
chr3_1045,chr3,104600000,104500000
chr3_1046,chr3,104700000,104600000
chr3_1047,chr3,104800000,104700000
chr3_1048,chr3,104900000,104800000
chr3_1049,chr3,105000000,104900000
chr3_1050,chr3,105100000,105000000
chr3_1051,chr3,105200000,105100000
chr3_1052,chr3,105300000,105200000
chr3_1053,chr3,105400000,105300000
chr3_1054,chr3,105500000,105400000
chr3_1055,chr3,105600000,105500000
chr3_1056,chr3,105700000,105600000
chr3_1057,chr3,105800000,105700000
chr3_1058,chr3,105900000,105800000
chr3_1059,chr3,106000000,105900000
chr3_1060,chr3,106100000,106000000
chr3_1061,chr3,106200000,106100000
chr3_1062,chr3,106300000,106200000
chr3_1063,chr3,106400000,106300000
chr3_1064,chr3,106500000,106400000
chr3_1065,chr3,106600000,106500000
chr3_1066,chr3,106700000,106600000
chr3_1067,chr3,106800000,106700000
chr3_1068,chr3,106900000,106800000
chr3_1069,chr3,107000000,106900000
chr3_1070,chr3,107100000,107000000
chr3_1071,chr3,107200000,107100000
chr3_1072,chr3,107300000,107200000
chr3_1073,chr3,107400000,107300000
chr3_1074,chr3,107500000,107400000
chr3_1075,chr3,107600000,107500000
chr3_1076,chr3,107700000,107600000
chr3_1077,chr3,107800000,107700000
chr3_1078,chr3,107900000,107800000
chr3_1079,chr3,108000000,107900000
chr3_1080,chr3,108100000,108000000
chr3_1081,chr3,108200000,108100000
chr3_1082,chr3,108300000,108200000
chr3_1083,chr3,108400000,108300000
chr3_1084,chr3,108500000,108400000
chr3_1085,chr3,108600000,108500000
chr3_1086,chr3,108700000,108600000
chr3_1087,chr3,108800000,108700000
chr3_1088,chr3,108900000,108800000
chr3_1089,chr3,109000000,108900000
chr3_1090,chr3,109100000,109000000
chr3_1091,chr3,109200000,109100000
chr3_1092,chr3,109300000,109200000
chr3_1093,chr3,109400000,109300000
chr3_1094,chr3,109500000,109400000
chr3_1095,chr3,109600000,109500000
chr3_1096,chr3,109700000,109600000
chr3_1097,chr3,109800000,109700000
chr3_1098,chr3,109900000,109800000
chr3_1099,chr3,110000000,109900000
chr3_1100,chr3,110100000,110000000
chr3_1101,chr3,110200000,110100000
chr3_1102,chr3,110300000,110200000
chr3_1103,chr3,110400000,110300000
chr3_1104,chr3,110500000,110400000
chr3_1105,chr3,110600000,110500000
chr3_1106,chr3,110700000,110600000
chr3_1107,chr3,110800000,110700000
chr3_1108,chr3,110900000,110800000
chr3_1109,chr3,111000000,110900000
chr3_1110,chr3,111100000,111000000
chr3_1111,chr3,111200000,111100000
chr3_1112,chr3,111300000,111200000
chr3_1113,chr3,111400000,111300000
chr3_1114,chr3,111500000,111400000
chr3_1115,chr3,111600000,111500000
chr3_1116,chr3,111700000,111600000
chr3_1117,chr3,111800000,111700000
chr3_1118,chr3,111900000,111800000
chr3_1119,chr3,112000000,111900000
chr3_1120,chr3,112100000,112000000
chr3_1121,chr3,112200000,112100000
chr3_1122,chr3,112300000,112200000
chr3_1123,chr3,112400000,112300000
chr3_1124,chr3,112500000,112400000
chr3_1125,chr3,112600000,112500000
chr3_1126,chr3,112700000,112600000
chr3_1127,chr3,112800000,112700000
chr3_1128,chr3,112900000,112800000
chr3_1129,chr3,113000000,112900000
chr3_1130,chr3,113100000,113000000
chr3_1131,chr3,113200000,113100000
chr3_1132,chr3,113300000,113200000
chr3_1133,chr3,113400000,113300000
chr3_1134,chr3,113500000,113400000
chr3_1135,chr3,113600000,113500000
chr3_1136,chr3,113700000,113600000
chr3_1137,chr3,113800000,113700000
chr3_1138,chr3,113900000,113800000
chr3_1139,chr3,114000000,113900000
chr3_1140,chr3,114100000,114000000
chr3_1141,chr3,114200000,114100000
chr3_1142,chr3,114300000,114200000
chr3_1143,chr3,114400000,114300000
chr3_1144,chr3,114500000,114400000
chr3_1145,chr3,114600000,114500000
chr3_1146,chr3,114700000,114600000
chr3_1147,chr3,114800000,114700000
chr3_1148,chr3,114900000,114800000
chr3_1149,chr3,115000000,114900000
chr3_1150,chr3,115100000,115000000
chr3_1151,chr3,115200000,115100000
chr3_1152,chr3,115300000,115200000
chr3_1153,chr3,115400000,115300000
chr3_1154,chr3,115500000,115400000
chr3_1155,chr3,115600000,115500000
chr3_1156,chr3,115700000,115600000
chr3_1157,chr3,115800000,115700000
chr3_1158,chr3,115900000,115800000
chr3_1159,chr3,116000000,115900000
chr3_1160,chr3,116100000,116000000
chr3_1161,chr3,116200000,116100000
chr3_1162,chr3,116300000,116200000
chr3_1163,chr3,116400000,116300000
chr3_1164,chr3,116500000,116400000
chr3_1165,chr3,116600000,116500000
chr3_1166,chr3,116700000,116600000
chr3_1167,chr3,116800000,116700000
chr3_1168,chr3,116900000,116800000
chr3_1169,chr3,117000000,116900000
chr3_1170,chr3,117100000,117000000
chr3_1171,chr3,117200000,117100000
chr3_1172,chr3,117300000,117200000
chr3_1173,chr3,117400000,117300000
chr3_1174,chr3,117500000,117400000
chr3_1175,chr3,117600000,117500000
chr3_1176,chr3,117700000,117600000
chr3_1177,chr3,117800000,117700000
chr3_1178,chr3,117900000,117800000
chr3_1179,chr3,118000000,117900000
chr3_1180,chr3,118100000,118000000
chr3_1181,chr3,118200000,118100000
chr3_1182,chr3,118300000,118200000
chr3_1183,chr3,118400000,118300000
chr3_1184,chr3,118500000,118400000
chr3_1185,chr3,118600000,118500000
chr3_1186,chr3,118700000,118600000
chr3_1187,chr3,118800000,118700000
chr3_1188,chr3,118900000,118800000
chr3_1189,chr3,119000000,118900000
chr3_1190,chr3,119100000,119000000
chr3_1191,chr3,119200000,119100000
chr3_1192,chr3,119300000,119200000
chr3_1193,chr3,119400000,119300000
chr3_1194,chr3,119500000,119400000
chr3_1195,chr3,119600000,119500000
chr3_1196,chr3,119700000,119600000
chr3_1197,chr3,119800000,119700000
chr3_1198,chr3,119900000,119800000
chr3_1199,chr3,120000000,119900000
chr3_1200,chr3,120100000,120000000
chr3_1201,chr3,120200000,120100000
chr3_1202,chr3,120300000,120200000
chr3_1203,chr3,120400000,120300000
chr3_1204,chr3,120500000,120400000
chr3_1205,chr3,120600000,120500000
chr3_1206,chr3,120700000,120600000
chr3_1207,chr3,120800000,120700000
chr3_1208,chr3,120900000,120800000
chr3_1209,chr3,121000000,120900000
chr3_1210,chr3,121100000,121000000
chr3_1211,chr3,121200000,121100000
chr3_1212,chr3,121300000,121200000
chr3_1213,chr3,121400000,121300000
chr3_1214,chr3,121500000,121400000
chr3_1215,chr3,121600000,121500000
chr3_1216,chr3,121700000,121600000
chr3_1217,chr3,121800000,121700000
chr3_1218,chr3,121900000,121800000
chr3_1219,chr3,122000000,121900000
chr3_1220,chr3,122100000,122000000
chr3_1221,chr3,122200000,122100000
chr3_1222,chr3,122300000,122200000
chr3_1223,chr3,122400000,122300000
chr3_1224,chr3,122500000,122400000
chr3_1225,chr3,122600000,122500000
chr3_1226,chr3,122700000,122600000
chr3_1227,chr3,122800000,122700000
chr3_1228,chr3,122900000,122800000
chr3_1229,chr3,123000000,122900000
chr3_1230,chr3,123100000,123000000
chr3_1231,chr3,123200000,123100000
chr3_1232,chr3,123300000,123200000
chr3_1233,chr3,123400000,123300000
chr3_1234,chr3,123500000,123400000
chr3_1235,chr3,123600000,123500000
chr3_1236,chr3,123700000,123600000
chr3_1237,chr3,123800000,123700000
chr3_1238,chr3,123900000,123800000
chr3_1239,chr3,124000000,123900000
chr3_1240,chr3,124100000,124000000
chr3_1241,chr3,124200000,124100000
chr3_1242,chr3,124300000,124200000
chr3_1243,chr3,124400000,124300000
chr3_1244,chr3,124500000,124400000
chr3_1245,chr3,124600000,124500000
chr3_1246,chr3,124700000,124600000
chr3_1247,chr3,124800000,124700000
chr3_1248,chr3,124900000,124800000
chr3_1249,chr3,125000000,124900000
chr3_1250,chr3,125100000,125000000
chr3_1251,chr3,125200000,125100000
chr3_1252,chr3,125300000,125200000
chr3_1253,chr3,125400000,125300000
chr3_1254,chr3,125500000,125400000
chr3_1255,chr3,125600000,125500000
chr3_1256,chr3,125700000,125600000
chr3_1257,chr3,125800000,125700000
chr3_1258,chr3,125900000,125800000
chr3_1259,chr3,126000000,125900000
chr3_1260,chr3,126100000,126000000
chr3_1261,chr3,126200000,126100000
chr3_1262,chr3,126300000,126200000
chr3_1263,chr3,126400000,126300000
chr3_1264,chr3,126500000,126400000
chr3_1265,chr3,126600000,126500000
chr3_1266,chr3,126700000,126600000
chr3_1267,chr3,126800000,126700000
chr3_1268,chr3,126900000,126800000
chr3_1269,chr3,127000000,126900000
chr3_1270,chr3,127100000,127000000
chr3_1271,chr3,127200000,127100000
chr3_1272,chr3,127300000,127200000
chr3_1273,chr3,127400000,127300000
chr3_1274,chr3,127500000,127400000
chr3_1275,chr3,127600000,127500000
chr3_1276,chr3,127700000,127600000
chr3_1277,chr3,127800000,127700000
chr3_1278,chr3,127900000,127800000
chr3_1279,chr3,128000000,127900000
chr3_1280,chr3,128100000,128000000
chr3_1281,chr3,128200000,128100000
chr3_1282,chr3,128300000,128200000
chr3_1283,chr3,128400000,128300000
chr3_1284,chr3,128500000,128400000
chr3_1285,chr3,128600000,128500000
chr3_1286,chr3,128700000,128600000
chr3_1287,chr3,128800000,128700000
chr3_1288,chr3,128900000,128800000
chr3_1289,chr3,129000000,128900000
chr3_1290,chr3,129100000,129000000
chr3_1291,chr3,129200000,129100000
chr3_1292,chr3,129300000,129200000
chr3_1293,chr3,129400000,129300000
chr3_1294,chr3,129500000,129400000
chr3_1295,chr3,129600000,129500000
chr3_1296,chr3,129700000,129600000
chr3_1297,chr3,129800000,129700000
chr3_1298,chr3,129900000,129800000
chr3_1299,chr3,130000000,129900000
chr3_1300,chr3,130100000,130000000
chr3_1301,chr3,130200000,130100000
chr3_1302,chr3,130300000,130200000
chr3_1303,chr3,130400000,130300000
chr3_1304,chr3,130500000,130400000
chr3_1305,chr3,130600000,130500000
chr3_1306,chr3,130700000,130600000
chr3_1307,chr3,130800000,130700000
chr3_1308,chr3,130900000,130800000
chr3_1309,chr3,131000000,130900000
chr3_1310,chr3,131100000,131000000
chr3_1311,chr3,131200000,131100000
chr3_1312,chr3,131300000,131200000
chr3_1313,chr3,131400000,131300000
chr3_1314,chr3,131500000,131400000
chr3_1315,chr3,131600000,131500000
chr3_1316,chr3,131700000,131600000
chr3_1317,chr3,131800000,131700000
chr3_1318,chr3,131900000,131800000
chr3_1319,chr3,132000000,131900000
chr3_1320,chr3,132100000,132000000
chr3_1321,chr3,132200000,132100000
chr3_1322,chr3,132300000,132200000
chr3_1323,chr3,132400000,132300000
chr3_1324,chr3,132500000,132400000
chr3_1325,chr3,132600000,132500000
chr3_1326,chr3,132700000,132600000
chr3_1327,chr3,132800000,132700000
chr3_1328,chr3,132900000,132800000
chr3_1329,chr3,133000000,132900000
chr3_1330,chr3,133100000,133000000
chr3_1331,chr3,133200000,133100000
chr3_1332,chr3,133300000,133200000
chr3_1333,chr3,133400000,133300000
chr3_1334,chr3,133500000,133400000
chr3_1335,chr3,133600000,133500000
chr3_1336,chr3,133700000,133600000
chr3_1337,chr3,133800000,133700000
chr3_1338,chr3,133900000,133800000
chr3_1339,chr3,134000000,133900000
chr3_1340,chr3,134100000,134000000
chr3_1341,chr3,134200000,134100000
chr3_1342,chr3,134300000,134200000
chr3_1343,chr3,134400000,134300000
chr3_1344,chr3,134500000,134400000
chr3_1345,chr3,134600000,134500000
chr3_1346,chr3,134700000,134600000
chr3_1347,chr3,134800000,134700000
chr3_1348,chr3,134900000,134800000
chr3_1349,chr3,135000000,134900000
chr3_1350,chr3,135100000,135000000
chr3_1351,chr3,135200000,135100000
chr3_1352,chr3,135300000,135200000
chr3_1353,chr3,135400000,135300000
chr3_1354,chr3,135500000,135400000
chr3_1355,chr3,135600000,135500000
chr3_1356,chr3,135700000,135600000
chr3_1357,chr3,135800000,135700000
chr3_1358,chr3,135900000,135800000
chr3_1359,chr3,136000000,135900000
chr3_1360,chr3,136100000,136000000
chr3_1361,chr3,136200000,136100000
chr3_1362,chr3,136300000,136200000
chr3_1363,chr3,136400000,136300000
chr3_1364,chr3,136500000,136400000
chr3_1365,chr3,136600000,136500000
chr3_1366,chr3,136700000,136600000
chr3_1367,chr3,136800000,136700000
chr3_1368,chr3,136900000,136800000
chr3_1369,chr3,137000000,136900000
chr3_1370,chr3,137100000,137000000
chr3_1371,chr3,137200000,137100000
chr3_1372,chr3,137300000,137200000
chr3_1373,chr3,137400000,137300000
chr3_1374,chr3,137500000,137400000
chr3_1375,chr3,137600000,137500000
chr3_1376,chr3,137700000,137600000
chr3_1377,chr3,137800000,137700000
chr3_1378,chr3,137900000,137800000
chr3_1379,chr3,138000000,137900000
chr3_1380,chr3,138100000,138000000
chr3_1381,chr3,138200000,138100000
chr3_1382,chr3,138300000,138200000
chr3_1383,chr3,138400000,138300000
chr3_1384,chr3,138500000,138400000
chr3_1385,chr3,138600000,138500000
chr3_1386,chr3,138700000,138600000
chr3_1387,chr3,138800000,138700000
chr3_1388,chr3,138900000,138800000
chr3_1389,chr3,139000000,138900000
chr3_1390,chr3,139100000,139000000
chr3_1391,chr3,139200000,139100000
chr3_1392,chr3,139300000,139200000
chr3_1393,chr3,139400000,139300000
chr3_1394,chr3,139500000,139400000
chr3_1395,chr3,139600000,139500000
chr3_1396,chr3,139700000,139600000
chr3_1397,chr3,139800000,139700000
chr3_1398,chr3,139900000,139800000
chr3_1399,chr3,140000000,139900000
chr3_1400,chr3,140100000,140000000
chr3_1401,chr3,140200000,140100000
chr3_1402,chr3,140300000,140200000
chr3_1403,chr3,140400000,140300000
chr3_1404,chr3,140500000,140400000
chr3_1405,chr3,140600000,140500000
chr3_1406,chr3,140700000,140600000
chr3_1407,chr3,140800000,140700000
chr3_1408,chr3,140900000,140800000
chr3_1409,chr3,141000000,140900000
chr3_1410,chr3,141100000,141000000
chr3_1411,chr3,141200000,141100000
chr3_1412,chr3,141300000,141200000
chr3_1413,chr3,141400000,141300000
chr3_1414,chr3,141500000,141400000
chr3_1415,chr3,141600000,141500000
chr3_1416,chr3,141700000,141600000
chr3_1417,chr3,141800000,141700000
chr3_1418,chr3,141900000,141800000
chr3_1419,chr3,142000000,141900000
chr3_1420,chr3,142100000,142000000
chr3_1421,chr3,142200000,142100000
chr3_1422,chr3,142300000,142200000
chr3_1423,chr3,142400000,142300000
chr3_1424,chr3,142500000,142400000
chr3_1425,chr3,142600000,142500000
chr3_1426,chr3,142700000,142600000
chr3_1427,chr3,142800000,142700000
chr3_1428,chr3,142900000,142800000
chr3_1429,chr3,143000000,142900000
chr3_1430,chr3,143100000,143000000
chr3_1431,chr3,143200000,143100000
chr3_1432,chr3,143300000,143200000
chr3_1433,chr3,143400000,143300000
chr3_1434,chr3,143500000,143400000
chr3_1435,chr3,143600000,143500000
chr3_1436,chr3,143700000,143600000
chr3_1437,chr3,143800000,143700000
chr3_1438,chr3,143900000,143800000
chr3_1439,chr3,144000000,143900000
chr3_1440,chr3,144100000,144000000
chr3_1441,chr3,144200000,144100000
chr3_1442,chr3,144300000,144200000
chr3_1443,chr3,144400000,144300000
chr3_1444,chr3,144500000,144400000
chr3_1445,chr3,144600000,144500000
chr3_1446,chr3,144700000,144600000
chr3_1447,chr3,144800000,144700000
chr3_1448,chr3,144900000,144800000
chr3_1449,chr3,145000000,144900000
chr3_1450,chr3,145100000,145000000
chr3_1451,chr3,145200000,145100000
chr3_1452,chr3,145300000,145200000
chr3_1453,chr3,145400000,145300000
chr3_1454,chr3,145500000,145400000
chr3_1455,chr3,145600000,145500000
chr3_1456,chr3,145700000,145600000
chr3_1457,chr3,145800000,145700000
chr3_1458,chr3,145900000,145800000
chr3_1459,chr3,146000000,145900000
chr3_1460,chr3,146100000,146000000
chr3_1461,chr3,146200000,146100000
chr3_1462,chr3,146300000,146200000
chr3_1463,chr3,146400000,146300000
chr3_1464,chr3,146500000,146400000
chr3_1465,chr3,146600000,146500000
chr3_1466,chr3,146700000,146600000
chr3_1467,chr3,146800000,146700000
chr3_1468,chr3,146900000,146800000
chr3_1469,chr3,147000000,146900000
chr3_1470,chr3,147100000,147000000
chr3_1471,chr3,147200000,147100000
chr3_1472,chr3,147300000,147200000
chr3_1473,chr3,147400000,147300000
chr3_1474,chr3,147500000,147400000
chr3_1475,chr3,147600000,147500000
chr3_1476,chr3,147700000,147600000
chr3_1477,chr3,147800000,147700000
chr3_1478,chr3,147900000,147800000
chr3_1479,chr3,148000000,147900000
chr3_1480,chr3,148100000,148000000
chr3_1481,chr3,148200000,148100000
chr3_1482,chr3,148300000,148200000
chr3_1483,chr3,148400000,148300000
chr3_1484,chr3,148500000,148400000
chr3_1485,chr3,148600000,148500000
chr3_1486,chr3,148700000,148600000
chr3_1487,chr3,148800000,148700000
chr3_1488,chr3,148900000,148800000
chr3_1489,chr3,149000000,148900000
chr3_1490,chr3,149100000,149000000
chr3_1491,chr3,149200000,149100000
chr3_1492,chr3,149300000,149200000
chr3_1493,chr3,149400000,149300000
chr3_1494,chr3,149500000,149400000
chr3_1495,chr3,149600000,149500000
chr3_1496,chr3,149700000,149600000
chr3_1497,chr3,149800000,149700000
chr3_1498,chr3,149900000,149800000
chr3_1499,chr3,150000000,149900000
chr3_1500,chr3,150100000,150000000
chr3_1501,chr3,150200000,150100000
chr3_1502,chr3,150300000,150200000
chr3_1503,chr3,150400000,150300000
chr3_1504,chr3,150500000,150400000
chr3_1505,chr3,150600000,150500000
chr3_1506,chr3,150700000,150600000
chr3_1507,chr3,150800000,150700000
chr3_1508,chr3,150900000,150800000
chr3_1509,chr3,151000000,150900000
chr3_1510,chr3,151100000,151000000
chr3_1511,chr3,151200000,151100000
chr3_1512,chr3,151300000,151200000
chr3_1513,chr3,151400000,151300000
chr3_1514,chr3,151500000,151400000
chr3_1515,chr3,151600000,151500000
chr3_1516,chr3,151700000,151600000
chr3_1517,chr3,151800000,151700000
chr3_1518,chr3,151900000,151800000
chr3_1519,chr3,152000000,151900000
chr3_1520,chr3,152100000,152000000
chr3_1521,chr3,152200000,152100000
chr3_1522,chr3,152300000,152200000
chr3_1523,chr3,152400000,152300000
chr3_1524,chr3,152500000,152400000
chr3_1525,chr3,152600000,152500000
chr3_1526,chr3,152700000,152600000
chr3_1527,chr3,152800000,152700000
chr3_1528,chr3,152900000,152800000
chr3_1529,chr3,153000000,152900000
chr3_1530,chr3,153100000,153000000
chr3_1531,chr3,153200000,153100000
chr3_1532,chr3,153300000,153200000
chr3_1533,chr3,153400000,153300000
chr3_1534,chr3,153500000,153400000
chr3_1535,chr3,153600000,153500000
chr3_1536,chr3,153700000,153600000
chr3_1537,chr3,153800000,153700000
chr3_1538,chr3,153900000,153800000
chr3_1539,chr3,154000000,153900000
chr3_1540,chr3,154100000,154000000
chr3_1541,chr3,154200000,154100000
chr3_1542,chr3,154300000,154200000
chr3_1543,chr3,154400000,154300000
chr3_1544,chr3,154500000,154400000
chr3_1545,chr3,154600000,154500000
chr3_1546,chr3,154700000,154600000
chr3_1547,chr3,154800000,154700000
chr3_1548,chr3,154900000,154800000
chr3_1549,chr3,155000000,154900000
chr3_1550,chr3,155100000,155000000
chr3_1551,chr3,155200000,155100000
chr3_1552,chr3,155300000,155200000
chr3_1553,chr3,155400000,155300000
chr3_1554,chr3,155500000,155400000
chr3_1555,chr3,155600000,155500000
chr3_1556,chr3,155700000,155600000
chr3_1557,chr3,155800000,155700000
chr3_1558,chr3,155900000,155800000
chr3_1559,chr3,156000000,155900000
chr3_1560,chr3,156100000,156000000
chr3_1561,chr3,156200000,156100000
chr3_1562,chr3,156300000,156200000
chr3_1563,chr3,156400000,156300000
chr3_1564,chr3,156500000,156400000
chr3_1565,chr3,156600000,156500000
chr3_1566,chr3,156700000,156600000
chr3_1567,chr3,156800000,156700000
chr3_1568,chr3,156900000,156800000
chr3_1569,chr3,157000000,156900000
chr3_1570,chr3,157100000,157000000
chr3_1571,chr3,157200000,157100000
chr3_1572,chr3,157300000,157200000
chr3_1573,chr3,157400000,157300000
chr3_1574,chr3,157500000,157400000
chr3_1575,chr3,157600000,157500000
chr3_1576,chr3,157700000,157600000
chr3_1577,chr3,157800000,157700000
chr3_1578,chr3,157900000,157800000
chr3_1579,chr3,158000000,157900000
chr3_1580,chr3,158100000,158000000
chr3_1581,chr3,158200000,158100000
chr3_1582,chr3,158300000,158200000
chr3_1583,chr3,158400000,158300000
chr3_1584,chr3,158500000,158400000
chr3_1585,chr3,158600000,158500000
chr3_1586,chr3,158700000,158600000
chr3_1587,chr3,158800000,158700000
chr3_1588,chr3,158900000,158800000
chr3_1589,chr3,159000000,158900000
chr3_1590,chr3,159100000,159000000
chr3_1591,chr3,159200000,159100000
chr3_1592,chr3,159300000,159200000
chr3_1593,chr3,159400000,159300000
chr3_1594,chr3,159500000,159400000
chr3_1595,chr3,159600000,159500000
chr3_1596,chr3,159700000,159600000
chr3_1597,chr3,159800000,159700000
chr3_1598,chr3,159900000,159800000
chr3_1599,chr3,160000000,159900000
chr3_1600,chr3,160039680,160000000
chr4_0,chr4,100000,0
chr4_1,chr4,200000,100000
chr4_2,chr4,300000,200000
chr4_3,chr4,400000,300000
chr4_4,chr4,500000,400000
chr4_5,chr4,600000,500000
chr4_6,chr4,700000,600000
chr4_7,chr4,800000,700000
chr4_8,chr4,900000,800000
chr4_9,chr4,1000000,900000
chr4_10,chr4,1100000,1000000
chr4_11,chr4,1200000,1100000
chr4_12,chr4,1300000,1200000
chr4_13,chr4,1400000,1300000
chr4_14,chr4,1500000,1400000
chr4_15,chr4,1600000,1500000
chr4_16,chr4,1700000,1600000
chr4_17,chr4,1800000,1700000
chr4_18,chr4,1900000,1800000
chr4_19,chr4,2000000,1900000
chr4_20,chr4,2100000,2000000
chr4_21,chr4,2200000,2100000
chr4_22,chr4,2300000,2200000
chr4_23,chr4,2400000,2300000
chr4_24,chr4,2500000,2400000
chr4_25,chr4,2600000,2500000
chr4_26,chr4,2700000,2600000
chr4_27,chr4,2800000,2700000
chr4_28,chr4,2900000,2800000
chr4_29,chr4,3000000,2900000
chr4_30,chr4,3100000,3000000
chr4_31,chr4,3200000,3100000
chr4_32,chr4,3300000,3200000
chr4_33,chr4,3400000,3300000
chr4_34,chr4,3500000,3400000
chr4_35,chr4,3600000,3500000
chr4_36,chr4,3700000,3600000
chr4_37,chr4,3800000,3700000
chr4_38,chr4,3900000,3800000
chr4_39,chr4,4000000,3900000
chr4_40,chr4,4100000,4000000
chr4_41,chr4,4200000,4100000
chr4_42,chr4,4300000,4200000
chr4_43,chr4,4400000,4300000
chr4_44,chr4,4500000,4400000
chr4_45,chr4,4600000,4500000
chr4_46,chr4,4700000,4600000
chr4_47,chr4,4800000,4700000
chr4_48,chr4,4900000,4800000
chr4_49,chr4,5000000,4900000
chr4_50,chr4,5100000,5000000
chr4_51,chr4,5200000,5100000
chr4_52,chr4,5300000,5200000
chr4_53,chr4,5400000,5300000
chr4_54,chr4,5500000,5400000
chr4_55,chr4,5600000,5500000
chr4_56,chr4,5700000,5600000
chr4_57,chr4,5800000,5700000
chr4_58,chr4,5900000,5800000
chr4_59,chr4,6000000,5900000
chr4_60,chr4,6100000,6000000
chr4_61,chr4,6200000,6100000
chr4_62,chr4,6300000,6200000
chr4_63,chr4,6400000,6300000
chr4_64,chr4,6500000,6400000
chr4_65,chr4,6600000,6500000
chr4_66,chr4,6700000,6600000
chr4_67,chr4,6800000,6700000
chr4_68,chr4,6900000,6800000
chr4_69,chr4,7000000,6900000
chr4_70,chr4,7100000,7000000
chr4_71,chr4,7200000,7100000
chr4_72,chr4,7300000,7200000
chr4_73,chr4,7400000,7300000
chr4_74,chr4,7500000,7400000
chr4_75,chr4,7600000,7500000
chr4_76,chr4,7700000,7600000
chr4_77,chr4,7800000,7700000
chr4_78,chr4,7900000,7800000
chr4_79,chr4,8000000,7900000
chr4_80,chr4,8100000,8000000
chr4_81,chr4,8200000,8100000
chr4_82,chr4,8300000,8200000
chr4_83,chr4,8400000,8300000
chr4_84,chr4,8500000,8400000
chr4_85,chr4,8600000,8500000
chr4_86,chr4,8700000,8600000
chr4_87,chr4,8800000,8700000
chr4_88,chr4,8900000,8800000
chr4_89,chr4,9000000,8900000
chr4_90,chr4,9100000,9000000
chr4_91,chr4,9200000,9100000
chr4_92,chr4,9300000,9200000
chr4_93,chr4,9400000,9300000
chr4_94,chr4,9500000,9400000
chr4_95,chr4,9600000,9500000
chr4_96,chr4,9700000,9600000
chr4_97,chr4,9800000,9700000
chr4_98,chr4,9900000,9800000
chr4_99,chr4,10000000,9900000
chr4_100,chr4,10100000,10000000
chr4_101,chr4,10200000,10100000
chr4_102,chr4,10300000,10200000
chr4_103,chr4,10400000,10300000
chr4_104,chr4,10500000,10400000
chr4_105,chr4,10600000,10500000
chr4_106,chr4,10700000,10600000
chr4_107,chr4,10800000,10700000
chr4_108,chr4,10900000,10800000
chr4_109,chr4,11000000,10900000
chr4_110,chr4,11100000,11000000
chr4_111,chr4,11200000,11100000
chr4_112,chr4,11300000,11200000
chr4_113,chr4,11400000,11300000
chr4_114,chr4,11500000,11400000
chr4_115,chr4,11600000,11500000
chr4_116,chr4,11700000,11600000
chr4_117,chr4,11800000,11700000
chr4_118,chr4,11900000,11800000
chr4_119,chr4,12000000,11900000
chr4_120,chr4,12100000,12000000
chr4_121,chr4,12200000,12100000
chr4_122,chr4,12300000,12200000
chr4_123,chr4,12400000,12300000
chr4_124,chr4,12500000,12400000
chr4_125,chr4,12600000,12500000
chr4_126,chr4,12700000,12600000
chr4_127,chr4,12800000,12700000
chr4_128,chr4,12900000,12800000
chr4_129,chr4,13000000,12900000
chr4_130,chr4,13100000,13000000
chr4_131,chr4,13200000,13100000
chr4_132,chr4,13300000,13200000
chr4_133,chr4,13400000,13300000
chr4_134,chr4,13500000,13400000
chr4_135,chr4,13600000,13500000
chr4_136,chr4,13700000,13600000
chr4_137,chr4,13800000,13700000
chr4_138,chr4,13900000,13800000
chr4_139,chr4,14000000,13900000
chr4_140,chr4,14100000,14000000
chr4_141,chr4,14200000,14100000
chr4_142,chr4,14300000,14200000
chr4_143,chr4,14400000,14300000
chr4_144,chr4,14500000,14400000
chr4_145,chr4,14600000,14500000
chr4_146,chr4,14700000,14600000
chr4_147,chr4,14800000,14700000
chr4_148,chr4,14900000,14800000
chr4_149,chr4,15000000,14900000
chr4_150,chr4,15100000,15000000
chr4_151,chr4,15200000,15100000
chr4_152,chr4,15300000,15200000
chr4_153,chr4,15400000,15300000
chr4_154,chr4,15500000,15400000
chr4_155,chr4,15600000,15500000
chr4_156,chr4,15700000,15600000
chr4_157,chr4,15800000,15700000
chr4_158,chr4,15900000,15800000
chr4_159,chr4,16000000,15900000
chr4_160,chr4,16100000,16000000
chr4_161,chr4,16200000,16100000
chr4_162,chr4,16300000,16200000
chr4_163,chr4,16400000,16300000
chr4_164,chr4,16500000,16400000
chr4_165,chr4,16600000,16500000
chr4_166,chr4,16700000,16600000
chr4_167,chr4,16800000,16700000
chr4_168,chr4,16900000,16800000
chr4_169,chr4,17000000,16900000
chr4_170,chr4,17100000,17000000
chr4_171,chr4,17200000,17100000
chr4_172,chr4,17300000,17200000
chr4_173,chr4,17400000,17300000
chr4_174,chr4,17500000,17400000
chr4_175,chr4,17600000,17500000
chr4_176,chr4,17700000,17600000
chr4_177,chr4,17800000,17700000
chr4_178,chr4,17900000,17800000
chr4_179,chr4,18000000,17900000
chr4_180,chr4,18100000,18000000
chr4_181,chr4,18200000,18100000
chr4_182,chr4,18300000,18200000
chr4_183,chr4,18400000,18300000
chr4_184,chr4,18500000,18400000
chr4_185,chr4,18600000,18500000
chr4_186,chr4,18700000,18600000
chr4_187,chr4,18800000,18700000
chr4_188,chr4,18900000,18800000
chr4_189,chr4,19000000,18900000
chr4_190,chr4,19100000,19000000
chr4_191,chr4,19200000,19100000
chr4_192,chr4,19300000,19200000
chr4_193,chr4,19400000,19300000
chr4_194,chr4,19500000,19400000
chr4_195,chr4,19600000,19500000
chr4_196,chr4,19700000,19600000
chr4_197,chr4,19800000,19700000
chr4_198,chr4,19900000,19800000
chr4_199,chr4,20000000,19900000
chr4_200,chr4,20100000,20000000
chr4_201,chr4,20200000,20100000
chr4_202,chr4,20300000,20200000
chr4_203,chr4,20400000,20300000
chr4_204,chr4,20500000,20400000
chr4_205,chr4,20600000,20500000
chr4_206,chr4,20700000,20600000
chr4_207,chr4,20800000,20700000
chr4_208,chr4,20900000,20800000
chr4_209,chr4,21000000,20900000
chr4_210,chr4,21100000,21000000
chr4_211,chr4,21200000,21100000
chr4_212,chr4,21300000,21200000
chr4_213,chr4,21400000,21300000
chr4_214,chr4,21500000,21400000
chr4_215,chr4,21600000,21500000
chr4_216,chr4,21700000,21600000
chr4_217,chr4,21800000,21700000
chr4_218,chr4,21900000,21800000
chr4_219,chr4,22000000,21900000
chr4_220,chr4,22100000,22000000
chr4_221,chr4,22200000,22100000
chr4_222,chr4,22300000,22200000
chr4_223,chr4,22400000,22300000
chr4_224,chr4,22500000,22400000
chr4_225,chr4,22600000,22500000
chr4_226,chr4,22700000,22600000
chr4_227,chr4,22800000,22700000
chr4_228,chr4,22900000,22800000
chr4_229,chr4,23000000,22900000
chr4_230,chr4,23100000,23000000
chr4_231,chr4,23200000,23100000
chr4_232,chr4,23300000,23200000
chr4_233,chr4,23400000,23300000
chr4_234,chr4,23500000,23400000
chr4_235,chr4,23600000,23500000
chr4_236,chr4,23700000,23600000
chr4_237,chr4,23800000,23700000
chr4_238,chr4,23900000,23800000
chr4_239,chr4,24000000,23900000
chr4_240,chr4,24100000,24000000
chr4_241,chr4,24200000,24100000
chr4_242,chr4,24300000,24200000
chr4_243,chr4,24400000,24300000
chr4_244,chr4,24500000,24400000
chr4_245,chr4,24600000,24500000
chr4_246,chr4,24700000,24600000
chr4_247,chr4,24800000,24700000
chr4_248,chr4,24900000,24800000
chr4_249,chr4,25000000,24900000
chr4_250,chr4,25100000,25000000
chr4_251,chr4,25200000,25100000
chr4_252,chr4,25300000,25200000
chr4_253,chr4,25400000,25300000
chr4_254,chr4,25500000,25400000
chr4_255,chr4,25600000,25500000
chr4_256,chr4,25700000,25600000
chr4_257,chr4,25800000,25700000
chr4_258,chr4,25900000,25800000
chr4_259,chr4,26000000,25900000
chr4_260,chr4,26100000,26000000
chr4_261,chr4,26200000,26100000
chr4_262,chr4,26300000,26200000
chr4_263,chr4,26400000,26300000
chr4_264,chr4,26500000,26400000
chr4_265,chr4,26600000,26500000
chr4_266,chr4,26700000,26600000
chr4_267,chr4,26800000,26700000
chr4_268,chr4,26900000,26800000
chr4_269,chr4,27000000,26900000
chr4_270,chr4,27100000,27000000
chr4_271,chr4,27200000,27100000
chr4_272,chr4,27300000,27200000
chr4_273,chr4,27400000,27300000
chr4_274,chr4,27500000,27400000
chr4_275,chr4,27600000,27500000
chr4_276,chr4,27700000,27600000
chr4_277,chr4,27800000,27700000
chr4_278,chr4,27900000,27800000
chr4_279,chr4,28000000,27900000
chr4_280,chr4,28100000,28000000
chr4_281,chr4,28200000,28100000
chr4_282,chr4,28300000,28200000
chr4_283,chr4,28400000,28300000
chr4_284,chr4,28500000,28400000
chr4_285,chr4,28600000,28500000
chr4_286,chr4,28700000,28600000
chr4_287,chr4,28800000,28700000
chr4_288,chr4,28900000,28800000
chr4_289,chr4,29000000,28900000
chr4_290,chr4,29100000,29000000
chr4_291,chr4,29200000,29100000
chr4_292,chr4,29300000,29200000
chr4_293,chr4,29400000,29300000
chr4_294,chr4,29500000,29400000
chr4_295,chr4,29600000,29500000
chr4_296,chr4,29700000,29600000
chr4_297,chr4,29800000,29700000
chr4_298,chr4,29900000,29800000
chr4_299,chr4,30000000,29900000
chr4_300,chr4,30100000,30000000
chr4_301,chr4,30200000,30100000
chr4_302,chr4,30300000,30200000
chr4_303,chr4,30400000,30300000
chr4_304,chr4,30500000,30400000
chr4_305,chr4,30600000,30500000
chr4_306,chr4,30700000,30600000
chr4_307,chr4,30800000,30700000
chr4_308,chr4,30900000,30800000
chr4_309,chr4,31000000,30900000
chr4_310,chr4,31100000,31000000
chr4_311,chr4,31200000,31100000
chr4_312,chr4,31300000,31200000
chr4_313,chr4,31400000,31300000
chr4_314,chr4,31500000,31400000
chr4_315,chr4,31600000,31500000
chr4_316,chr4,31700000,31600000
chr4_317,chr4,31800000,31700000
chr4_318,chr4,31900000,31800000
chr4_319,chr4,32000000,31900000
chr4_320,chr4,32100000,32000000
chr4_321,chr4,32200000,32100000
chr4_322,chr4,32300000,32200000
chr4_323,chr4,32400000,32300000
chr4_324,chr4,32500000,32400000
chr4_325,chr4,32600000,32500000
chr4_326,chr4,32700000,32600000
chr4_327,chr4,32800000,32700000
chr4_328,chr4,32900000,32800000
chr4_329,chr4,33000000,32900000
chr4_330,chr4,33100000,33000000
chr4_331,chr4,33200000,33100000
chr4_332,chr4,33300000,33200000
chr4_333,chr4,33400000,33300000
chr4_334,chr4,33500000,33400000
chr4_335,chr4,33600000,33500000
chr4_336,chr4,33700000,33600000
chr4_337,chr4,33800000,33700000
chr4_338,chr4,33900000,33800000
chr4_339,chr4,34000000,33900000
chr4_340,chr4,34100000,34000000
chr4_341,chr4,34200000,34100000
chr4_342,chr4,34300000,34200000
chr4_343,chr4,34400000,34300000
chr4_344,chr4,34500000,34400000
chr4_345,chr4,34600000,34500000
chr4_346,chr4,34700000,34600000
chr4_347,chr4,34800000,34700000
chr4_348,chr4,34900000,34800000
chr4_349,chr4,35000000,34900000
chr4_350,chr4,35100000,35000000
chr4_351,chr4,35200000,35100000
chr4_352,chr4,35300000,35200000
chr4_353,chr4,35400000,35300000
chr4_354,chr4,35500000,35400000
chr4_355,chr4,35600000,35500000
chr4_356,chr4,35700000,35600000
chr4_357,chr4,35800000,35700000
chr4_358,chr4,35900000,35800000
chr4_359,chr4,36000000,35900000
chr4_360,chr4,36100000,36000000
chr4_361,chr4,36200000,36100000
chr4_362,chr4,36300000,36200000
chr4_363,chr4,36400000,36300000
chr4_364,chr4,36500000,36400000
chr4_365,chr4,36600000,36500000
chr4_366,chr4,36700000,36600000
chr4_367,chr4,36800000,36700000
chr4_368,chr4,36900000,36800000
chr4_369,chr4,37000000,36900000
chr4_370,chr4,37100000,37000000
chr4_371,chr4,37200000,37100000
chr4_372,chr4,37300000,37200000
chr4_373,chr4,37400000,37300000
chr4_374,chr4,37500000,37400000
chr4_375,chr4,37600000,37500000
chr4_376,chr4,37700000,37600000
chr4_377,chr4,37800000,37700000
chr4_378,chr4,37900000,37800000
chr4_379,chr4,38000000,37900000
chr4_380,chr4,38100000,38000000
chr4_381,chr4,38200000,38100000
chr4_382,chr4,38300000,38200000
chr4_383,chr4,38400000,38300000
chr4_384,chr4,38500000,38400000
chr4_385,chr4,38600000,38500000
chr4_386,chr4,38700000,38600000
chr4_387,chr4,38800000,38700000
chr4_388,chr4,38900000,38800000
chr4_389,chr4,39000000,38900000
chr4_390,chr4,39100000,39000000
chr4_391,chr4,39200000,39100000
chr4_392,chr4,39300000,39200000
chr4_393,chr4,39400000,39300000
chr4_394,chr4,39500000,39400000
chr4_395,chr4,39600000,39500000
chr4_396,chr4,39700000,39600000
chr4_397,chr4,39800000,39700000
chr4_398,chr4,39900000,39800000
chr4_399,chr4,40000000,39900000
chr4_400,chr4,40100000,40000000
chr4_401,chr4,40200000,40100000
chr4_402,chr4,40300000,40200000
chr4_403,chr4,40400000,40300000
chr4_404,chr4,40500000,40400000
chr4_405,chr4,40600000,40500000
chr4_406,chr4,40700000,40600000
chr4_407,chr4,40800000,40700000
chr4_408,chr4,40900000,40800000
chr4_409,chr4,41000000,40900000
chr4_410,chr4,41100000,41000000
chr4_411,chr4,41200000,41100000
chr4_412,chr4,41300000,41200000
chr4_413,chr4,41400000,41300000
chr4_414,chr4,41500000,41400000
chr4_415,chr4,41600000,41500000
chr4_416,chr4,41700000,41600000
chr4_417,chr4,41800000,41700000
chr4_418,chr4,41900000,41800000
chr4_419,chr4,42000000,41900000
chr4_420,chr4,42100000,42000000
chr4_421,chr4,42200000,42100000
chr4_422,chr4,42300000,42200000
chr4_423,chr4,42400000,42300000
chr4_424,chr4,42500000,42400000
chr4_425,chr4,42600000,42500000
chr4_426,chr4,42700000,42600000
chr4_427,chr4,42800000,42700000
chr4_428,chr4,42900000,42800000
chr4_429,chr4,43000000,42900000
chr4_430,chr4,43100000,43000000
chr4_431,chr4,43200000,43100000
chr4_432,chr4,43300000,43200000
chr4_433,chr4,43400000,43300000
chr4_434,chr4,43500000,43400000
chr4_435,chr4,43600000,43500000
chr4_436,chr4,43700000,43600000
chr4_437,chr4,43800000,43700000
chr4_438,chr4,43900000,43800000
chr4_439,chr4,44000000,43900000
chr4_440,chr4,44100000,44000000
chr4_441,chr4,44200000,44100000
chr4_442,chr4,44300000,44200000
chr4_443,chr4,44400000,44300000
chr4_444,chr4,44500000,44400000
chr4_445,chr4,44600000,44500000
chr4_446,chr4,44700000,44600000
chr4_447,chr4,44800000,44700000
chr4_448,chr4,44900000,44800000
chr4_449,chr4,45000000,44900000
chr4_450,chr4,45100000,45000000
chr4_451,chr4,45200000,45100000
chr4_452,chr4,45300000,45200000
chr4_453,chr4,45400000,45300000
chr4_454,chr4,45500000,45400000
chr4_455,chr4,45600000,45500000
chr4_456,chr4,45700000,45600000
chr4_457,chr4,45800000,45700000
chr4_458,chr4,45900000,45800000
chr4_459,chr4,46000000,45900000
chr4_460,chr4,46100000,46000000
chr4_461,chr4,46200000,46100000
chr4_462,chr4,46300000,46200000
chr4_463,chr4,46400000,46300000
chr4_464,chr4,46500000,46400000
chr4_465,chr4,46600000,46500000
chr4_466,chr4,46700000,46600000
chr4_467,chr4,46800000,46700000
chr4_468,chr4,46900000,46800000
chr4_469,chr4,47000000,46900000
chr4_470,chr4,47100000,47000000
chr4_471,chr4,47200000,47100000
chr4_472,chr4,47300000,47200000
chr4_473,chr4,47400000,47300000
chr4_474,chr4,47500000,47400000
chr4_475,chr4,47600000,47500000
chr4_476,chr4,47700000,47600000
chr4_477,chr4,47800000,47700000
chr4_478,chr4,47900000,47800000
chr4_479,chr4,48000000,47900000
chr4_480,chr4,48100000,48000000
chr4_481,chr4,48200000,48100000
chr4_482,chr4,48300000,48200000
chr4_483,chr4,48400000,48300000
chr4_484,chr4,48500000,48400000
chr4_485,chr4,48600000,48500000
chr4_486,chr4,48700000,48600000
chr4_487,chr4,48800000,48700000
chr4_488,chr4,48900000,48800000
chr4_489,chr4,49000000,48900000
chr4_490,chr4,49100000,49000000
chr4_491,chr4,49200000,49100000
chr4_492,chr4,49300000,49200000
chr4_493,chr4,49400000,49300000
chr4_494,chr4,49500000,49400000
chr4_495,chr4,49600000,49500000
chr4_496,chr4,49700000,49600000
chr4_497,chr4,49800000,49700000
chr4_498,chr4,49900000,49800000
chr4_499,chr4,50000000,49900000
chr4_500,chr4,50100000,50000000
chr4_501,chr4,50200000,50100000
chr4_502,chr4,50300000,50200000
chr4_503,chr4,50400000,50300000
chr4_504,chr4,50500000,50400000
chr4_505,chr4,50600000,50500000
chr4_506,chr4,50700000,50600000
chr4_507,chr4,50800000,50700000
chr4_508,chr4,50900000,50800000
chr4_509,chr4,51000000,50900000
chr4_510,chr4,51100000,51000000
chr4_511,chr4,51200000,51100000
chr4_512,chr4,51300000,51200000
chr4_513,chr4,51400000,51300000
chr4_514,chr4,51500000,51400000
chr4_515,chr4,51600000,51500000
chr4_516,chr4,51700000,51600000
chr4_517,chr4,51800000,51700000
chr4_518,chr4,51900000,51800000
chr4_519,chr4,52000000,51900000
chr4_520,chr4,52100000,52000000
chr4_521,chr4,52200000,52100000
chr4_522,chr4,52300000,52200000
chr4_523,chr4,52400000,52300000
chr4_524,chr4,52500000,52400000
chr4_525,chr4,52600000,52500000
chr4_526,chr4,52700000,52600000
chr4_527,chr4,52800000,52700000
chr4_528,chr4,52900000,52800000
chr4_529,chr4,53000000,52900000
chr4_530,chr4,53100000,53000000
chr4_531,chr4,53200000,53100000
chr4_532,chr4,53300000,53200000
chr4_533,chr4,53400000,53300000
chr4_534,chr4,53500000,53400000
chr4_535,chr4,53600000,53500000
chr4_536,chr4,53700000,53600000
chr4_537,chr4,53800000,53700000
chr4_538,chr4,53900000,53800000
chr4_539,chr4,54000000,53900000
chr4_540,chr4,54100000,54000000
chr4_541,chr4,54200000,54100000
chr4_542,chr4,54300000,54200000
chr4_543,chr4,54400000,54300000
chr4_544,chr4,54500000,54400000
chr4_545,chr4,54600000,54500000
chr4_546,chr4,54700000,54600000
chr4_547,chr4,54800000,54700000
chr4_548,chr4,54900000,54800000
chr4_549,chr4,55000000,54900000
chr4_550,chr4,55100000,55000000
chr4_551,chr4,55200000,55100000
chr4_552,chr4,55300000,55200000
chr4_553,chr4,55400000,55300000
chr4_554,chr4,55500000,55400000
chr4_555,chr4,55600000,55500000
chr4_556,chr4,55700000,55600000
chr4_557,chr4,55800000,55700000
chr4_558,chr4,55900000,55800000
chr4_559,chr4,56000000,55900000
chr4_560,chr4,56100000,56000000
chr4_561,chr4,56200000,56100000
chr4_562,chr4,56300000,56200000
chr4_563,chr4,56400000,56300000
chr4_564,chr4,56500000,56400000
chr4_565,chr4,56600000,56500000
chr4_566,chr4,56700000,56600000
chr4_567,chr4,56800000,56700000
chr4_568,chr4,56900000,56800000
chr4_569,chr4,57000000,56900000
chr4_570,chr4,57100000,57000000
chr4_571,chr4,57200000,57100000
chr4_572,chr4,57300000,57200000
chr4_573,chr4,57400000,57300000
chr4_574,chr4,57500000,57400000
chr4_575,chr4,57600000,57500000
chr4_576,chr4,57700000,57600000
chr4_577,chr4,57800000,57700000
chr4_578,chr4,57900000,57800000
chr4_579,chr4,58000000,57900000
chr4_580,chr4,58100000,58000000
chr4_581,chr4,58200000,58100000
chr4_582,chr4,58300000,58200000
chr4_583,chr4,58400000,58300000
chr4_584,chr4,58500000,58400000
chr4_585,chr4,58600000,58500000
chr4_586,chr4,58700000,58600000
chr4_587,chr4,58800000,58700000
chr4_588,chr4,58900000,58800000
chr4_589,chr4,59000000,58900000
chr4_590,chr4,59100000,59000000
chr4_591,chr4,59200000,59100000
chr4_592,chr4,59300000,59200000
chr4_593,chr4,59400000,59300000
chr4_594,chr4,59500000,59400000
chr4_595,chr4,59600000,59500000
chr4_596,chr4,59700000,59600000
chr4_597,chr4,59800000,59700000
chr4_598,chr4,59900000,59800000
chr4_599,chr4,60000000,59900000
chr4_600,chr4,60100000,60000000
chr4_601,chr4,60200000,60100000
chr4_602,chr4,60300000,60200000
chr4_603,chr4,60400000,60300000
chr4_604,chr4,60500000,60400000
chr4_605,chr4,60600000,60500000
chr4_606,chr4,60700000,60600000
chr4_607,chr4,60800000,60700000
chr4_608,chr4,60900000,60800000
chr4_609,chr4,61000000,60900000
chr4_610,chr4,61100000,61000000
chr4_611,chr4,61200000,61100000
chr4_612,chr4,61300000,61200000
chr4_613,chr4,61400000,61300000
chr4_614,chr4,61500000,61400000
chr4_615,chr4,61600000,61500000
chr4_616,chr4,61700000,61600000
chr4_617,chr4,61800000,61700000
chr4_618,chr4,61900000,61800000
chr4_619,chr4,62000000,61900000
chr4_620,chr4,62100000,62000000
chr4_621,chr4,62200000,62100000
chr4_622,chr4,62300000,62200000
chr4_623,chr4,62400000,62300000
chr4_624,chr4,62500000,62400000
chr4_625,chr4,62600000,62500000
chr4_626,chr4,62700000,62600000
chr4_627,chr4,62800000,62700000
chr4_628,chr4,62900000,62800000
chr4_629,chr4,63000000,62900000
chr4_630,chr4,63100000,63000000
chr4_631,chr4,63200000,63100000
chr4_632,chr4,63300000,63200000
chr4_633,chr4,63400000,63300000
chr4_634,chr4,63500000,63400000
chr4_635,chr4,63600000,63500000
chr4_636,chr4,63700000,63600000
chr4_637,chr4,63800000,63700000
chr4_638,chr4,63900000,63800000
chr4_639,chr4,64000000,63900000
chr4_640,chr4,64100000,64000000
chr4_641,chr4,64200000,64100000
chr4_642,chr4,64300000,64200000
chr4_643,chr4,64400000,64300000
chr4_644,chr4,64500000,64400000
chr4_645,chr4,64600000,64500000
chr4_646,chr4,64700000,64600000
chr4_647,chr4,64800000,64700000
chr4_648,chr4,64900000,64800000
chr4_649,chr4,65000000,64900000
chr4_650,chr4,65100000,65000000
chr4_651,chr4,65200000,65100000
chr4_652,chr4,65300000,65200000
chr4_653,chr4,65400000,65300000
chr4_654,chr4,65500000,65400000
chr4_655,chr4,65600000,65500000
chr4_656,chr4,65700000,65600000
chr4_657,chr4,65800000,65700000
chr4_658,chr4,65900000,65800000
chr4_659,chr4,66000000,65900000
chr4_660,chr4,66100000,66000000
chr4_661,chr4,66200000,66100000
chr4_662,chr4,66300000,66200000
chr4_663,chr4,66400000,66300000
chr4_664,chr4,66500000,66400000
chr4_665,chr4,66600000,66500000
chr4_666,chr4,66700000,66600000
chr4_667,chr4,66800000,66700000
chr4_668,chr4,66900000,66800000
chr4_669,chr4,67000000,66900000
chr4_670,chr4,67100000,67000000
chr4_671,chr4,67200000,67100000
chr4_672,chr4,67300000,67200000
chr4_673,chr4,67400000,67300000
chr4_674,chr4,67500000,67400000
chr4_675,chr4,67600000,67500000
chr4_676,chr4,67700000,67600000
chr4_677,chr4,67800000,67700000
chr4_678,chr4,67900000,67800000
chr4_679,chr4,68000000,67900000
chr4_680,chr4,68100000,68000000
chr4_681,chr4,68200000,68100000
chr4_682,chr4,68300000,68200000
chr4_683,chr4,68400000,68300000
chr4_684,chr4,68500000,68400000
chr4_685,chr4,68600000,68500000
chr4_686,chr4,68700000,68600000
chr4_687,chr4,68800000,68700000
chr4_688,chr4,68900000,68800000
chr4_689,chr4,69000000,68900000
chr4_690,chr4,69100000,69000000
chr4_691,chr4,69200000,69100000
chr4_692,chr4,69300000,69200000
chr4_693,chr4,69400000,69300000
chr4_694,chr4,69500000,69400000
chr4_695,chr4,69600000,69500000
chr4_696,chr4,69700000,69600000
chr4_697,chr4,69800000,69700000
chr4_698,chr4,69900000,69800000
chr4_699,chr4,70000000,69900000
chr4_700,chr4,70100000,70000000
chr4_701,chr4,70200000,70100000
chr4_702,chr4,70300000,70200000
chr4_703,chr4,70400000,70300000
chr4_704,chr4,70500000,70400000
chr4_705,chr4,70600000,70500000
chr4_706,chr4,70700000,70600000
chr4_707,chr4,70800000,70700000
chr4_708,chr4,70900000,70800000
chr4_709,chr4,71000000,70900000
chr4_710,chr4,71100000,71000000
chr4_711,chr4,71200000,71100000
chr4_712,chr4,71300000,71200000
chr4_713,chr4,71400000,71300000
chr4_714,chr4,71500000,71400000
chr4_715,chr4,71600000,71500000
chr4_716,chr4,71700000,71600000
chr4_717,chr4,71800000,71700000
chr4_718,chr4,71900000,71800000
chr4_719,chr4,72000000,71900000
chr4_720,chr4,72100000,72000000
chr4_721,chr4,72200000,72100000
chr4_722,chr4,72300000,72200000
chr4_723,chr4,72400000,72300000
chr4_724,chr4,72500000,72400000
chr4_725,chr4,72600000,72500000
chr4_726,chr4,72700000,72600000
chr4_727,chr4,72800000,72700000
chr4_728,chr4,72900000,72800000
chr4_729,chr4,73000000,72900000
chr4_730,chr4,73100000,73000000
chr4_731,chr4,73200000,73100000
chr4_732,chr4,73300000,73200000
chr4_733,chr4,73400000,73300000
chr4_734,chr4,73500000,73400000
chr4_735,chr4,73600000,73500000
chr4_736,chr4,73700000,73600000
chr4_737,chr4,73800000,73700000
chr4_738,chr4,73900000,73800000
chr4_739,chr4,74000000,73900000
chr4_740,chr4,74100000,74000000
chr4_741,chr4,74200000,74100000
chr4_742,chr4,74300000,74200000
chr4_743,chr4,74400000,74300000
chr4_744,chr4,74500000,74400000
chr4_745,chr4,74600000,74500000
chr4_746,chr4,74700000,74600000
chr4_747,chr4,74800000,74700000
chr4_748,chr4,74900000,74800000
chr4_749,chr4,75000000,74900000
chr4_750,chr4,75100000,75000000
chr4_751,chr4,75200000,75100000
chr4_752,chr4,75300000,75200000
chr4_753,chr4,75400000,75300000
chr4_754,chr4,75500000,75400000
chr4_755,chr4,75600000,75500000
chr4_756,chr4,75700000,75600000
chr4_757,chr4,75800000,75700000
chr4_758,chr4,75900000,75800000
chr4_759,chr4,76000000,75900000
chr4_760,chr4,76100000,76000000
chr4_761,chr4,76200000,76100000
chr4_762,chr4,76300000,76200000
chr4_763,chr4,76400000,76300000
chr4_764,chr4,76500000,76400000
chr4_765,chr4,76600000,76500000
chr4_766,chr4,76700000,76600000
chr4_767,chr4,76800000,76700000
chr4_768,chr4,76900000,76800000
chr4_769,chr4,77000000,76900000
chr4_770,chr4,77100000,77000000
chr4_771,chr4,77200000,77100000
chr4_772,chr4,77300000,77200000
chr4_773,chr4,77400000,77300000
chr4_774,chr4,77500000,77400000
chr4_775,chr4,77600000,77500000
chr4_776,chr4,77700000,77600000
chr4_777,chr4,77800000,77700000
chr4_778,chr4,77900000,77800000
chr4_779,chr4,78000000,77900000
chr4_780,chr4,78100000,78000000
chr4_781,chr4,78200000,78100000
chr4_782,chr4,78300000,78200000
chr4_783,chr4,78400000,78300000
chr4_784,chr4,78500000,78400000
chr4_785,chr4,78600000,78500000
chr4_786,chr4,78700000,78600000
chr4_787,chr4,78800000,78700000
chr4_788,chr4,78900000,78800000
chr4_789,chr4,79000000,78900000
chr4_790,chr4,79100000,79000000
chr4_791,chr4,79200000,79100000
chr4_792,chr4,79300000,79200000
chr4_793,chr4,79400000,79300000
chr4_794,chr4,79500000,79400000
chr4_795,chr4,79600000,79500000
chr4_796,chr4,79700000,79600000
chr4_797,chr4,79800000,79700000
chr4_798,chr4,79900000,79800000
chr4_799,chr4,80000000,79900000
chr4_800,chr4,80100000,80000000
chr4_801,chr4,80200000,80100000
chr4_802,chr4,80300000,80200000
chr4_803,chr4,80400000,80300000
chr4_804,chr4,80500000,80400000
chr4_805,chr4,80600000,80500000
chr4_806,chr4,80700000,80600000
chr4_807,chr4,80800000,80700000
chr4_808,chr4,80900000,80800000
chr4_809,chr4,81000000,80900000
chr4_810,chr4,81100000,81000000
chr4_811,chr4,81200000,81100000
chr4_812,chr4,81300000,81200000
chr4_813,chr4,81400000,81300000
chr4_814,chr4,81500000,81400000
chr4_815,chr4,81600000,81500000
chr4_816,chr4,81700000,81600000
chr4_817,chr4,81800000,81700000
chr4_818,chr4,81900000,81800000
chr4_819,chr4,82000000,81900000
chr4_820,chr4,82100000,82000000
chr4_821,chr4,82200000,82100000
chr4_822,chr4,82300000,82200000
chr4_823,chr4,82400000,82300000
chr4_824,chr4,82500000,82400000
chr4_825,chr4,82600000,82500000
chr4_826,chr4,82700000,82600000
chr4_827,chr4,82800000,82700000
chr4_828,chr4,82900000,82800000
chr4_829,chr4,83000000,82900000
chr4_830,chr4,83100000,83000000
chr4_831,chr4,83200000,83100000
chr4_832,chr4,83300000,83200000
chr4_833,chr4,83400000,83300000
chr4_834,chr4,83500000,83400000
chr4_835,chr4,83600000,83500000
chr4_836,chr4,83700000,83600000
chr4_837,chr4,83800000,83700000
chr4_838,chr4,83900000,83800000
chr4_839,chr4,84000000,83900000
chr4_840,chr4,84100000,84000000
chr4_841,chr4,84200000,84100000
chr4_842,chr4,84300000,84200000
chr4_843,chr4,84400000,84300000
chr4_844,chr4,84500000,84400000
chr4_845,chr4,84600000,84500000
chr4_846,chr4,84700000,84600000
chr4_847,chr4,84800000,84700000
chr4_848,chr4,84900000,84800000
chr4_849,chr4,85000000,84900000
chr4_850,chr4,85100000,85000000
chr4_851,chr4,85200000,85100000
chr4_852,chr4,85300000,85200000
chr4_853,chr4,85400000,85300000
chr4_854,chr4,85500000,85400000
chr4_855,chr4,85600000,85500000
chr4_856,chr4,85700000,85600000
chr4_857,chr4,85800000,85700000
chr4_858,chr4,85900000,85800000
chr4_859,chr4,86000000,85900000
chr4_860,chr4,86100000,86000000
chr4_861,chr4,86200000,86100000
chr4_862,chr4,86300000,86200000
chr4_863,chr4,86400000,86300000
chr4_864,chr4,86500000,86400000
chr4_865,chr4,86600000,86500000
chr4_866,chr4,86700000,86600000
chr4_867,chr4,86800000,86700000
chr4_868,chr4,86900000,86800000
chr4_869,chr4,87000000,86900000
chr4_870,chr4,87100000,87000000
chr4_871,chr4,87200000,87100000
chr4_872,chr4,87300000,87200000
chr4_873,chr4,87400000,87300000
chr4_874,chr4,87500000,87400000
chr4_875,chr4,87600000,87500000
chr4_876,chr4,87700000,87600000
chr4_877,chr4,87800000,87700000
chr4_878,chr4,87900000,87800000
chr4_879,chr4,88000000,87900000
chr4_880,chr4,88100000,88000000
chr4_881,chr4,88200000,88100000
chr4_882,chr4,88300000,88200000
chr4_883,chr4,88400000,88300000
chr4_884,chr4,88500000,88400000
chr4_885,chr4,88600000,88500000
chr4_886,chr4,88700000,88600000
chr4_887,chr4,88800000,88700000
chr4_888,chr4,88900000,88800000
chr4_889,chr4,89000000,88900000
chr4_890,chr4,89100000,89000000
chr4_891,chr4,89200000,89100000
chr4_892,chr4,89300000,89200000
chr4_893,chr4,89400000,89300000
chr4_894,chr4,89500000,89400000
chr4_895,chr4,89600000,89500000
chr4_896,chr4,89700000,89600000
chr4_897,chr4,89800000,89700000
chr4_898,chr4,89900000,89800000
chr4_899,chr4,90000000,89900000
chr4_900,chr4,90100000,90000000
chr4_901,chr4,90200000,90100000
chr4_902,chr4,90300000,90200000
chr4_903,chr4,90400000,90300000
chr4_904,chr4,90500000,90400000
chr4_905,chr4,90600000,90500000
chr4_906,chr4,90700000,90600000
chr4_907,chr4,90800000,90700000
chr4_908,chr4,90900000,90800000
chr4_909,chr4,91000000,90900000
chr4_910,chr4,91100000,91000000
chr4_911,chr4,91200000,91100000
chr4_912,chr4,91300000,91200000
chr4_913,chr4,91400000,91300000
chr4_914,chr4,91500000,91400000
chr4_915,chr4,91600000,91500000
chr4_916,chr4,91700000,91600000
chr4_917,chr4,91800000,91700000
chr4_918,chr4,91900000,91800000
chr4_919,chr4,92000000,91900000
chr4_920,chr4,92100000,92000000
chr4_921,chr4,92200000,92100000
chr4_922,chr4,92300000,92200000
chr4_923,chr4,92400000,92300000
chr4_924,chr4,92500000,92400000
chr4_925,chr4,92600000,92500000
chr4_926,chr4,92700000,92600000
chr4_927,chr4,92800000,92700000
chr4_928,chr4,92900000,92800000
chr4_929,chr4,93000000,92900000
chr4_930,chr4,93100000,93000000
chr4_931,chr4,93200000,93100000
chr4_932,chr4,93300000,93200000
chr4_933,chr4,93400000,93300000
chr4_934,chr4,93500000,93400000
chr4_935,chr4,93600000,93500000
chr4_936,chr4,93700000,93600000
chr4_937,chr4,93800000,93700000
chr4_938,chr4,93900000,93800000
chr4_939,chr4,94000000,93900000
chr4_940,chr4,94100000,94000000
chr4_941,chr4,94200000,94100000
chr4_942,chr4,94300000,94200000
chr4_943,chr4,94400000,94300000
chr4_944,chr4,94500000,94400000
chr4_945,chr4,94600000,94500000
chr4_946,chr4,94700000,94600000
chr4_947,chr4,94800000,94700000
chr4_948,chr4,94900000,94800000
chr4_949,chr4,95000000,94900000
chr4_950,chr4,95100000,95000000
chr4_951,chr4,95200000,95100000
chr4_952,chr4,95300000,95200000
chr4_953,chr4,95400000,95300000
chr4_954,chr4,95500000,95400000
chr4_955,chr4,95600000,95500000
chr4_956,chr4,95700000,95600000
chr4_957,chr4,95800000,95700000
chr4_958,chr4,95900000,95800000
chr4_959,chr4,96000000,95900000
chr4_960,chr4,96100000,96000000
chr4_961,chr4,96200000,96100000
chr4_962,chr4,96300000,96200000
chr4_963,chr4,96400000,96300000
chr4_964,chr4,96500000,96400000
chr4_965,chr4,96600000,96500000
chr4_966,chr4,96700000,96600000
chr4_967,chr4,96800000,96700000
chr4_968,chr4,96900000,96800000
chr4_969,chr4,97000000,96900000
chr4_970,chr4,97100000,97000000
chr4_971,chr4,97200000,97100000
chr4_972,chr4,97300000,97200000
chr4_973,chr4,97400000,97300000
chr4_974,chr4,97500000,97400000
chr4_975,chr4,97600000,97500000
chr4_976,chr4,97700000,97600000
chr4_977,chr4,97800000,97700000
chr4_978,chr4,97900000,97800000
chr4_979,chr4,98000000,97900000
chr4_980,chr4,98100000,98000000
chr4_981,chr4,98200000,98100000
chr4_982,chr4,98300000,98200000
chr4_983,chr4,98400000,98300000
chr4_984,chr4,98500000,98400000
chr4_985,chr4,98600000,98500000
chr4_986,chr4,98700000,98600000
chr4_987,chr4,98800000,98700000
chr4_988,chr4,98900000,98800000
chr4_989,chr4,99000000,98900000
chr4_990,chr4,99100000,99000000
chr4_991,chr4,99200000,99100000
chr4_992,chr4,99300000,99200000
chr4_993,chr4,99400000,99300000
chr4_994,chr4,99500000,99400000
chr4_995,chr4,99600000,99500000
chr4_996,chr4,99700000,99600000
chr4_997,chr4,99800000,99700000
chr4_998,chr4,99900000,99800000
chr4_999,chr4,100000000,99900000
chr4_1000,chr4,100100000,100000000
chr4_1001,chr4,100200000,100100000
chr4_1002,chr4,100300000,100200000
chr4_1003,chr4,100400000,100300000
chr4_1004,chr4,100500000,100400000
chr4_1005,chr4,100600000,100500000
chr4_1006,chr4,100700000,100600000
chr4_1007,chr4,100800000,100700000
chr4_1008,chr4,100900000,100800000
chr4_1009,chr4,101000000,100900000
chr4_1010,chr4,101100000,101000000
chr4_1011,chr4,101200000,101100000
chr4_1012,chr4,101300000,101200000
chr4_1013,chr4,101400000,101300000
chr4_1014,chr4,101500000,101400000
chr4_1015,chr4,101600000,101500000
chr4_1016,chr4,101700000,101600000
chr4_1017,chr4,101800000,101700000
chr4_1018,chr4,101900000,101800000
chr4_1019,chr4,102000000,101900000
chr4_1020,chr4,102100000,102000000
chr4_1021,chr4,102200000,102100000
chr4_1022,chr4,102300000,102200000
chr4_1023,chr4,102400000,102300000
chr4_1024,chr4,102500000,102400000
chr4_1025,chr4,102600000,102500000
chr4_1026,chr4,102700000,102600000
chr4_1027,chr4,102800000,102700000
chr4_1028,chr4,102900000,102800000
chr4_1029,chr4,103000000,102900000
chr4_1030,chr4,103100000,103000000
chr4_1031,chr4,103200000,103100000
chr4_1032,chr4,103300000,103200000
chr4_1033,chr4,103400000,103300000
chr4_1034,chr4,103500000,103400000
chr4_1035,chr4,103600000,103500000
chr4_1036,chr4,103700000,103600000
chr4_1037,chr4,103800000,103700000
chr4_1038,chr4,103900000,103800000
chr4_1039,chr4,104000000,103900000
chr4_1040,chr4,104100000,104000000
chr4_1041,chr4,104200000,104100000
chr4_1042,chr4,104300000,104200000
chr4_1043,chr4,104400000,104300000
chr4_1044,chr4,104500000,104400000
chr4_1045,chr4,104600000,104500000
chr4_1046,chr4,104700000,104600000
chr4_1047,chr4,104800000,104700000
chr4_1048,chr4,104900000,104800000
chr4_1049,chr4,105000000,104900000
chr4_1050,chr4,105100000,105000000
chr4_1051,chr4,105200000,105100000
chr4_1052,chr4,105300000,105200000
chr4_1053,chr4,105400000,105300000
chr4_1054,chr4,105500000,105400000
chr4_1055,chr4,105600000,105500000
chr4_1056,chr4,105700000,105600000
chr4_1057,chr4,105800000,105700000
chr4_1058,chr4,105900000,105800000
chr4_1059,chr4,106000000,105900000
chr4_1060,chr4,106100000,106000000
chr4_1061,chr4,106200000,106100000
chr4_1062,chr4,106300000,106200000
chr4_1063,chr4,106400000,106300000
chr4_1064,chr4,106500000,106400000
chr4_1065,chr4,106600000,106500000
chr4_1066,chr4,106700000,106600000
chr4_1067,chr4,106800000,106700000
chr4_1068,chr4,106900000,106800000
chr4_1069,chr4,107000000,106900000
chr4_1070,chr4,107100000,107000000
chr4_1071,chr4,107200000,107100000
chr4_1072,chr4,107300000,107200000
chr4_1073,chr4,107400000,107300000
chr4_1074,chr4,107500000,107400000
chr4_1075,chr4,107600000,107500000
chr4_1076,chr4,107700000,107600000
chr4_1077,chr4,107800000,107700000
chr4_1078,chr4,107900000,107800000
chr4_1079,chr4,108000000,107900000
chr4_1080,chr4,108100000,108000000
chr4_1081,chr4,108200000,108100000
chr4_1082,chr4,108300000,108200000
chr4_1083,chr4,108400000,108300000
chr4_1084,chr4,108500000,108400000
chr4_1085,chr4,108600000,108500000
chr4_1086,chr4,108700000,108600000
chr4_1087,chr4,108800000,108700000
chr4_1088,chr4,108900000,108800000
chr4_1089,chr4,109000000,108900000
chr4_1090,chr4,109100000,109000000
chr4_1091,chr4,109200000,109100000
chr4_1092,chr4,109300000,109200000
chr4_1093,chr4,109400000,109300000
chr4_1094,chr4,109500000,109400000
chr4_1095,chr4,109600000,109500000
chr4_1096,chr4,109700000,109600000
chr4_1097,chr4,109800000,109700000
chr4_1098,chr4,109900000,109800000
chr4_1099,chr4,110000000,109900000
chr4_1100,chr4,110100000,110000000
chr4_1101,chr4,110200000,110100000
chr4_1102,chr4,110300000,110200000
chr4_1103,chr4,110400000,110300000
chr4_1104,chr4,110500000,110400000
chr4_1105,chr4,110600000,110500000
chr4_1106,chr4,110700000,110600000
chr4_1107,chr4,110800000,110700000
chr4_1108,chr4,110900000,110800000
chr4_1109,chr4,111000000,110900000
chr4_1110,chr4,111100000,111000000
chr4_1111,chr4,111200000,111100000
chr4_1112,chr4,111300000,111200000
chr4_1113,chr4,111400000,111300000
chr4_1114,chr4,111500000,111400000
chr4_1115,chr4,111600000,111500000
chr4_1116,chr4,111700000,111600000
chr4_1117,chr4,111800000,111700000
chr4_1118,chr4,111900000,111800000
chr4_1119,chr4,112000000,111900000
chr4_1120,chr4,112100000,112000000
chr4_1121,chr4,112200000,112100000
chr4_1122,chr4,112300000,112200000
chr4_1123,chr4,112400000,112300000
chr4_1124,chr4,112500000,112400000
chr4_1125,chr4,112600000,112500000
chr4_1126,chr4,112700000,112600000
chr4_1127,chr4,112800000,112700000
chr4_1128,chr4,112900000,112800000
chr4_1129,chr4,113000000,112900000
chr4_1130,chr4,113100000,113000000
chr4_1131,chr4,113200000,113100000
chr4_1132,chr4,113300000,113200000
chr4_1133,chr4,113400000,113300000
chr4_1134,chr4,113500000,113400000
chr4_1135,chr4,113600000,113500000
chr4_1136,chr4,113700000,113600000
chr4_1137,chr4,113800000,113700000
chr4_1138,chr4,113900000,113800000
chr4_1139,chr4,114000000,113900000
chr4_1140,chr4,114100000,114000000
chr4_1141,chr4,114200000,114100000
chr4_1142,chr4,114300000,114200000
chr4_1143,chr4,114400000,114300000
chr4_1144,chr4,114500000,114400000
chr4_1145,chr4,114600000,114500000
chr4_1146,chr4,114700000,114600000
chr4_1147,chr4,114800000,114700000
chr4_1148,chr4,114900000,114800000
chr4_1149,chr4,115000000,114900000
chr4_1150,chr4,115100000,115000000
chr4_1151,chr4,115200000,115100000
chr4_1152,chr4,115300000,115200000
chr4_1153,chr4,115400000,115300000
chr4_1154,chr4,115500000,115400000
chr4_1155,chr4,115600000,115500000
chr4_1156,chr4,115700000,115600000
chr4_1157,chr4,115800000,115700000
chr4_1158,chr4,115900000,115800000
chr4_1159,chr4,116000000,115900000
chr4_1160,chr4,116100000,116000000
chr4_1161,chr4,116200000,116100000
chr4_1162,chr4,116300000,116200000
chr4_1163,chr4,116400000,116300000
chr4_1164,chr4,116500000,116400000
chr4_1165,chr4,116600000,116500000
chr4_1166,chr4,116700000,116600000
chr4_1167,chr4,116800000,116700000
chr4_1168,chr4,116900000,116800000
chr4_1169,chr4,117000000,116900000
chr4_1170,chr4,117100000,117000000
chr4_1171,chr4,117200000,117100000
chr4_1172,chr4,117300000,117200000
chr4_1173,chr4,117400000,117300000
chr4_1174,chr4,117500000,117400000
chr4_1175,chr4,117600000,117500000
chr4_1176,chr4,117700000,117600000
chr4_1177,chr4,117800000,117700000
chr4_1178,chr4,117900000,117800000
chr4_1179,chr4,118000000,117900000
chr4_1180,chr4,118100000,118000000
chr4_1181,chr4,118200000,118100000
chr4_1182,chr4,118300000,118200000
chr4_1183,chr4,118400000,118300000
chr4_1184,chr4,118500000,118400000
chr4_1185,chr4,118600000,118500000
chr4_1186,chr4,118700000,118600000
chr4_1187,chr4,118800000,118700000
chr4_1188,chr4,118900000,118800000
chr4_1189,chr4,119000000,118900000
chr4_1190,chr4,119100000,119000000
chr4_1191,chr4,119200000,119100000
chr4_1192,chr4,119300000,119200000
chr4_1193,chr4,119400000,119300000
chr4_1194,chr4,119500000,119400000
chr4_1195,chr4,119600000,119500000
chr4_1196,chr4,119700000,119600000
chr4_1197,chr4,119800000,119700000
chr4_1198,chr4,119900000,119800000
chr4_1199,chr4,120000000,119900000
chr4_1200,chr4,120100000,120000000
chr4_1201,chr4,120200000,120100000
chr4_1202,chr4,120300000,120200000
chr4_1203,chr4,120400000,120300000
chr4_1204,chr4,120500000,120400000
chr4_1205,chr4,120600000,120500000
chr4_1206,chr4,120700000,120600000
chr4_1207,chr4,120800000,120700000
chr4_1208,chr4,120900000,120800000
chr4_1209,chr4,121000000,120900000
chr4_1210,chr4,121100000,121000000
chr4_1211,chr4,121200000,121100000
chr4_1212,chr4,121300000,121200000
chr4_1213,chr4,121400000,121300000
chr4_1214,chr4,121500000,121400000
chr4_1215,chr4,121600000,121500000
chr4_1216,chr4,121700000,121600000
chr4_1217,chr4,121800000,121700000
chr4_1218,chr4,121900000,121800000
chr4_1219,chr4,122000000,121900000
chr4_1220,chr4,122100000,122000000
chr4_1221,chr4,122200000,122100000
chr4_1222,chr4,122300000,122200000
chr4_1223,chr4,122400000,122300000
chr4_1224,chr4,122500000,122400000
chr4_1225,chr4,122600000,122500000
chr4_1226,chr4,122700000,122600000
chr4_1227,chr4,122800000,122700000
chr4_1228,chr4,122900000,122800000
chr4_1229,chr4,123000000,122900000
chr4_1230,chr4,123100000,123000000
chr4_1231,chr4,123200000,123100000
chr4_1232,chr4,123300000,123200000
chr4_1233,chr4,123400000,123300000
chr4_1234,chr4,123500000,123400000
chr4_1235,chr4,123600000,123500000
chr4_1236,chr4,123700000,123600000
chr4_1237,chr4,123800000,123700000
chr4_1238,chr4,123900000,123800000
chr4_1239,chr4,124000000,123900000
chr4_1240,chr4,124100000,124000000
chr4_1241,chr4,124200000,124100000
chr4_1242,chr4,124300000,124200000
chr4_1243,chr4,124400000,124300000
chr4_1244,chr4,124500000,124400000
chr4_1245,chr4,124600000,124500000
chr4_1246,chr4,124700000,124600000
chr4_1247,chr4,124800000,124700000
chr4_1248,chr4,124900000,124800000
chr4_1249,chr4,125000000,124900000
chr4_1250,chr4,125100000,125000000
chr4_1251,chr4,125200000,125100000
chr4_1252,chr4,125300000,125200000
chr4_1253,chr4,125400000,125300000
chr4_1254,chr4,125500000,125400000
chr4_1255,chr4,125600000,125500000
chr4_1256,chr4,125700000,125600000
chr4_1257,chr4,125800000,125700000
chr4_1258,chr4,125900000,125800000
chr4_1259,chr4,126000000,125900000
chr4_1260,chr4,126100000,126000000
chr4_1261,chr4,126200000,126100000
chr4_1262,chr4,126300000,126200000
chr4_1263,chr4,126400000,126300000
chr4_1264,chr4,126500000,126400000
chr4_1265,chr4,126600000,126500000
chr4_1266,chr4,126700000,126600000
chr4_1267,chr4,126800000,126700000
chr4_1268,chr4,126900000,126800000
chr4_1269,chr4,127000000,126900000
chr4_1270,chr4,127100000,127000000
chr4_1271,chr4,127200000,127100000
chr4_1272,chr4,127300000,127200000
chr4_1273,chr4,127400000,127300000
chr4_1274,chr4,127500000,127400000
chr4_1275,chr4,127600000,127500000
chr4_1276,chr4,127700000,127600000
chr4_1277,chr4,127800000,127700000
chr4_1278,chr4,127900000,127800000
chr4_1279,chr4,128000000,127900000
chr4_1280,chr4,128100000,128000000
chr4_1281,chr4,128200000,128100000
chr4_1282,chr4,128300000,128200000
chr4_1283,chr4,128400000,128300000
chr4_1284,chr4,128500000,128400000
chr4_1285,chr4,128600000,128500000
chr4_1286,chr4,128700000,128600000
chr4_1287,chr4,128800000,128700000
chr4_1288,chr4,128900000,128800000
chr4_1289,chr4,129000000,128900000
chr4_1290,chr4,129100000,129000000
chr4_1291,chr4,129200000,129100000
chr4_1292,chr4,129300000,129200000
chr4_1293,chr4,129400000,129300000
chr4_1294,chr4,129500000,129400000
chr4_1295,chr4,129600000,129500000
chr4_1296,chr4,129700000,129600000
chr4_1297,chr4,129800000,129700000
chr4_1298,chr4,129900000,129800000
chr4_1299,chr4,130000000,129900000
chr4_1300,chr4,130100000,130000000
chr4_1301,chr4,130200000,130100000
chr4_1302,chr4,130300000,130200000
chr4_1303,chr4,130400000,130300000
chr4_1304,chr4,130500000,130400000
chr4_1305,chr4,130600000,130500000
chr4_1306,chr4,130700000,130600000
chr4_1307,chr4,130800000,130700000
chr4_1308,chr4,130900000,130800000
chr4_1309,chr4,131000000,130900000
chr4_1310,chr4,131100000,131000000
chr4_1311,chr4,131200000,131100000
chr4_1312,chr4,131300000,131200000
chr4_1313,chr4,131400000,131300000
chr4_1314,chr4,131500000,131400000
chr4_1315,chr4,131600000,131500000
chr4_1316,chr4,131700000,131600000
chr4_1317,chr4,131800000,131700000
chr4_1318,chr4,131900000,131800000
chr4_1319,chr4,132000000,131900000
chr4_1320,chr4,132100000,132000000
chr4_1321,chr4,132200000,132100000
chr4_1322,chr4,132300000,132200000
chr4_1323,chr4,132400000,132300000
chr4_1324,chr4,132500000,132400000
chr4_1325,chr4,132600000,132500000
chr4_1326,chr4,132700000,132600000
chr4_1327,chr4,132800000,132700000
chr4_1328,chr4,132900000,132800000
chr4_1329,chr4,133000000,132900000
chr4_1330,chr4,133100000,133000000
chr4_1331,chr4,133200000,133100000
chr4_1332,chr4,133300000,133200000
chr4_1333,chr4,133400000,133300000
chr4_1334,chr4,133500000,133400000
chr4_1335,chr4,133600000,133500000
chr4_1336,chr4,133700000,133600000
chr4_1337,chr4,133800000,133700000
chr4_1338,chr4,133900000,133800000
chr4_1339,chr4,134000000,133900000
chr4_1340,chr4,134100000,134000000
chr4_1341,chr4,134200000,134100000
chr4_1342,chr4,134300000,134200000
chr4_1343,chr4,134400000,134300000
chr4_1344,chr4,134500000,134400000
chr4_1345,chr4,134600000,134500000
chr4_1346,chr4,134700000,134600000
chr4_1347,chr4,134800000,134700000
chr4_1348,chr4,134900000,134800000
chr4_1349,chr4,135000000,134900000
chr4_1350,chr4,135100000,135000000
chr4_1351,chr4,135200000,135100000
chr4_1352,chr4,135300000,135200000
chr4_1353,chr4,135400000,135300000
chr4_1354,chr4,135500000,135400000
chr4_1355,chr4,135600000,135500000
chr4_1356,chr4,135700000,135600000
chr4_1357,chr4,135800000,135700000
chr4_1358,chr4,135900000,135800000
chr4_1359,chr4,136000000,135900000
chr4_1360,chr4,136100000,136000000
chr4_1361,chr4,136200000,136100000
chr4_1362,chr4,136300000,136200000
chr4_1363,chr4,136400000,136300000
chr4_1364,chr4,136500000,136400000
chr4_1365,chr4,136600000,136500000
chr4_1366,chr4,136700000,136600000
chr4_1367,chr4,136800000,136700000
chr4_1368,chr4,136900000,136800000
chr4_1369,chr4,137000000,136900000
chr4_1370,chr4,137100000,137000000
chr4_1371,chr4,137200000,137100000
chr4_1372,chr4,137300000,137200000
chr4_1373,chr4,137400000,137300000
chr4_1374,chr4,137500000,137400000
chr4_1375,chr4,137600000,137500000
chr4_1376,chr4,137700000,137600000
chr4_1377,chr4,137800000,137700000
chr4_1378,chr4,137900000,137800000
chr4_1379,chr4,138000000,137900000
chr4_1380,chr4,138100000,138000000
chr4_1381,chr4,138200000,138100000
chr4_1382,chr4,138300000,138200000
chr4_1383,chr4,138400000,138300000
chr4_1384,chr4,138500000,138400000
chr4_1385,chr4,138600000,138500000
chr4_1386,chr4,138700000,138600000
chr4_1387,chr4,138800000,138700000
chr4_1388,chr4,138900000,138800000
chr4_1389,chr4,139000000,138900000
chr4_1390,chr4,139100000,139000000
chr4_1391,chr4,139200000,139100000
chr4_1392,chr4,139300000,139200000
chr4_1393,chr4,139400000,139300000
chr4_1394,chr4,139500000,139400000
chr4_1395,chr4,139600000,139500000
chr4_1396,chr4,139700000,139600000
chr4_1397,chr4,139800000,139700000
chr4_1398,chr4,139900000,139800000
chr4_1399,chr4,140000000,139900000
chr4_1400,chr4,140100000,140000000
chr4_1401,chr4,140200000,140100000
chr4_1402,chr4,140300000,140200000
chr4_1403,chr4,140400000,140300000
chr4_1404,chr4,140500000,140400000
chr4_1405,chr4,140600000,140500000
chr4_1406,chr4,140700000,140600000
chr4_1407,chr4,140800000,140700000
chr4_1408,chr4,140900000,140800000
chr4_1409,chr4,141000000,140900000
chr4_1410,chr4,141100000,141000000
chr4_1411,chr4,141200000,141100000
chr4_1412,chr4,141300000,141200000
chr4_1413,chr4,141400000,141300000
chr4_1414,chr4,141500000,141400000
chr4_1415,chr4,141600000,141500000
chr4_1416,chr4,141700000,141600000
chr4_1417,chr4,141800000,141700000
chr4_1418,chr4,141900000,141800000
chr4_1419,chr4,142000000,141900000
chr4_1420,chr4,142100000,142000000
chr4_1421,chr4,142200000,142100000
chr4_1422,chr4,142300000,142200000
chr4_1423,chr4,142400000,142300000
chr4_1424,chr4,142500000,142400000
chr4_1425,chr4,142600000,142500000
chr4_1426,chr4,142700000,142600000
chr4_1427,chr4,142800000,142700000
chr4_1428,chr4,142900000,142800000
chr4_1429,chr4,143000000,142900000
chr4_1430,chr4,143100000,143000000
chr4_1431,chr4,143200000,143100000
chr4_1432,chr4,143300000,143200000
chr4_1433,chr4,143400000,143300000
chr4_1434,chr4,143500000,143400000
chr4_1435,chr4,143600000,143500000
chr4_1436,chr4,143700000,143600000
chr4_1437,chr4,143800000,143700000
chr4_1438,chr4,143900000,143800000
chr4_1439,chr4,144000000,143900000
chr4_1440,chr4,144100000,144000000
chr4_1441,chr4,144200000,144100000
chr4_1442,chr4,144300000,144200000
chr4_1443,chr4,144400000,144300000
chr4_1444,chr4,144500000,144400000
chr4_1445,chr4,144600000,144500000
chr4_1446,chr4,144700000,144600000
chr4_1447,chr4,144800000,144700000
chr4_1448,chr4,144900000,144800000
chr4_1449,chr4,145000000,144900000
chr4_1450,chr4,145100000,145000000
chr4_1451,chr4,145200000,145100000
chr4_1452,chr4,145300000,145200000
chr4_1453,chr4,145400000,145300000
chr4_1454,chr4,145500000,145400000
chr4_1455,chr4,145600000,145500000
chr4_1456,chr4,145700000,145600000
chr4_1457,chr4,145800000,145700000
chr4_1458,chr4,145900000,145800000
chr4_1459,chr4,146000000,145900000
chr4_1460,chr4,146100000,146000000
chr4_1461,chr4,146200000,146100000
chr4_1462,chr4,146300000,146200000
chr4_1463,chr4,146400000,146300000
chr4_1464,chr4,146500000,146400000
chr4_1465,chr4,146600000,146500000
chr4_1466,chr4,146700000,146600000
chr4_1467,chr4,146800000,146700000
chr4_1468,chr4,146900000,146800000
chr4_1469,chr4,147000000,146900000
chr4_1470,chr4,147100000,147000000
chr4_1471,chr4,147200000,147100000
chr4_1472,chr4,147300000,147200000
chr4_1473,chr4,147400000,147300000
chr4_1474,chr4,147500000,147400000
chr4_1475,chr4,147600000,147500000
chr4_1476,chr4,147700000,147600000
chr4_1477,chr4,147800000,147700000
chr4_1478,chr4,147900000,147800000
chr4_1479,chr4,148000000,147900000
chr4_1480,chr4,148100000,148000000
chr4_1481,chr4,148200000,148100000
chr4_1482,chr4,148300000,148200000
chr4_1483,chr4,148400000,148300000
chr4_1484,chr4,148500000,148400000
chr4_1485,chr4,148600000,148500000
chr4_1486,chr4,148700000,148600000
chr4_1487,chr4,148800000,148700000
chr4_1488,chr4,148900000,148800000
chr4_1489,chr4,149000000,148900000
chr4_1490,chr4,149100000,149000000
chr4_1491,chr4,149200000,149100000
chr4_1492,chr4,149300000,149200000
chr4_1493,chr4,149400000,149300000
chr4_1494,chr4,149500000,149400000
chr4_1495,chr4,149600000,149500000
chr4_1496,chr4,149700000,149600000
chr4_1497,chr4,149800000,149700000
chr4_1498,chr4,149900000,149800000
chr4_1499,chr4,150000000,149900000
chr4_1500,chr4,150100000,150000000
chr4_1501,chr4,150200000,150100000
chr4_1502,chr4,150300000,150200000
chr4_1503,chr4,150400000,150300000
chr4_1504,chr4,150500000,150400000
chr4_1505,chr4,150600000,150500000
chr4_1506,chr4,150700000,150600000
chr4_1507,chr4,150800000,150700000
chr4_1508,chr4,150900000,150800000
chr4_1509,chr4,151000000,150900000
chr4_1510,chr4,151100000,151000000
chr4_1511,chr4,151200000,151100000
chr4_1512,chr4,151300000,151200000
chr4_1513,chr4,151400000,151300000
chr4_1514,chr4,151500000,151400000
chr4_1515,chr4,151600000,151500000
chr4_1516,chr4,151700000,151600000
chr4_1517,chr4,151800000,151700000
chr4_1518,chr4,151900000,151800000
chr4_1519,chr4,152000000,151900000
chr4_1520,chr4,152100000,152000000
chr4_1521,chr4,152200000,152100000
chr4_1522,chr4,152300000,152200000
chr4_1523,chr4,152400000,152300000
chr4_1524,chr4,152500000,152400000
chr4_1525,chr4,152600000,152500000
chr4_1526,chr4,152700000,152600000
chr4_1527,chr4,152800000,152700000
chr4_1528,chr4,152900000,152800000
chr4_1529,chr4,153000000,152900000
chr4_1530,chr4,153100000,153000000
chr4_1531,chr4,153200000,153100000
chr4_1532,chr4,153300000,153200000
chr4_1533,chr4,153400000,153300000
chr4_1534,chr4,153500000,153400000
chr4_1535,chr4,153600000,153500000
chr4_1536,chr4,153700000,153600000
chr4_1537,chr4,153800000,153700000
chr4_1538,chr4,153900000,153800000
chr4_1539,chr4,154000000,153900000
chr4_1540,chr4,154100000,154000000
chr4_1541,chr4,154200000,154100000
chr4_1542,chr4,154300000,154200000
chr4_1543,chr4,154400000,154300000
chr4_1544,chr4,154500000,154400000
chr4_1545,chr4,154600000,154500000
chr4_1546,chr4,154700000,154600000
chr4_1547,chr4,154800000,154700000
chr4_1548,chr4,154900000,154800000
chr4_1549,chr4,155000000,154900000
chr4_1550,chr4,155100000,155000000
chr4_1551,chr4,155200000,155100000
chr4_1552,chr4,155300000,155200000
chr4_1553,chr4,155400000,155300000
chr4_1554,chr4,155500000,155400000
chr4_1555,chr4,155600000,155500000
chr4_1556,chr4,155700000,155600000
chr4_1557,chr4,155800000,155700000
chr4_1558,chr4,155900000,155800000
chr4_1559,chr4,156000000,155900000
chr4_1560,chr4,156100000,156000000
chr4_1561,chr4,156200000,156100000
chr4_1562,chr4,156300000,156200000
chr4_1563,chr4,156400000,156300000
chr4_1564,chr4,156500000,156400000
chr4_1565,chr4,156508116,156500000
chr5_0,chr5,100000,0
chr5_1,chr5,200000,100000
chr5_2,chr5,300000,200000
chr5_3,chr5,400000,300000
chr5_4,chr5,500000,400000
chr5_5,chr5,600000,500000
chr5_6,chr5,700000,600000
chr5_7,chr5,800000,700000
chr5_8,chr5,900000,800000
chr5_9,chr5,1000000,900000
chr5_10,chr5,1100000,1000000
chr5_11,chr5,1200000,1100000
chr5_12,chr5,1300000,1200000
chr5_13,chr5,1400000,1300000
chr5_14,chr5,1500000,1400000
chr5_15,chr5,1600000,1500000
chr5_16,chr5,1700000,1600000
chr5_17,chr5,1800000,1700000
chr5_18,chr5,1900000,1800000
chr5_19,chr5,2000000,1900000
chr5_20,chr5,2100000,2000000
chr5_21,chr5,2200000,2100000
chr5_22,chr5,2300000,2200000
chr5_23,chr5,2400000,2300000
chr5_24,chr5,2500000,2400000
chr5_25,chr5,2600000,2500000
chr5_26,chr5,2700000,2600000
chr5_27,chr5,2800000,2700000
chr5_28,chr5,2900000,2800000
chr5_29,chr5,3000000,2900000
chr5_30,chr5,3100000,3000000
chr5_31,chr5,3200000,3100000
chr5_32,chr5,3300000,3200000
chr5_33,chr5,3400000,3300000
chr5_34,chr5,3500000,3400000
chr5_35,chr5,3600000,3500000
chr5_36,chr5,3700000,3600000
chr5_37,chr5,3800000,3700000
chr5_38,chr5,3900000,3800000
chr5_39,chr5,4000000,3900000
chr5_40,chr5,4100000,4000000
chr5_41,chr5,4200000,4100000
chr5_42,chr5,4300000,4200000
chr5_43,chr5,4400000,4300000
chr5_44,chr5,4500000,4400000
chr5_45,chr5,4600000,4500000
chr5_46,chr5,4700000,4600000
chr5_47,chr5,4800000,4700000
chr5_48,chr5,4900000,4800000
chr5_49,chr5,5000000,4900000
chr5_50,chr5,5100000,5000000
chr5_51,chr5,5200000,5100000
chr5_52,chr5,5300000,5200000
chr5_53,chr5,5400000,5300000
chr5_54,chr5,5500000,5400000
chr5_55,chr5,5600000,5500000
chr5_56,chr5,5700000,5600000
chr5_57,chr5,5800000,5700000
chr5_58,chr5,5900000,5800000
chr5_59,chr5,6000000,5900000
chr5_60,chr5,6100000,6000000
chr5_61,chr5,6200000,6100000
chr5_62,chr5,6300000,6200000
chr5_63,chr5,6400000,6300000
chr5_64,chr5,6500000,6400000
chr5_65,chr5,6600000,6500000
chr5_66,chr5,6700000,6600000
chr5_67,chr5,6800000,6700000
chr5_68,chr5,6900000,6800000
chr5_69,chr5,7000000,6900000
chr5_70,chr5,7100000,7000000
chr5_71,chr5,7200000,7100000
chr5_72,chr5,7300000,7200000
chr5_73,chr5,7400000,7300000
chr5_74,chr5,7500000,7400000
chr5_75,chr5,7600000,7500000
chr5_76,chr5,7700000,7600000
chr5_77,chr5,7800000,7700000
chr5_78,chr5,7900000,7800000
chr5_79,chr5,8000000,7900000
chr5_80,chr5,8100000,8000000
chr5_81,chr5,8200000,8100000
chr5_82,chr5,8300000,8200000
chr5_83,chr5,8400000,8300000
chr5_84,chr5,8500000,8400000
chr5_85,chr5,8600000,8500000
chr5_86,chr5,8700000,8600000
chr5_87,chr5,8800000,8700000
chr5_88,chr5,8900000,8800000
chr5_89,chr5,9000000,8900000
chr5_90,chr5,9100000,9000000
chr5_91,chr5,9200000,9100000
chr5_92,chr5,9300000,9200000
chr5_93,chr5,9400000,9300000
chr5_94,chr5,9500000,9400000
chr5_95,chr5,9600000,9500000
chr5_96,chr5,9700000,9600000
chr5_97,chr5,9800000,9700000
chr5_98,chr5,9900000,9800000
chr5_99,chr5,10000000,9900000
chr5_100,chr5,10100000,10000000
chr5_101,chr5,10200000,10100000
chr5_102,chr5,10300000,10200000
chr5_103,chr5,10400000,10300000
chr5_104,chr5,10500000,10400000
chr5_105,chr5,10600000,10500000
chr5_106,chr5,10700000,10600000
chr5_107,chr5,10800000,10700000
chr5_108,chr5,10900000,10800000
chr5_109,chr5,11000000,10900000
chr5_110,chr5,11100000,11000000
chr5_111,chr5,11200000,11100000
chr5_112,chr5,11300000,11200000
chr5_113,chr5,11400000,11300000
chr5_114,chr5,11500000,11400000
chr5_115,chr5,11600000,11500000
chr5_116,chr5,11700000,11600000
chr5_117,chr5,11800000,11700000
chr5_118,chr5,11900000,11800000
chr5_119,chr5,12000000,11900000
chr5_120,chr5,12100000,12000000
chr5_121,chr5,12200000,12100000
chr5_122,chr5,12300000,12200000
chr5_123,chr5,12400000,12300000
chr5_124,chr5,12500000,12400000
chr5_125,chr5,12600000,12500000
chr5_126,chr5,12700000,12600000
chr5_127,chr5,12800000,12700000
chr5_128,chr5,12900000,12800000
chr5_129,chr5,13000000,12900000
chr5_130,chr5,13100000,13000000
chr5_131,chr5,13200000,13100000
chr5_132,chr5,13300000,13200000
chr5_133,chr5,13400000,13300000
chr5_134,chr5,13500000,13400000
chr5_135,chr5,13600000,13500000
chr5_136,chr5,13700000,13600000
chr5_137,chr5,13800000,13700000
chr5_138,chr5,13900000,13800000
chr5_139,chr5,14000000,13900000
chr5_140,chr5,14100000,14000000
chr5_141,chr5,14200000,14100000
chr5_142,chr5,14300000,14200000
chr5_143,chr5,14400000,14300000
chr5_144,chr5,14500000,14400000
chr5_145,chr5,14600000,14500000
chr5_146,chr5,14700000,14600000
chr5_147,chr5,14800000,14700000
chr5_148,chr5,14900000,14800000
chr5_149,chr5,15000000,14900000
chr5_150,chr5,15100000,15000000
chr5_151,chr5,15200000,15100000
chr5_152,chr5,15300000,15200000
chr5_153,chr5,15400000,15300000
chr5_154,chr5,15500000,15400000
chr5_155,chr5,15600000,15500000
chr5_156,chr5,15700000,15600000
chr5_157,chr5,15800000,15700000
chr5_158,chr5,15900000,15800000
chr5_159,chr5,16000000,15900000
chr5_160,chr5,16100000,16000000
chr5_161,chr5,16200000,16100000
chr5_162,chr5,16300000,16200000
chr5_163,chr5,16400000,16300000
chr5_164,chr5,16500000,16400000
chr5_165,chr5,16600000,16500000
chr5_166,chr5,16700000,16600000
chr5_167,chr5,16800000,16700000
chr5_168,chr5,16900000,16800000
chr5_169,chr5,17000000,16900000
chr5_170,chr5,17100000,17000000
chr5_171,chr5,17200000,17100000
chr5_172,chr5,17300000,17200000
chr5_173,chr5,17400000,17300000
chr5_174,chr5,17500000,17400000
chr5_175,chr5,17600000,17500000
chr5_176,chr5,17700000,17600000
chr5_177,chr5,17800000,17700000
chr5_178,chr5,17900000,17800000
chr5_179,chr5,18000000,17900000
chr5_180,chr5,18100000,18000000
chr5_181,chr5,18200000,18100000
chr5_182,chr5,18300000,18200000
chr5_183,chr5,18400000,18300000
chr5_184,chr5,18500000,18400000
chr5_185,chr5,18600000,18500000
chr5_186,chr5,18700000,18600000
chr5_187,chr5,18800000,18700000
chr5_188,chr5,18900000,18800000
chr5_189,chr5,19000000,18900000
chr5_190,chr5,19100000,19000000
chr5_191,chr5,19200000,19100000
chr5_192,chr5,19300000,19200000
chr5_193,chr5,19400000,19300000
chr5_194,chr5,19500000,19400000
chr5_195,chr5,19600000,19500000
chr5_196,chr5,19700000,19600000
chr5_197,chr5,19800000,19700000
chr5_198,chr5,19900000,19800000
chr5_199,chr5,20000000,19900000
chr5_200,chr5,20100000,20000000
chr5_201,chr5,20200000,20100000
chr5_202,chr5,20300000,20200000
chr5_203,chr5,20400000,20300000
chr5_204,chr5,20500000,20400000
chr5_205,chr5,20600000,20500000
chr5_206,chr5,20700000,20600000
chr5_207,chr5,20800000,20700000
chr5_208,chr5,20900000,20800000
chr5_209,chr5,21000000,20900000
chr5_210,chr5,21100000,21000000
chr5_211,chr5,21200000,21100000
chr5_212,chr5,21300000,21200000
chr5_213,chr5,21400000,21300000
chr5_214,chr5,21500000,21400000
chr5_215,chr5,21600000,21500000
chr5_216,chr5,21700000,21600000
chr5_217,chr5,21800000,21700000
chr5_218,chr5,21900000,21800000
chr5_219,chr5,22000000,21900000
chr5_220,chr5,22100000,22000000
chr5_221,chr5,22200000,22100000
chr5_222,chr5,22300000,22200000
chr5_223,chr5,22400000,22300000
chr5_224,chr5,22500000,22400000
chr5_225,chr5,22600000,22500000
chr5_226,chr5,22700000,22600000
chr5_227,chr5,22800000,22700000
chr5_228,chr5,22900000,22800000
chr5_229,chr5,23000000,22900000
chr5_230,chr5,23100000,23000000
chr5_231,chr5,23200000,23100000
chr5_232,chr5,23300000,23200000
chr5_233,chr5,23400000,23300000
chr5_234,chr5,23500000,23400000
chr5_235,chr5,23600000,23500000
chr5_236,chr5,23700000,23600000
chr5_237,chr5,23800000,23700000
chr5_238,chr5,23900000,23800000
chr5_239,chr5,24000000,23900000
chr5_240,chr5,24100000,24000000
chr5_241,chr5,24200000,24100000
chr5_242,chr5,24300000,24200000
chr5_243,chr5,24400000,24300000
chr5_244,chr5,24500000,24400000
chr5_245,chr5,24600000,24500000
chr5_246,chr5,24700000,24600000
chr5_247,chr5,24800000,24700000
chr5_248,chr5,24900000,24800000
chr5_249,chr5,25000000,24900000
chr5_250,chr5,25100000,25000000
chr5_251,chr5,25200000,25100000
chr5_252,chr5,25300000,25200000
chr5_253,chr5,25400000,25300000
chr5_254,chr5,25500000,25400000
chr5_255,chr5,25600000,25500000
chr5_256,chr5,25700000,25600000
chr5_257,chr5,25800000,25700000
chr5_258,chr5,25900000,25800000
chr5_259,chr5,26000000,25900000
chr5_260,chr5,26100000,26000000
chr5_261,chr5,26200000,26100000
chr5_262,chr5,26300000,26200000
chr5_263,chr5,26400000,26300000
chr5_264,chr5,26500000,26400000
chr5_265,chr5,26600000,26500000
chr5_266,chr5,26700000,26600000
chr5_267,chr5,26800000,26700000
chr5_268,chr5,26900000,26800000
chr5_269,chr5,27000000,26900000
chr5_270,chr5,27100000,27000000
chr5_271,chr5,27200000,27100000
chr5_272,chr5,27300000,27200000
chr5_273,chr5,27400000,27300000
chr5_274,chr5,27500000,27400000
chr5_275,chr5,27600000,27500000
chr5_276,chr5,27700000,27600000
chr5_277,chr5,27800000,27700000
chr5_278,chr5,27900000,27800000
chr5_279,chr5,28000000,27900000
chr5_280,chr5,28100000,28000000
chr5_281,chr5,28200000,28100000
chr5_282,chr5,28300000,28200000
chr5_283,chr5,28400000,28300000
chr5_284,chr5,28500000,28400000
chr5_285,chr5,28600000,28500000
chr5_286,chr5,28700000,28600000
chr5_287,chr5,28800000,28700000
chr5_288,chr5,28900000,28800000
chr5_289,chr5,29000000,28900000
chr5_290,chr5,29100000,29000000
chr5_291,chr5,29200000,29100000
chr5_292,chr5,29300000,29200000
chr5_293,chr5,29400000,29300000
chr5_294,chr5,29500000,29400000
chr5_295,chr5,29600000,29500000
chr5_296,chr5,29700000,29600000
chr5_297,chr5,29800000,29700000
chr5_298,chr5,29900000,29800000
chr5_299,chr5,30000000,29900000
chr5_300,chr5,30100000,30000000
chr5_301,chr5,30200000,30100000
chr5_302,chr5,30300000,30200000
chr5_303,chr5,30400000,30300000
chr5_304,chr5,30500000,30400000
chr5_305,chr5,30600000,30500000
chr5_306,chr5,30700000,30600000
chr5_307,chr5,30800000,30700000
chr5_308,chr5,30900000,30800000
chr5_309,chr5,31000000,30900000
chr5_310,chr5,31100000,31000000
chr5_311,chr5,31200000,31100000
chr5_312,chr5,31300000,31200000
chr5_313,chr5,31400000,31300000
chr5_314,chr5,31500000,31400000
chr5_315,chr5,31600000,31500000
chr5_316,chr5,31700000,31600000
chr5_317,chr5,31800000,31700000
chr5_318,chr5,31900000,31800000
chr5_319,chr5,32000000,31900000
chr5_320,chr5,32100000,32000000
chr5_321,chr5,32200000,32100000
chr5_322,chr5,32300000,32200000
chr5_323,chr5,32400000,32300000
chr5_324,chr5,32500000,32400000
chr5_325,chr5,32600000,32500000
chr5_326,chr5,32700000,32600000
chr5_327,chr5,32800000,32700000
chr5_328,chr5,32900000,32800000
chr5_329,chr5,33000000,32900000
chr5_330,chr5,33100000,33000000
chr5_331,chr5,33200000,33100000
chr5_332,chr5,33300000,33200000
chr5_333,chr5,33400000,33300000
chr5_334,chr5,33500000,33400000
chr5_335,chr5,33600000,33500000
chr5_336,chr5,33700000,33600000
chr5_337,chr5,33800000,33700000
chr5_338,chr5,33900000,33800000
chr5_339,chr5,34000000,33900000
chr5_340,chr5,34100000,34000000
chr5_341,chr5,34200000,34100000
chr5_342,chr5,34300000,34200000
chr5_343,chr5,34400000,34300000
chr5_344,chr5,34500000,34400000
chr5_345,chr5,34600000,34500000
chr5_346,chr5,34700000,34600000
chr5_347,chr5,34800000,34700000
chr5_348,chr5,34900000,34800000
chr5_349,chr5,35000000,34900000
chr5_350,chr5,35100000,35000000
chr5_351,chr5,35200000,35100000
chr5_352,chr5,35300000,35200000
chr5_353,chr5,35400000,35300000
chr5_354,chr5,35500000,35400000
chr5_355,chr5,35600000,35500000
chr5_356,chr5,35700000,35600000
chr5_357,chr5,35800000,35700000
chr5_358,chr5,35900000,35800000
chr5_359,chr5,36000000,35900000
chr5_360,chr5,36100000,36000000
chr5_361,chr5,36200000,36100000
chr5_362,chr5,36300000,36200000
chr5_363,chr5,36400000,36300000
chr5_364,chr5,36500000,36400000
chr5_365,chr5,36600000,36500000
chr5_366,chr5,36700000,36600000
chr5_367,chr5,36800000,36700000
chr5_368,chr5,36900000,36800000
chr5_369,chr5,37000000,36900000
chr5_370,chr5,37100000,37000000
chr5_371,chr5,37200000,37100000
chr5_372,chr5,37300000,37200000
chr5_373,chr5,37400000,37300000
chr5_374,chr5,37500000,37400000
chr5_375,chr5,37600000,37500000
chr5_376,chr5,37700000,37600000
chr5_377,chr5,37800000,37700000
chr5_378,chr5,37900000,37800000
chr5_379,chr5,38000000,37900000
chr5_380,chr5,38100000,38000000
chr5_381,chr5,38200000,38100000
chr5_382,chr5,38300000,38200000
chr5_383,chr5,38400000,38300000
chr5_384,chr5,38500000,38400000
chr5_385,chr5,38600000,38500000
chr5_386,chr5,38700000,38600000
chr5_387,chr5,38800000,38700000
chr5_388,chr5,38900000,38800000
chr5_389,chr5,39000000,38900000
chr5_390,chr5,39100000,39000000
chr5_391,chr5,39200000,39100000
chr5_392,chr5,39300000,39200000
chr5_393,chr5,39400000,39300000
chr5_394,chr5,39500000,39400000
chr5_395,chr5,39600000,39500000
chr5_396,chr5,39700000,39600000
chr5_397,chr5,39800000,39700000
chr5_398,chr5,39900000,39800000
chr5_399,chr5,40000000,39900000
chr5_400,chr5,40100000,40000000
chr5_401,chr5,40200000,40100000
chr5_402,chr5,40300000,40200000
chr5_403,chr5,40400000,40300000
chr5_404,chr5,40500000,40400000
chr5_405,chr5,40600000,40500000
chr5_406,chr5,40700000,40600000
chr5_407,chr5,40800000,40700000
chr5_408,chr5,40900000,40800000
chr5_409,chr5,41000000,40900000
chr5_410,chr5,41100000,41000000
chr5_411,chr5,41200000,41100000
chr5_412,chr5,41300000,41200000
chr5_413,chr5,41400000,41300000
chr5_414,chr5,41500000,41400000
chr5_415,chr5,41600000,41500000
chr5_416,chr5,41700000,41600000
chr5_417,chr5,41800000,41700000
chr5_418,chr5,41900000,41800000
chr5_419,chr5,42000000,41900000
chr5_420,chr5,42100000,42000000
chr5_421,chr5,42200000,42100000
chr5_422,chr5,42300000,42200000
chr5_423,chr5,42400000,42300000
chr5_424,chr5,42500000,42400000
chr5_425,chr5,42600000,42500000
chr5_426,chr5,42700000,42600000
chr5_427,chr5,42800000,42700000
chr5_428,chr5,42900000,42800000
chr5_429,chr5,43000000,42900000
chr5_430,chr5,43100000,43000000
chr5_431,chr5,43200000,43100000
chr5_432,chr5,43300000,43200000
chr5_433,chr5,43400000,43300000
chr5_434,chr5,43500000,43400000
chr5_435,chr5,43600000,43500000
chr5_436,chr5,43700000,43600000
chr5_437,chr5,43800000,43700000
chr5_438,chr5,43900000,43800000
chr5_439,chr5,44000000,43900000
chr5_440,chr5,44100000,44000000
chr5_441,chr5,44200000,44100000
chr5_442,chr5,44300000,44200000
chr5_443,chr5,44400000,44300000
chr5_444,chr5,44500000,44400000
chr5_445,chr5,44600000,44500000
chr5_446,chr5,44700000,44600000
chr5_447,chr5,44800000,44700000
chr5_448,chr5,44900000,44800000
chr5_449,chr5,45000000,44900000
chr5_450,chr5,45100000,45000000
chr5_451,chr5,45200000,45100000
chr5_452,chr5,45300000,45200000
chr5_453,chr5,45400000,45300000
chr5_454,chr5,45500000,45400000
chr5_455,chr5,45600000,45500000
chr5_456,chr5,45700000,45600000
chr5_457,chr5,45800000,45700000
chr5_458,chr5,45900000,45800000
chr5_459,chr5,46000000,45900000
chr5_460,chr5,46100000,46000000
chr5_461,chr5,46200000,46100000
chr5_462,chr5,46300000,46200000
chr5_463,chr5,46400000,46300000
chr5_464,chr5,46500000,46400000
chr5_465,chr5,46600000,46500000
chr5_466,chr5,46700000,46600000
chr5_467,chr5,46800000,46700000
chr5_468,chr5,46900000,46800000
chr5_469,chr5,47000000,46900000
chr5_470,chr5,47100000,47000000
chr5_471,chr5,47200000,47100000
chr5_472,chr5,47300000,47200000
chr5_473,chr5,47400000,47300000
chr5_474,chr5,47500000,47400000
chr5_475,chr5,47600000,47500000
chr5_476,chr5,47700000,47600000
chr5_477,chr5,47800000,47700000
chr5_478,chr5,47900000,47800000
chr5_479,chr5,48000000,47900000
chr5_480,chr5,48100000,48000000
chr5_481,chr5,48200000,48100000
chr5_482,chr5,48300000,48200000
chr5_483,chr5,48400000,48300000
chr5_484,chr5,48500000,48400000
chr5_485,chr5,48600000,48500000
chr5_486,chr5,48700000,48600000
chr5_487,chr5,48800000,48700000
chr5_488,chr5,48900000,48800000
chr5_489,chr5,49000000,48900000
chr5_490,chr5,49100000,49000000
chr5_491,chr5,49200000,49100000
chr5_492,chr5,49300000,49200000
chr5_493,chr5,49400000,49300000
chr5_494,chr5,49500000,49400000
chr5_495,chr5,49600000,49500000
chr5_496,chr5,49700000,49600000
chr5_497,chr5,49800000,49700000
chr5_498,chr5,49900000,49800000
chr5_499,chr5,50000000,49900000
chr5_500,chr5,50100000,50000000
chr5_501,chr5,50200000,50100000
chr5_502,chr5,50300000,50200000
chr5_503,chr5,50400000,50300000
chr5_504,chr5,50500000,50400000
chr5_505,chr5,50600000,50500000
chr5_506,chr5,50700000,50600000
chr5_507,chr5,50800000,50700000
chr5_508,chr5,50900000,50800000
chr5_509,chr5,51000000,50900000
chr5_510,chr5,51100000,51000000
chr5_511,chr5,51200000,51100000
chr5_512,chr5,51300000,51200000
chr5_513,chr5,51400000,51300000
chr5_514,chr5,51500000,51400000
chr5_515,chr5,51600000,51500000
chr5_516,chr5,51700000,51600000
chr5_517,chr5,51800000,51700000
chr5_518,chr5,51900000,51800000
chr5_519,chr5,52000000,51900000
chr5_520,chr5,52100000,52000000
chr5_521,chr5,52200000,52100000
chr5_522,chr5,52300000,52200000
chr5_523,chr5,52400000,52300000
chr5_524,chr5,52500000,52400000
chr5_525,chr5,52600000,52500000
chr5_526,chr5,52700000,52600000
chr5_527,chr5,52800000,52700000
chr5_528,chr5,52900000,52800000
chr5_529,chr5,53000000,52900000
chr5_530,chr5,53100000,53000000
chr5_531,chr5,53200000,53100000
chr5_532,chr5,53300000,53200000
chr5_533,chr5,53400000,53300000
chr5_534,chr5,53500000,53400000
chr5_535,chr5,53600000,53500000
chr5_536,chr5,53700000,53600000
chr5_537,chr5,53800000,53700000
chr5_538,chr5,53900000,53800000
chr5_539,chr5,54000000,53900000
chr5_540,chr5,54100000,54000000
chr5_541,chr5,54200000,54100000
chr5_542,chr5,54300000,54200000
chr5_543,chr5,54400000,54300000
chr5_544,chr5,54500000,54400000
chr5_545,chr5,54600000,54500000
chr5_546,chr5,54700000,54600000
chr5_547,chr5,54800000,54700000
chr5_548,chr5,54900000,54800000
chr5_549,chr5,55000000,54900000
chr5_550,chr5,55100000,55000000
chr5_551,chr5,55200000,55100000
chr5_552,chr5,55300000,55200000
chr5_553,chr5,55400000,55300000
chr5_554,chr5,55500000,55400000
chr5_555,chr5,55600000,55500000
chr5_556,chr5,55700000,55600000
chr5_557,chr5,55800000,55700000
chr5_558,chr5,55900000,55800000
chr5_559,chr5,56000000,55900000
chr5_560,chr5,56100000,56000000
chr5_561,chr5,56200000,56100000
chr5_562,chr5,56300000,56200000
chr5_563,chr5,56400000,56300000
chr5_564,chr5,56500000,56400000
chr5_565,chr5,56600000,56500000
chr5_566,chr5,56700000,56600000
chr5_567,chr5,56800000,56700000
chr5_568,chr5,56900000,56800000
chr5_569,chr5,57000000,56900000
chr5_570,chr5,57100000,57000000
chr5_571,chr5,57200000,57100000
chr5_572,chr5,57300000,57200000
chr5_573,chr5,57400000,57300000
chr5_574,chr5,57500000,57400000
chr5_575,chr5,57600000,57500000
chr5_576,chr5,57700000,57600000
chr5_577,chr5,57800000,57700000
chr5_578,chr5,57900000,57800000
chr5_579,chr5,58000000,57900000
chr5_580,chr5,58100000,58000000
chr5_581,chr5,58200000,58100000
chr5_582,chr5,58300000,58200000
chr5_583,chr5,58400000,58300000
chr5_584,chr5,58500000,58400000
chr5_585,chr5,58600000,58500000
chr5_586,chr5,58700000,58600000
chr5_587,chr5,58800000,58700000
chr5_588,chr5,58900000,58800000
chr5_589,chr5,59000000,58900000
chr5_590,chr5,59100000,59000000
chr5_591,chr5,59200000,59100000
chr5_592,chr5,59300000,59200000
chr5_593,chr5,59400000,59300000
chr5_594,chr5,59500000,59400000
chr5_595,chr5,59600000,59500000
chr5_596,chr5,59700000,59600000
chr5_597,chr5,59800000,59700000
chr5_598,chr5,59900000,59800000
chr5_599,chr5,60000000,59900000
chr5_600,chr5,60100000,60000000
chr5_601,chr5,60200000,60100000
chr5_602,chr5,60300000,60200000
chr5_603,chr5,60400000,60300000
chr5_604,chr5,60500000,60400000
chr5_605,chr5,60600000,60500000
chr5_606,chr5,60700000,60600000
chr5_607,chr5,60800000,60700000
chr5_608,chr5,60900000,60800000
chr5_609,chr5,61000000,60900000
chr5_610,chr5,61100000,61000000
chr5_611,chr5,61200000,61100000
chr5_612,chr5,61300000,61200000
chr5_613,chr5,61400000,61300000
chr5_614,chr5,61500000,61400000
chr5_615,chr5,61600000,61500000
chr5_616,chr5,61700000,61600000
chr5_617,chr5,61800000,61700000
chr5_618,chr5,61900000,61800000
chr5_619,chr5,62000000,61900000
chr5_620,chr5,62100000,62000000
chr5_621,chr5,62200000,62100000
chr5_622,chr5,62300000,62200000
chr5_623,chr5,62400000,62300000
chr5_624,chr5,62500000,62400000
chr5_625,chr5,62600000,62500000
chr5_626,chr5,62700000,62600000
chr5_627,chr5,62800000,62700000
chr5_628,chr5,62900000,62800000
chr5_629,chr5,63000000,62900000
chr5_630,chr5,63100000,63000000
chr5_631,chr5,63200000,63100000
chr5_632,chr5,63300000,63200000
chr5_633,chr5,63400000,63300000
chr5_634,chr5,63500000,63400000
chr5_635,chr5,63600000,63500000
chr5_636,chr5,63700000,63600000
chr5_637,chr5,63800000,63700000
chr5_638,chr5,63900000,63800000
chr5_639,chr5,64000000,63900000
chr5_640,chr5,64100000,64000000
chr5_641,chr5,64200000,64100000
chr5_642,chr5,64300000,64200000
chr5_643,chr5,64400000,64300000
chr5_644,chr5,64500000,64400000
chr5_645,chr5,64600000,64500000
chr5_646,chr5,64700000,64600000
chr5_647,chr5,64800000,64700000
chr5_648,chr5,64900000,64800000
chr5_649,chr5,65000000,64900000
chr5_650,chr5,65100000,65000000
chr5_651,chr5,65200000,65100000
chr5_652,chr5,65300000,65200000
chr5_653,chr5,65400000,65300000
chr5_654,chr5,65500000,65400000
chr5_655,chr5,65600000,65500000
chr5_656,chr5,65700000,65600000
chr5_657,chr5,65800000,65700000
chr5_658,chr5,65900000,65800000
chr5_659,chr5,66000000,65900000
chr5_660,chr5,66100000,66000000
chr5_661,chr5,66200000,66100000
chr5_662,chr5,66300000,66200000
chr5_663,chr5,66400000,66300000
chr5_664,chr5,66500000,66400000
chr5_665,chr5,66600000,66500000
chr5_666,chr5,66700000,66600000
chr5_667,chr5,66800000,66700000
chr5_668,chr5,66900000,66800000
chr5_669,chr5,67000000,66900000
chr5_670,chr5,67100000,67000000
chr5_671,chr5,67200000,67100000
chr5_672,chr5,67300000,67200000
chr5_673,chr5,67400000,67300000
chr5_674,chr5,67500000,67400000
chr5_675,chr5,67600000,67500000
chr5_676,chr5,67700000,67600000
chr5_677,chr5,67800000,67700000
chr5_678,chr5,67900000,67800000
chr5_679,chr5,68000000,67900000
chr5_680,chr5,68100000,68000000
chr5_681,chr5,68200000,68100000
chr5_682,chr5,68300000,68200000
chr5_683,chr5,68400000,68300000
chr5_684,chr5,68500000,68400000
chr5_685,chr5,68600000,68500000
chr5_686,chr5,68700000,68600000
chr5_687,chr5,68800000,68700000
chr5_688,chr5,68900000,68800000
chr5_689,chr5,69000000,68900000
chr5_690,chr5,69100000,69000000
chr5_691,chr5,69200000,69100000
chr5_692,chr5,69300000,69200000
chr5_693,chr5,69400000,69300000
chr5_694,chr5,69500000,69400000
chr5_695,chr5,69600000,69500000
chr5_696,chr5,69700000,69600000
chr5_697,chr5,69800000,69700000
chr5_698,chr5,69900000,69800000
chr5_699,chr5,70000000,69900000
chr5_700,chr5,70100000,70000000
chr5_701,chr5,70200000,70100000
chr5_702,chr5,70300000,70200000
chr5_703,chr5,70400000,70300000
chr5_704,chr5,70500000,70400000
chr5_705,chr5,70600000,70500000
chr5_706,chr5,70700000,70600000
chr5_707,chr5,70800000,70700000
chr5_708,chr5,70900000,70800000
chr5_709,chr5,71000000,70900000
chr5_710,chr5,71100000,71000000
chr5_711,chr5,71200000,71100000
chr5_712,chr5,71300000,71200000
chr5_713,chr5,71400000,71300000
chr5_714,chr5,71500000,71400000
chr5_715,chr5,71600000,71500000
chr5_716,chr5,71700000,71600000
chr5_717,chr5,71800000,71700000
chr5_718,chr5,71900000,71800000
chr5_719,chr5,72000000,71900000
chr5_720,chr5,72100000,72000000
chr5_721,chr5,72200000,72100000
chr5_722,chr5,72300000,72200000
chr5_723,chr5,72400000,72300000
chr5_724,chr5,72500000,72400000
chr5_725,chr5,72600000,72500000
chr5_726,chr5,72700000,72600000
chr5_727,chr5,72800000,72700000
chr5_728,chr5,72900000,72800000
chr5_729,chr5,73000000,72900000
chr5_730,chr5,73100000,73000000
chr5_731,chr5,73200000,73100000
chr5_732,chr5,73300000,73200000
chr5_733,chr5,73400000,73300000
chr5_734,chr5,73500000,73400000
chr5_735,chr5,73600000,73500000
chr5_736,chr5,73700000,73600000
chr5_737,chr5,73800000,73700000
chr5_738,chr5,73900000,73800000
chr5_739,chr5,74000000,73900000
chr5_740,chr5,74100000,74000000
chr5_741,chr5,74200000,74100000
chr5_742,chr5,74300000,74200000
chr5_743,chr5,74400000,74300000
chr5_744,chr5,74500000,74400000
chr5_745,chr5,74600000,74500000
chr5_746,chr5,74700000,74600000
chr5_747,chr5,74800000,74700000
chr5_748,chr5,74900000,74800000
chr5_749,chr5,75000000,74900000
chr5_750,chr5,75100000,75000000
chr5_751,chr5,75200000,75100000
chr5_752,chr5,75300000,75200000
chr5_753,chr5,75400000,75300000
chr5_754,chr5,75500000,75400000
chr5_755,chr5,75600000,75500000
chr5_756,chr5,75700000,75600000
chr5_757,chr5,75800000,75700000
chr5_758,chr5,75900000,75800000
chr5_759,chr5,76000000,75900000
chr5_760,chr5,76100000,76000000
chr5_761,chr5,76200000,76100000
chr5_762,chr5,76300000,76200000
chr5_763,chr5,76400000,76300000
chr5_764,chr5,76500000,76400000
chr5_765,chr5,76600000,76500000
chr5_766,chr5,76700000,76600000
chr5_767,chr5,76800000,76700000
chr5_768,chr5,76900000,76800000
chr5_769,chr5,77000000,76900000
chr5_770,chr5,77100000,77000000
chr5_771,chr5,77200000,77100000
chr5_772,chr5,77300000,77200000
chr5_773,chr5,77400000,77300000
chr5_774,chr5,77500000,77400000
chr5_775,chr5,77600000,77500000
chr5_776,chr5,77700000,77600000
chr5_777,chr5,77800000,77700000
chr5_778,chr5,77900000,77800000
chr5_779,chr5,78000000,77900000
chr5_780,chr5,78100000,78000000
chr5_781,chr5,78200000,78100000
chr5_782,chr5,78300000,78200000
chr5_783,chr5,78400000,78300000
chr5_784,chr5,78500000,78400000
chr5_785,chr5,78600000,78500000
chr5_786,chr5,78700000,78600000
chr5_787,chr5,78800000,78700000
chr5_788,chr5,78900000,78800000
chr5_789,chr5,79000000,78900000
chr5_790,chr5,79100000,79000000
chr5_791,chr5,79200000,79100000
chr5_792,chr5,79300000,79200000
chr5_793,chr5,79400000,79300000
chr5_794,chr5,79500000,79400000
chr5_795,chr5,79600000,79500000
chr5_796,chr5,79700000,79600000
chr5_797,chr5,79800000,79700000
chr5_798,chr5,79900000,79800000
chr5_799,chr5,80000000,79900000
chr5_800,chr5,80100000,80000000
chr5_801,chr5,80200000,80100000
chr5_802,chr5,80300000,80200000
chr5_803,chr5,80400000,80300000
chr5_804,chr5,80500000,80400000
chr5_805,chr5,80600000,80500000
chr5_806,chr5,80700000,80600000
chr5_807,chr5,80800000,80700000
chr5_808,chr5,80900000,80800000
chr5_809,chr5,81000000,80900000
chr5_810,chr5,81100000,81000000
chr5_811,chr5,81200000,81100000
chr5_812,chr5,81300000,81200000
chr5_813,chr5,81400000,81300000
chr5_814,chr5,81500000,81400000
chr5_815,chr5,81600000,81500000
chr5_816,chr5,81700000,81600000
chr5_817,chr5,81800000,81700000
chr5_818,chr5,81900000,81800000
chr5_819,chr5,82000000,81900000
chr5_820,chr5,82100000,82000000
chr5_821,chr5,82200000,82100000
chr5_822,chr5,82300000,82200000
chr5_823,chr5,82400000,82300000
chr5_824,chr5,82500000,82400000
chr5_825,chr5,82600000,82500000
chr5_826,chr5,82700000,82600000
chr5_827,chr5,82800000,82700000
chr5_828,chr5,82900000,82800000
chr5_829,chr5,83000000,82900000
chr5_830,chr5,83100000,83000000
chr5_831,chr5,83200000,83100000
chr5_832,chr5,83300000,83200000
chr5_833,chr5,83400000,83300000
chr5_834,chr5,83500000,83400000
chr5_835,chr5,83600000,83500000
chr5_836,chr5,83700000,83600000
chr5_837,chr5,83800000,83700000
chr5_838,chr5,83900000,83800000
chr5_839,chr5,84000000,83900000
chr5_840,chr5,84100000,84000000
chr5_841,chr5,84200000,84100000
chr5_842,chr5,84300000,84200000
chr5_843,chr5,84400000,84300000
chr5_844,chr5,84500000,84400000
chr5_845,chr5,84600000,84500000
chr5_846,chr5,84700000,84600000
chr5_847,chr5,84800000,84700000
chr5_848,chr5,84900000,84800000
chr5_849,chr5,85000000,84900000
chr5_850,chr5,85100000,85000000
chr5_851,chr5,85200000,85100000
chr5_852,chr5,85300000,85200000
chr5_853,chr5,85400000,85300000
chr5_854,chr5,85500000,85400000
chr5_855,chr5,85600000,85500000
chr5_856,chr5,85700000,85600000
chr5_857,chr5,85800000,85700000
chr5_858,chr5,85900000,85800000
chr5_859,chr5,86000000,85900000
chr5_860,chr5,86100000,86000000
chr5_861,chr5,86200000,86100000
chr5_862,chr5,86300000,86200000
chr5_863,chr5,86400000,86300000
chr5_864,chr5,86500000,86400000
chr5_865,chr5,86600000,86500000
chr5_866,chr5,86700000,86600000
chr5_867,chr5,86800000,86700000
chr5_868,chr5,86900000,86800000
chr5_869,chr5,87000000,86900000
chr5_870,chr5,87100000,87000000
chr5_871,chr5,87200000,87100000
chr5_872,chr5,87300000,87200000
chr5_873,chr5,87400000,87300000
chr5_874,chr5,87500000,87400000
chr5_875,chr5,87600000,87500000
chr5_876,chr5,87700000,87600000
chr5_877,chr5,87800000,87700000
chr5_878,chr5,87900000,87800000
chr5_879,chr5,88000000,87900000
chr5_880,chr5,88100000,88000000
chr5_881,chr5,88200000,88100000
chr5_882,chr5,88300000,88200000
chr5_883,chr5,88400000,88300000
chr5_884,chr5,88500000,88400000
chr5_885,chr5,88600000,88500000
chr5_886,chr5,88700000,88600000
chr5_887,chr5,88800000,88700000
chr5_888,chr5,88900000,88800000
chr5_889,chr5,89000000,88900000
chr5_890,chr5,89100000,89000000
chr5_891,chr5,89200000,89100000
chr5_892,chr5,89300000,89200000
chr5_893,chr5,89400000,89300000
chr5_894,chr5,89500000,89400000
chr5_895,chr5,89600000,89500000
chr5_896,chr5,89700000,89600000
chr5_897,chr5,89800000,89700000
chr5_898,chr5,89900000,89800000
chr5_899,chr5,90000000,89900000
chr5_900,chr5,90100000,90000000
chr5_901,chr5,90200000,90100000
chr5_902,chr5,90300000,90200000
chr5_903,chr5,90400000,90300000
chr5_904,chr5,90500000,90400000
chr5_905,chr5,90600000,90500000
chr5_906,chr5,90700000,90600000
chr5_907,chr5,90800000,90700000
chr5_908,chr5,90900000,90800000
chr5_909,chr5,91000000,90900000
chr5_910,chr5,91100000,91000000
chr5_911,chr5,91200000,91100000
chr5_912,chr5,91300000,91200000
chr5_913,chr5,91400000,91300000
chr5_914,chr5,91500000,91400000
chr5_915,chr5,91600000,91500000
chr5_916,chr5,91700000,91600000
chr5_917,chr5,91800000,91700000
chr5_918,chr5,91900000,91800000
chr5_919,chr5,92000000,91900000
chr5_920,chr5,92100000,92000000
chr5_921,chr5,92200000,92100000
chr5_922,chr5,92300000,92200000
chr5_923,chr5,92400000,92300000
chr5_924,chr5,92500000,92400000
chr5_925,chr5,92600000,92500000
chr5_926,chr5,92700000,92600000
chr5_927,chr5,92800000,92700000
chr5_928,chr5,92900000,92800000
chr5_929,chr5,93000000,92900000
chr5_930,chr5,93100000,93000000
chr5_931,chr5,93200000,93100000
chr5_932,chr5,93300000,93200000
chr5_933,chr5,93400000,93300000
chr5_934,chr5,93500000,93400000
chr5_935,chr5,93600000,93500000
chr5_936,chr5,93700000,93600000
chr5_937,chr5,93800000,93700000
chr5_938,chr5,93900000,93800000
chr5_939,chr5,94000000,93900000
chr5_940,chr5,94100000,94000000
chr5_941,chr5,94200000,94100000
chr5_942,chr5,94300000,94200000
chr5_943,chr5,94400000,94300000
chr5_944,chr5,94500000,94400000
chr5_945,chr5,94600000,94500000
chr5_946,chr5,94700000,94600000
chr5_947,chr5,94800000,94700000
chr5_948,chr5,94900000,94800000
chr5_949,chr5,95000000,94900000
chr5_950,chr5,95100000,95000000
chr5_951,chr5,95200000,95100000
chr5_952,chr5,95300000,95200000
chr5_953,chr5,95400000,95300000
chr5_954,chr5,95500000,95400000
chr5_955,chr5,95600000,95500000
chr5_956,chr5,95700000,95600000
chr5_957,chr5,95800000,95700000
chr5_958,chr5,95900000,95800000
chr5_959,chr5,96000000,95900000
chr5_960,chr5,96100000,96000000
chr5_961,chr5,96200000,96100000
chr5_962,chr5,96300000,96200000
chr5_963,chr5,96400000,96300000
chr5_964,chr5,96500000,96400000
chr5_965,chr5,96600000,96500000
chr5_966,chr5,96700000,96600000
chr5_967,chr5,96800000,96700000
chr5_968,chr5,96900000,96800000
chr5_969,chr5,97000000,96900000
chr5_970,chr5,97100000,97000000
chr5_971,chr5,97200000,97100000
chr5_972,chr5,97300000,97200000
chr5_973,chr5,97400000,97300000
chr5_974,chr5,97500000,97400000
chr5_975,chr5,97600000,97500000
chr5_976,chr5,97700000,97600000
chr5_977,chr5,97800000,97700000
chr5_978,chr5,97900000,97800000
chr5_979,chr5,98000000,97900000
chr5_980,chr5,98100000,98000000
chr5_981,chr5,98200000,98100000
chr5_982,chr5,98300000,98200000
chr5_983,chr5,98400000,98300000
chr5_984,chr5,98500000,98400000
chr5_985,chr5,98600000,98500000
chr5_986,chr5,98700000,98600000
chr5_987,chr5,98800000,98700000
chr5_988,chr5,98900000,98800000
chr5_989,chr5,99000000,98900000
chr5_990,chr5,99100000,99000000
chr5_991,chr5,99200000,99100000
chr5_992,chr5,99300000,99200000
chr5_993,chr5,99400000,99300000
chr5_994,chr5,99500000,99400000
chr5_995,chr5,99600000,99500000
chr5_996,chr5,99700000,99600000
chr5_997,chr5,99800000,99700000
chr5_998,chr5,99900000,99800000
chr5_999,chr5,100000000,99900000
chr5_1000,chr5,100100000,100000000
chr5_1001,chr5,100200000,100100000
chr5_1002,chr5,100300000,100200000
chr5_1003,chr5,100400000,100300000
chr5_1004,chr5,100500000,100400000
chr5_1005,chr5,100600000,100500000
chr5_1006,chr5,100700000,100600000
chr5_1007,chr5,100800000,100700000
chr5_1008,chr5,100900000,100800000
chr5_1009,chr5,101000000,100900000
chr5_1010,chr5,101100000,101000000
chr5_1011,chr5,101200000,101100000
chr5_1012,chr5,101300000,101200000
chr5_1013,chr5,101400000,101300000
chr5_1014,chr5,101500000,101400000
chr5_1015,chr5,101600000,101500000
chr5_1016,chr5,101700000,101600000
chr5_1017,chr5,101800000,101700000
chr5_1018,chr5,101900000,101800000
chr5_1019,chr5,102000000,101900000
chr5_1020,chr5,102100000,102000000
chr5_1021,chr5,102200000,102100000
chr5_1022,chr5,102300000,102200000
chr5_1023,chr5,102400000,102300000
chr5_1024,chr5,102500000,102400000
chr5_1025,chr5,102600000,102500000
chr5_1026,chr5,102700000,102600000
chr5_1027,chr5,102800000,102700000
chr5_1028,chr5,102900000,102800000
chr5_1029,chr5,103000000,102900000
chr5_1030,chr5,103100000,103000000
chr5_1031,chr5,103200000,103100000
chr5_1032,chr5,103300000,103200000
chr5_1033,chr5,103400000,103300000
chr5_1034,chr5,103500000,103400000
chr5_1035,chr5,103600000,103500000
chr5_1036,chr5,103700000,103600000
chr5_1037,chr5,103800000,103700000
chr5_1038,chr5,103900000,103800000
chr5_1039,chr5,104000000,103900000
chr5_1040,chr5,104100000,104000000
chr5_1041,chr5,104200000,104100000
chr5_1042,chr5,104300000,104200000
chr5_1043,chr5,104400000,104300000
chr5_1044,chr5,104500000,104400000
chr5_1045,chr5,104600000,104500000
chr5_1046,chr5,104700000,104600000
chr5_1047,chr5,104800000,104700000
chr5_1048,chr5,104900000,104800000
chr5_1049,chr5,105000000,104900000
chr5_1050,chr5,105100000,105000000
chr5_1051,chr5,105200000,105100000
chr5_1052,chr5,105300000,105200000
chr5_1053,chr5,105400000,105300000
chr5_1054,chr5,105500000,105400000
chr5_1055,chr5,105600000,105500000
chr5_1056,chr5,105700000,105600000
chr5_1057,chr5,105800000,105700000
chr5_1058,chr5,105900000,105800000
chr5_1059,chr5,106000000,105900000
chr5_1060,chr5,106100000,106000000
chr5_1061,chr5,106200000,106100000
chr5_1062,chr5,106300000,106200000
chr5_1063,chr5,106400000,106300000
chr5_1064,chr5,106500000,106400000
chr5_1065,chr5,106600000,106500000
chr5_1066,chr5,106700000,106600000
chr5_1067,chr5,106800000,106700000
chr5_1068,chr5,106900000,106800000
chr5_1069,chr5,107000000,106900000
chr5_1070,chr5,107100000,107000000
chr5_1071,chr5,107200000,107100000
chr5_1072,chr5,107300000,107200000
chr5_1073,chr5,107400000,107300000
chr5_1074,chr5,107500000,107400000
chr5_1075,chr5,107600000,107500000
chr5_1076,chr5,107700000,107600000
chr5_1077,chr5,107800000,107700000
chr5_1078,chr5,107900000,107800000
chr5_1079,chr5,108000000,107900000
chr5_1080,chr5,108100000,108000000
chr5_1081,chr5,108200000,108100000
chr5_1082,chr5,108300000,108200000
chr5_1083,chr5,108400000,108300000
chr5_1084,chr5,108500000,108400000
chr5_1085,chr5,108600000,108500000
chr5_1086,chr5,108700000,108600000
chr5_1087,chr5,108800000,108700000
chr5_1088,chr5,108900000,108800000
chr5_1089,chr5,109000000,108900000
chr5_1090,chr5,109100000,109000000
chr5_1091,chr5,109200000,109100000
chr5_1092,chr5,109300000,109200000
chr5_1093,chr5,109400000,109300000
chr5_1094,chr5,109500000,109400000
chr5_1095,chr5,109600000,109500000
chr5_1096,chr5,109700000,109600000
chr5_1097,chr5,109800000,109700000
chr5_1098,chr5,109900000,109800000
chr5_1099,chr5,110000000,109900000
chr5_1100,chr5,110100000,110000000
chr5_1101,chr5,110200000,110100000
chr5_1102,chr5,110300000,110200000
chr5_1103,chr5,110400000,110300000
chr5_1104,chr5,110500000,110400000
chr5_1105,chr5,110600000,110500000
chr5_1106,chr5,110700000,110600000
chr5_1107,chr5,110800000,110700000
chr5_1108,chr5,110900000,110800000
chr5_1109,chr5,111000000,110900000
chr5_1110,chr5,111100000,111000000
chr5_1111,chr5,111200000,111100000
chr5_1112,chr5,111300000,111200000
chr5_1113,chr5,111400000,111300000
chr5_1114,chr5,111500000,111400000
chr5_1115,chr5,111600000,111500000
chr5_1116,chr5,111700000,111600000
chr5_1117,chr5,111800000,111700000
chr5_1118,chr5,111900000,111800000
chr5_1119,chr5,112000000,111900000
chr5_1120,chr5,112100000,112000000
chr5_1121,chr5,112200000,112100000
chr5_1122,chr5,112300000,112200000
chr5_1123,chr5,112400000,112300000
chr5_1124,chr5,112500000,112400000
chr5_1125,chr5,112600000,112500000
chr5_1126,chr5,112700000,112600000
chr5_1127,chr5,112800000,112700000
chr5_1128,chr5,112900000,112800000
chr5_1129,chr5,113000000,112900000
chr5_1130,chr5,113100000,113000000
chr5_1131,chr5,113200000,113100000
chr5_1132,chr5,113300000,113200000
chr5_1133,chr5,113400000,113300000
chr5_1134,chr5,113500000,113400000
chr5_1135,chr5,113600000,113500000
chr5_1136,chr5,113700000,113600000
chr5_1137,chr5,113800000,113700000
chr5_1138,chr5,113900000,113800000
chr5_1139,chr5,114000000,113900000
chr5_1140,chr5,114100000,114000000
chr5_1141,chr5,114200000,114100000
chr5_1142,chr5,114300000,114200000
chr5_1143,chr5,114400000,114300000
chr5_1144,chr5,114500000,114400000
chr5_1145,chr5,114600000,114500000
chr5_1146,chr5,114700000,114600000
chr5_1147,chr5,114800000,114700000
chr5_1148,chr5,114900000,114800000
chr5_1149,chr5,115000000,114900000
chr5_1150,chr5,115100000,115000000
chr5_1151,chr5,115200000,115100000
chr5_1152,chr5,115300000,115200000
chr5_1153,chr5,115400000,115300000
chr5_1154,chr5,115500000,115400000
chr5_1155,chr5,115600000,115500000
chr5_1156,chr5,115700000,115600000
chr5_1157,chr5,115800000,115700000
chr5_1158,chr5,115900000,115800000
chr5_1159,chr5,116000000,115900000
chr5_1160,chr5,116100000,116000000
chr5_1161,chr5,116200000,116100000
chr5_1162,chr5,116300000,116200000
chr5_1163,chr5,116400000,116300000
chr5_1164,chr5,116500000,116400000
chr5_1165,chr5,116600000,116500000
chr5_1166,chr5,116700000,116600000
chr5_1167,chr5,116800000,116700000
chr5_1168,chr5,116900000,116800000
chr5_1169,chr5,117000000,116900000
chr5_1170,chr5,117100000,117000000
chr5_1171,chr5,117200000,117100000
chr5_1172,chr5,117300000,117200000
chr5_1173,chr5,117400000,117300000
chr5_1174,chr5,117500000,117400000
chr5_1175,chr5,117600000,117500000
chr5_1176,chr5,117700000,117600000
chr5_1177,chr5,117800000,117700000
chr5_1178,chr5,117900000,117800000
chr5_1179,chr5,118000000,117900000
chr5_1180,chr5,118100000,118000000
chr5_1181,chr5,118200000,118100000
chr5_1182,chr5,118300000,118200000
chr5_1183,chr5,118400000,118300000
chr5_1184,chr5,118500000,118400000
chr5_1185,chr5,118600000,118500000
chr5_1186,chr5,118700000,118600000
chr5_1187,chr5,118800000,118700000
chr5_1188,chr5,118900000,118800000
chr5_1189,chr5,119000000,118900000
chr5_1190,chr5,119100000,119000000
chr5_1191,chr5,119200000,119100000
chr5_1192,chr5,119300000,119200000
chr5_1193,chr5,119400000,119300000
chr5_1194,chr5,119500000,119400000
chr5_1195,chr5,119600000,119500000
chr5_1196,chr5,119700000,119600000
chr5_1197,chr5,119800000,119700000
chr5_1198,chr5,119900000,119800000
chr5_1199,chr5,120000000,119900000
chr5_1200,chr5,120100000,120000000
chr5_1201,chr5,120200000,120100000
chr5_1202,chr5,120300000,120200000
chr5_1203,chr5,120400000,120300000
chr5_1204,chr5,120500000,120400000
chr5_1205,chr5,120600000,120500000
chr5_1206,chr5,120700000,120600000
chr5_1207,chr5,120800000,120700000
chr5_1208,chr5,120900000,120800000
chr5_1209,chr5,121000000,120900000
chr5_1210,chr5,121100000,121000000
chr5_1211,chr5,121200000,121100000
chr5_1212,chr5,121300000,121200000
chr5_1213,chr5,121400000,121300000
chr5_1214,chr5,121500000,121400000
chr5_1215,chr5,121600000,121500000
chr5_1216,chr5,121700000,121600000
chr5_1217,chr5,121800000,121700000
chr5_1218,chr5,121900000,121800000
chr5_1219,chr5,122000000,121900000
chr5_1220,chr5,122100000,122000000
chr5_1221,chr5,122200000,122100000
chr5_1222,chr5,122300000,122200000
chr5_1223,chr5,122400000,122300000
chr5_1224,chr5,122500000,122400000
chr5_1225,chr5,122600000,122500000
chr5_1226,chr5,122700000,122600000
chr5_1227,chr5,122800000,122700000
chr5_1228,chr5,122900000,122800000
chr5_1229,chr5,123000000,122900000
chr5_1230,chr5,123100000,123000000
chr5_1231,chr5,123200000,123100000
chr5_1232,chr5,123300000,123200000
chr5_1233,chr5,123400000,123300000
chr5_1234,chr5,123500000,123400000
chr5_1235,chr5,123600000,123500000
chr5_1236,chr5,123700000,123600000
chr5_1237,chr5,123800000,123700000
chr5_1238,chr5,123900000,123800000
chr5_1239,chr5,124000000,123900000
chr5_1240,chr5,124100000,124000000
chr5_1241,chr5,124200000,124100000
chr5_1242,chr5,124300000,124200000
chr5_1243,chr5,124400000,124300000
chr5_1244,chr5,124500000,124400000
chr5_1245,chr5,124600000,124500000
chr5_1246,chr5,124700000,124600000
chr5_1247,chr5,124800000,124700000
chr5_1248,chr5,124900000,124800000
chr5_1249,chr5,125000000,124900000
chr5_1250,chr5,125100000,125000000
chr5_1251,chr5,125200000,125100000
chr5_1252,chr5,125300000,125200000
chr5_1253,chr5,125400000,125300000
chr5_1254,chr5,125500000,125400000
chr5_1255,chr5,125600000,125500000
chr5_1256,chr5,125700000,125600000
chr5_1257,chr5,125800000,125700000
chr5_1258,chr5,125900000,125800000
chr5_1259,chr5,126000000,125900000
chr5_1260,chr5,126100000,126000000
chr5_1261,chr5,126200000,126100000
chr5_1262,chr5,126300000,126200000
chr5_1263,chr5,126400000,126300000
chr5_1264,chr5,126500000,126400000
chr5_1265,chr5,126600000,126500000
chr5_1266,chr5,126700000,126600000
chr5_1267,chr5,126800000,126700000
chr5_1268,chr5,126900000,126800000
chr5_1269,chr5,127000000,126900000
chr5_1270,chr5,127100000,127000000
chr5_1271,chr5,127200000,127100000
chr5_1272,chr5,127300000,127200000
chr5_1273,chr5,127400000,127300000
chr5_1274,chr5,127500000,127400000
chr5_1275,chr5,127600000,127500000
chr5_1276,chr5,127700000,127600000
chr5_1277,chr5,127800000,127700000
chr5_1278,chr5,127900000,127800000
chr5_1279,chr5,128000000,127900000
chr5_1280,chr5,128100000,128000000
chr5_1281,chr5,128200000,128100000
chr5_1282,chr5,128300000,128200000
chr5_1283,chr5,128400000,128300000
chr5_1284,chr5,128500000,128400000
chr5_1285,chr5,128600000,128500000
chr5_1286,chr5,128700000,128600000
chr5_1287,chr5,128800000,128700000
chr5_1288,chr5,128900000,128800000
chr5_1289,chr5,129000000,128900000
chr5_1290,chr5,129100000,129000000
chr5_1291,chr5,129200000,129100000
chr5_1292,chr5,129300000,129200000
chr5_1293,chr5,129400000,129300000
chr5_1294,chr5,129500000,129400000
chr5_1295,chr5,129600000,129500000
chr5_1296,chr5,129700000,129600000
chr5_1297,chr5,129800000,129700000
chr5_1298,chr5,129900000,129800000
chr5_1299,chr5,130000000,129900000
chr5_1300,chr5,130100000,130000000
chr5_1301,chr5,130200000,130100000
chr5_1302,chr5,130300000,130200000
chr5_1303,chr5,130400000,130300000
chr5_1304,chr5,130500000,130400000
chr5_1305,chr5,130600000,130500000
chr5_1306,chr5,130700000,130600000
chr5_1307,chr5,130800000,130700000
chr5_1308,chr5,130900000,130800000
chr5_1309,chr5,131000000,130900000
chr5_1310,chr5,131100000,131000000
chr5_1311,chr5,131200000,131100000
chr5_1312,chr5,131300000,131200000
chr5_1313,chr5,131400000,131300000
chr5_1314,chr5,131500000,131400000
chr5_1315,chr5,131600000,131500000
chr5_1316,chr5,131700000,131600000
chr5_1317,chr5,131800000,131700000
chr5_1318,chr5,131900000,131800000
chr5_1319,chr5,132000000,131900000
chr5_1320,chr5,132100000,132000000
chr5_1321,chr5,132200000,132100000
chr5_1322,chr5,132300000,132200000
chr5_1323,chr5,132400000,132300000
chr5_1324,chr5,132500000,132400000
chr5_1325,chr5,132600000,132500000
chr5_1326,chr5,132700000,132600000
chr5_1327,chr5,132800000,132700000
chr5_1328,chr5,132900000,132800000
chr5_1329,chr5,133000000,132900000
chr5_1330,chr5,133100000,133000000
chr5_1331,chr5,133200000,133100000
chr5_1332,chr5,133300000,133200000
chr5_1333,chr5,133400000,133300000
chr5_1334,chr5,133500000,133400000
chr5_1335,chr5,133600000,133500000
chr5_1336,chr5,133700000,133600000
chr5_1337,chr5,133800000,133700000
chr5_1338,chr5,133900000,133800000
chr5_1339,chr5,134000000,133900000
chr5_1340,chr5,134100000,134000000
chr5_1341,chr5,134200000,134100000
chr5_1342,chr5,134300000,134200000
chr5_1343,chr5,134400000,134300000
chr5_1344,chr5,134500000,134400000
chr5_1345,chr5,134600000,134500000
chr5_1346,chr5,134700000,134600000
chr5_1347,chr5,134800000,134700000
chr5_1348,chr5,134900000,134800000
chr5_1349,chr5,135000000,134900000
chr5_1350,chr5,135100000,135000000
chr5_1351,chr5,135200000,135100000
chr5_1352,chr5,135300000,135200000
chr5_1353,chr5,135400000,135300000
chr5_1354,chr5,135500000,135400000
chr5_1355,chr5,135600000,135500000
chr5_1356,chr5,135700000,135600000
chr5_1357,chr5,135800000,135700000
chr5_1358,chr5,135900000,135800000
chr5_1359,chr5,136000000,135900000
chr5_1360,chr5,136100000,136000000
chr5_1361,chr5,136200000,136100000
chr5_1362,chr5,136300000,136200000
chr5_1363,chr5,136400000,136300000
chr5_1364,chr5,136500000,136400000
chr5_1365,chr5,136600000,136500000
chr5_1366,chr5,136700000,136600000
chr5_1367,chr5,136800000,136700000
chr5_1368,chr5,136900000,136800000
chr5_1369,chr5,137000000,136900000
chr5_1370,chr5,137100000,137000000
chr5_1371,chr5,137200000,137100000
chr5_1372,chr5,137300000,137200000
chr5_1373,chr5,137400000,137300000
chr5_1374,chr5,137500000,137400000
chr5_1375,chr5,137600000,137500000
chr5_1376,chr5,137700000,137600000
chr5_1377,chr5,137800000,137700000
chr5_1378,chr5,137900000,137800000
chr5_1379,chr5,138000000,137900000
chr5_1380,chr5,138100000,138000000
chr5_1381,chr5,138200000,138100000
chr5_1382,chr5,138300000,138200000
chr5_1383,chr5,138400000,138300000
chr5_1384,chr5,138500000,138400000
chr5_1385,chr5,138600000,138500000
chr5_1386,chr5,138700000,138600000
chr5_1387,chr5,138800000,138700000
chr5_1388,chr5,138900000,138800000
chr5_1389,chr5,139000000,138900000
chr5_1390,chr5,139100000,139000000
chr5_1391,chr5,139200000,139100000
chr5_1392,chr5,139300000,139200000
chr5_1393,chr5,139400000,139300000
chr5_1394,chr5,139500000,139400000
chr5_1395,chr5,139600000,139500000
chr5_1396,chr5,139700000,139600000
chr5_1397,chr5,139800000,139700000
chr5_1398,chr5,139900000,139800000
chr5_1399,chr5,140000000,139900000
chr5_1400,chr5,140100000,140000000
chr5_1401,chr5,140200000,140100000
chr5_1402,chr5,140300000,140200000
chr5_1403,chr5,140400000,140300000
chr5_1404,chr5,140500000,140400000
chr5_1405,chr5,140600000,140500000
chr5_1406,chr5,140700000,140600000
chr5_1407,chr5,140800000,140700000
chr5_1408,chr5,140900000,140800000
chr5_1409,chr5,141000000,140900000
chr5_1410,chr5,141100000,141000000
chr5_1411,chr5,141200000,141100000
chr5_1412,chr5,141300000,141200000
chr5_1413,chr5,141400000,141300000
chr5_1414,chr5,141500000,141400000
chr5_1415,chr5,141600000,141500000
chr5_1416,chr5,141700000,141600000
chr5_1417,chr5,141800000,141700000
chr5_1418,chr5,141900000,141800000
chr5_1419,chr5,142000000,141900000
chr5_1420,chr5,142100000,142000000
chr5_1421,chr5,142200000,142100000
chr5_1422,chr5,142300000,142200000
chr5_1423,chr5,142400000,142300000
chr5_1424,chr5,142500000,142400000
chr5_1425,chr5,142600000,142500000
chr5_1426,chr5,142700000,142600000
chr5_1427,chr5,142800000,142700000
chr5_1428,chr5,142900000,142800000
chr5_1429,chr5,143000000,142900000
chr5_1430,chr5,143100000,143000000
chr5_1431,chr5,143200000,143100000
chr5_1432,chr5,143300000,143200000
chr5_1433,chr5,143400000,143300000
chr5_1434,chr5,143500000,143400000
chr5_1435,chr5,143600000,143500000
chr5_1436,chr5,143700000,143600000
chr5_1437,chr5,143800000,143700000
chr5_1438,chr5,143900000,143800000
chr5_1439,chr5,144000000,143900000
chr5_1440,chr5,144100000,144000000
chr5_1441,chr5,144200000,144100000
chr5_1442,chr5,144300000,144200000
chr5_1443,chr5,144400000,144300000
chr5_1444,chr5,144500000,144400000
chr5_1445,chr5,144600000,144500000
chr5_1446,chr5,144700000,144600000
chr5_1447,chr5,144800000,144700000
chr5_1448,chr5,144900000,144800000
chr5_1449,chr5,145000000,144900000
chr5_1450,chr5,145100000,145000000
chr5_1451,chr5,145200000,145100000
chr5_1452,chr5,145300000,145200000
chr5_1453,chr5,145400000,145300000
chr5_1454,chr5,145500000,145400000
chr5_1455,chr5,145600000,145500000
chr5_1456,chr5,145700000,145600000
chr5_1457,chr5,145800000,145700000
chr5_1458,chr5,145900000,145800000
chr5_1459,chr5,146000000,145900000
chr5_1460,chr5,146100000,146000000
chr5_1461,chr5,146200000,146100000
chr5_1462,chr5,146300000,146200000
chr5_1463,chr5,146400000,146300000
chr5_1464,chr5,146500000,146400000
chr5_1465,chr5,146600000,146500000
chr5_1466,chr5,146700000,146600000
chr5_1467,chr5,146800000,146700000
chr5_1468,chr5,146900000,146800000
chr5_1469,chr5,147000000,146900000
chr5_1470,chr5,147100000,147000000
chr5_1471,chr5,147200000,147100000
chr5_1472,chr5,147300000,147200000
chr5_1473,chr5,147400000,147300000
chr5_1474,chr5,147500000,147400000
chr5_1475,chr5,147600000,147500000
chr5_1476,chr5,147700000,147600000
chr5_1477,chr5,147800000,147700000
chr5_1478,chr5,147900000,147800000
chr5_1479,chr5,148000000,147900000
chr5_1480,chr5,148100000,148000000
chr5_1481,chr5,148200000,148100000
chr5_1482,chr5,148300000,148200000
chr5_1483,chr5,148400000,148300000
chr5_1484,chr5,148500000,148400000
chr5_1485,chr5,148600000,148500000
chr5_1486,chr5,148700000,148600000
chr5_1487,chr5,148800000,148700000
chr5_1488,chr5,148900000,148800000
chr5_1489,chr5,149000000,148900000
chr5_1490,chr5,149100000,149000000
chr5_1491,chr5,149200000,149100000
chr5_1492,chr5,149300000,149200000
chr5_1493,chr5,149400000,149300000
chr5_1494,chr5,149500000,149400000
chr5_1495,chr5,149600000,149500000
chr5_1496,chr5,149700000,149600000
chr5_1497,chr5,149800000,149700000
chr5_1498,chr5,149900000,149800000
chr5_1499,chr5,150000000,149900000
chr5_1500,chr5,150100000,150000000
chr5_1501,chr5,150200000,150100000
chr5_1502,chr5,150300000,150200000
chr5_1503,chr5,150400000,150300000
chr5_1504,chr5,150500000,150400000
chr5_1505,chr5,150600000,150500000
chr5_1506,chr5,150700000,150600000
chr5_1507,chr5,150800000,150700000
chr5_1508,chr5,150900000,150800000
chr5_1509,chr5,151000000,150900000
chr5_1510,chr5,151100000,151000000
chr5_1511,chr5,151200000,151100000
chr5_1512,chr5,151300000,151200000
chr5_1513,chr5,151400000,151300000
chr5_1514,chr5,151500000,151400000
chr5_1515,chr5,151600000,151500000
chr5_1516,chr5,151700000,151600000
chr5_1517,chr5,151800000,151700000
chr5_1518,chr5,151834684,151800000
chr6_0,chr6,100000,0
chr6_1,chr6,200000,100000
chr6_2,chr6,300000,200000
chr6_3,chr6,400000,300000
chr6_4,chr6,500000,400000
chr6_5,chr6,600000,500000
chr6_6,chr6,700000,600000
chr6_7,chr6,800000,700000
chr6_8,chr6,900000,800000
chr6_9,chr6,1000000,900000
chr6_10,chr6,1100000,1000000
chr6_11,chr6,1200000,1100000
chr6_12,chr6,1300000,1200000
chr6_13,chr6,1400000,1300000
chr6_14,chr6,1500000,1400000
chr6_15,chr6,1600000,1500000
chr6_16,chr6,1700000,1600000
chr6_17,chr6,1800000,1700000
chr6_18,chr6,1900000,1800000
chr6_19,chr6,2000000,1900000
chr6_20,chr6,2100000,2000000
chr6_21,chr6,2200000,2100000
chr6_22,chr6,2300000,2200000
chr6_23,chr6,2400000,2300000
chr6_24,chr6,2500000,2400000
chr6_25,chr6,2600000,2500000
chr6_26,chr6,2700000,2600000
chr6_27,chr6,2800000,2700000
chr6_28,chr6,2900000,2800000
chr6_29,chr6,3000000,2900000
chr6_30,chr6,3100000,3000000
chr6_31,chr6,3200000,3100000
chr6_32,chr6,3300000,3200000
chr6_33,chr6,3400000,3300000
chr6_34,chr6,3500000,3400000
chr6_35,chr6,3600000,3500000
chr6_36,chr6,3700000,3600000
chr6_37,chr6,3800000,3700000
chr6_38,chr6,3900000,3800000
chr6_39,chr6,4000000,3900000
chr6_40,chr6,4100000,4000000
chr6_41,chr6,4200000,4100000
chr6_42,chr6,4300000,4200000
chr6_43,chr6,4400000,4300000
chr6_44,chr6,4500000,4400000
chr6_45,chr6,4600000,4500000
chr6_46,chr6,4700000,4600000
chr6_47,chr6,4800000,4700000
chr6_48,chr6,4900000,4800000
chr6_49,chr6,5000000,4900000
chr6_50,chr6,5100000,5000000
chr6_51,chr6,5200000,5100000
chr6_52,chr6,5300000,5200000
chr6_53,chr6,5400000,5300000
chr6_54,chr6,5500000,5400000
chr6_55,chr6,5600000,5500000
chr6_56,chr6,5700000,5600000
chr6_57,chr6,5800000,5700000
chr6_58,chr6,5900000,5800000
chr6_59,chr6,6000000,5900000
chr6_60,chr6,6100000,6000000
chr6_61,chr6,6200000,6100000
chr6_62,chr6,6300000,6200000
chr6_63,chr6,6400000,6300000
chr6_64,chr6,6500000,6400000
chr6_65,chr6,6600000,6500000
chr6_66,chr6,6700000,6600000
chr6_67,chr6,6800000,6700000
chr6_68,chr6,6900000,6800000
chr6_69,chr6,7000000,6900000
chr6_70,chr6,7100000,7000000
chr6_71,chr6,7200000,7100000
chr6_72,chr6,7300000,7200000
chr6_73,chr6,7400000,7300000
chr6_74,chr6,7500000,7400000
chr6_75,chr6,7600000,7500000
chr6_76,chr6,7700000,7600000
chr6_77,chr6,7800000,7700000
chr6_78,chr6,7900000,7800000
chr6_79,chr6,8000000,7900000
chr6_80,chr6,8100000,8000000
chr6_81,chr6,8200000,8100000
chr6_82,chr6,8300000,8200000
chr6_83,chr6,8400000,8300000
chr6_84,chr6,8500000,8400000
chr6_85,chr6,8600000,8500000
chr6_86,chr6,8700000,8600000
chr6_87,chr6,8800000,8700000
chr6_88,chr6,8900000,8800000
chr6_89,chr6,9000000,8900000
chr6_90,chr6,9100000,9000000
chr6_91,chr6,9200000,9100000
chr6_92,chr6,9300000,9200000
chr6_93,chr6,9400000,9300000
chr6_94,chr6,9500000,9400000
chr6_95,chr6,9600000,9500000
chr6_96,chr6,9700000,9600000
chr6_97,chr6,9800000,9700000
chr6_98,chr6,9900000,9800000
chr6_99,chr6,10000000,9900000
chr6_100,chr6,10100000,10000000
chr6_101,chr6,10200000,10100000
chr6_102,chr6,10300000,10200000
chr6_103,chr6,10400000,10300000
chr6_104,chr6,10500000,10400000
chr6_105,chr6,10600000,10500000
chr6_106,chr6,10700000,10600000
chr6_107,chr6,10800000,10700000
chr6_108,chr6,10900000,10800000
chr6_109,chr6,11000000,10900000
chr6_110,chr6,11100000,11000000
chr6_111,chr6,11200000,11100000
chr6_112,chr6,11300000,11200000
chr6_113,chr6,11400000,11300000
chr6_114,chr6,11500000,11400000
chr6_115,chr6,11600000,11500000
chr6_116,chr6,11700000,11600000
chr6_117,chr6,11800000,11700000
chr6_118,chr6,11900000,11800000
chr6_119,chr6,12000000,11900000
chr6_120,chr6,12100000,12000000
chr6_121,chr6,12200000,12100000
chr6_122,chr6,12300000,12200000
chr6_123,chr6,12400000,12300000
chr6_124,chr6,12500000,12400000
chr6_125,chr6,12600000,12500000
chr6_126,chr6,12700000,12600000
chr6_127,chr6,12800000,12700000
chr6_128,chr6,12900000,12800000
chr6_129,chr6,13000000,12900000
chr6_130,chr6,13100000,13000000
chr6_131,chr6,13200000,13100000
chr6_132,chr6,13300000,13200000
chr6_133,chr6,13400000,13300000
chr6_134,chr6,13500000,13400000
chr6_135,chr6,13600000,13500000
chr6_136,chr6,13700000,13600000
chr6_137,chr6,13800000,13700000
chr6_138,chr6,13900000,13800000
chr6_139,chr6,14000000,13900000
chr6_140,chr6,14100000,14000000
chr6_141,chr6,14200000,14100000
chr6_142,chr6,14300000,14200000
chr6_143,chr6,14400000,14300000
chr6_144,chr6,14500000,14400000
chr6_145,chr6,14600000,14500000
chr6_146,chr6,14700000,14600000
chr6_147,chr6,14800000,14700000
chr6_148,chr6,14900000,14800000
chr6_149,chr6,15000000,14900000
chr6_150,chr6,15100000,15000000
chr6_151,chr6,15200000,15100000
chr6_152,chr6,15300000,15200000
chr6_153,chr6,15400000,15300000
chr6_154,chr6,15500000,15400000
chr6_155,chr6,15600000,15500000
chr6_156,chr6,15700000,15600000
chr6_157,chr6,15800000,15700000
chr6_158,chr6,15900000,15800000
chr6_159,chr6,16000000,15900000
chr6_160,chr6,16100000,16000000
chr6_161,chr6,16200000,16100000
chr6_162,chr6,16300000,16200000
chr6_163,chr6,16400000,16300000
chr6_164,chr6,16500000,16400000
chr6_165,chr6,16600000,16500000
chr6_166,chr6,16700000,16600000
chr6_167,chr6,16800000,16700000
chr6_168,chr6,16900000,16800000
chr6_169,chr6,17000000,16900000
chr6_170,chr6,17100000,17000000
chr6_171,chr6,17200000,17100000
chr6_172,chr6,17300000,17200000
chr6_173,chr6,17400000,17300000
chr6_174,chr6,17500000,17400000
chr6_175,chr6,17600000,17500000
chr6_176,chr6,17700000,17600000
chr6_177,chr6,17800000,17700000
chr6_178,chr6,17900000,17800000
chr6_179,chr6,18000000,17900000
chr6_180,chr6,18100000,18000000
chr6_181,chr6,18200000,18100000
chr6_182,chr6,18300000,18200000
chr6_183,chr6,18400000,18300000
chr6_184,chr6,18500000,18400000
chr6_185,chr6,18600000,18500000
chr6_186,chr6,18700000,18600000
chr6_187,chr6,18800000,18700000
chr6_188,chr6,18900000,18800000
chr6_189,chr6,19000000,18900000
chr6_190,chr6,19100000,19000000
chr6_191,chr6,19200000,19100000
chr6_192,chr6,19300000,19200000
chr6_193,chr6,19400000,19300000
chr6_194,chr6,19500000,19400000
chr6_195,chr6,19600000,19500000
chr6_196,chr6,19700000,19600000
chr6_197,chr6,19800000,19700000
chr6_198,chr6,19900000,19800000
chr6_199,chr6,20000000,19900000
chr6_200,chr6,20100000,20000000
chr6_201,chr6,20200000,20100000
chr6_202,chr6,20300000,20200000
chr6_203,chr6,20400000,20300000
chr6_204,chr6,20500000,20400000
chr6_205,chr6,20600000,20500000
chr6_206,chr6,20700000,20600000
chr6_207,chr6,20800000,20700000
chr6_208,chr6,20900000,20800000
chr6_209,chr6,21000000,20900000
chr6_210,chr6,21100000,21000000
chr6_211,chr6,21200000,21100000
chr6_212,chr6,21300000,21200000
chr6_213,chr6,21400000,21300000
chr6_214,chr6,21500000,21400000
chr6_215,chr6,21600000,21500000
chr6_216,chr6,21700000,21600000
chr6_217,chr6,21800000,21700000
chr6_218,chr6,21900000,21800000
chr6_219,chr6,22000000,21900000
chr6_220,chr6,22100000,22000000
chr6_221,chr6,22200000,22100000
chr6_222,chr6,22300000,22200000
chr6_223,chr6,22400000,22300000
chr6_224,chr6,22500000,22400000
chr6_225,chr6,22600000,22500000
chr6_226,chr6,22700000,22600000
chr6_227,chr6,22800000,22700000
chr6_228,chr6,22900000,22800000
chr6_229,chr6,23000000,22900000
chr6_230,chr6,23100000,23000000
chr6_231,chr6,23200000,23100000
chr6_232,chr6,23300000,23200000
chr6_233,chr6,23400000,23300000
chr6_234,chr6,23500000,23400000
chr6_235,chr6,23600000,23500000
chr6_236,chr6,23700000,23600000
chr6_237,chr6,23800000,23700000
chr6_238,chr6,23900000,23800000
chr6_239,chr6,24000000,23900000
chr6_240,chr6,24100000,24000000
chr6_241,chr6,24200000,24100000
chr6_242,chr6,24300000,24200000
chr6_243,chr6,24400000,24300000
chr6_244,chr6,24500000,24400000
chr6_245,chr6,24600000,24500000
chr6_246,chr6,24700000,24600000
chr6_247,chr6,24800000,24700000
chr6_248,chr6,24900000,24800000
chr6_249,chr6,25000000,24900000
chr6_250,chr6,25100000,25000000
chr6_251,chr6,25200000,25100000
chr6_252,chr6,25300000,25200000
chr6_253,chr6,25400000,25300000
chr6_254,chr6,25500000,25400000
chr6_255,chr6,25600000,25500000
chr6_256,chr6,25700000,25600000
chr6_257,chr6,25800000,25700000
chr6_258,chr6,25900000,25800000
chr6_259,chr6,26000000,25900000
chr6_260,chr6,26100000,26000000
chr6_261,chr6,26200000,26100000
chr6_262,chr6,26300000,26200000
chr6_263,chr6,26400000,26300000
chr6_264,chr6,26500000,26400000
chr6_265,chr6,26600000,26500000
chr6_266,chr6,26700000,26600000
chr6_267,chr6,26800000,26700000
chr6_268,chr6,26900000,26800000
chr6_269,chr6,27000000,26900000
chr6_270,chr6,27100000,27000000
chr6_271,chr6,27200000,27100000
chr6_272,chr6,27300000,27200000
chr6_273,chr6,27400000,27300000
chr6_274,chr6,27500000,27400000
chr6_275,chr6,27600000,27500000
chr6_276,chr6,27700000,27600000
chr6_277,chr6,27800000,27700000
chr6_278,chr6,27900000,27800000
chr6_279,chr6,28000000,27900000
chr6_280,chr6,28100000,28000000
chr6_281,chr6,28200000,28100000
chr6_282,chr6,28300000,28200000
chr6_283,chr6,28400000,28300000
chr6_284,chr6,28500000,28400000
chr6_285,chr6,28600000,28500000
chr6_286,chr6,28700000,28600000
chr6_287,chr6,28800000,28700000
chr6_288,chr6,28900000,28800000
chr6_289,chr6,29000000,28900000
chr6_290,chr6,29100000,29000000
chr6_291,chr6,29200000,29100000
chr6_292,chr6,29300000,29200000
chr6_293,chr6,29400000,29300000
chr6_294,chr6,29500000,29400000
chr6_295,chr6,29600000,29500000
chr6_296,chr6,29700000,29600000
chr6_297,chr6,29800000,29700000
chr6_298,chr6,29900000,29800000
chr6_299,chr6,30000000,29900000
chr6_300,chr6,30100000,30000000
chr6_301,chr6,30200000,30100000
chr6_302,chr6,30300000,30200000
chr6_303,chr6,30400000,30300000
chr6_304,chr6,30500000,30400000
chr6_305,chr6,30600000,30500000
chr6_306,chr6,30700000,30600000
chr6_307,chr6,30800000,30700000
chr6_308,chr6,30900000,30800000
chr6_309,chr6,31000000,30900000
chr6_310,chr6,31100000,31000000
chr6_311,chr6,31200000,31100000
chr6_312,chr6,31300000,31200000
chr6_313,chr6,31400000,31300000
chr6_314,chr6,31500000,31400000
chr6_315,chr6,31600000,31500000
chr6_316,chr6,31700000,31600000
chr6_317,chr6,31800000,31700000
chr6_318,chr6,31900000,31800000
chr6_319,chr6,32000000,31900000
chr6_320,chr6,32100000,32000000
chr6_321,chr6,32200000,32100000
chr6_322,chr6,32300000,32200000
chr6_323,chr6,32400000,32300000
chr6_324,chr6,32500000,32400000
chr6_325,chr6,32600000,32500000
chr6_326,chr6,32700000,32600000
chr6_327,chr6,32800000,32700000
chr6_328,chr6,32900000,32800000
chr6_329,chr6,33000000,32900000
chr6_330,chr6,33100000,33000000
chr6_331,chr6,33200000,33100000
chr6_332,chr6,33300000,33200000
chr6_333,chr6,33400000,33300000
chr6_334,chr6,33500000,33400000
chr6_335,chr6,33600000,33500000
chr6_336,chr6,33700000,33600000
chr6_337,chr6,33800000,33700000
chr6_338,chr6,33900000,33800000
chr6_339,chr6,34000000,33900000
chr6_340,chr6,34100000,34000000
chr6_341,chr6,34200000,34100000
chr6_342,chr6,34300000,34200000
chr6_343,chr6,34400000,34300000
chr6_344,chr6,34500000,34400000
chr6_345,chr6,34600000,34500000
chr6_346,chr6,34700000,34600000
chr6_347,chr6,34800000,34700000
chr6_348,chr6,34900000,34800000
chr6_349,chr6,35000000,34900000
chr6_350,chr6,35100000,35000000
chr6_351,chr6,35200000,35100000
chr6_352,chr6,35300000,35200000
chr6_353,chr6,35400000,35300000
chr6_354,chr6,35500000,35400000
chr6_355,chr6,35600000,35500000
chr6_356,chr6,35700000,35600000
chr6_357,chr6,35800000,35700000
chr6_358,chr6,35900000,35800000
chr6_359,chr6,36000000,35900000
chr6_360,chr6,36100000,36000000
chr6_361,chr6,36200000,36100000
chr6_362,chr6,36300000,36200000
chr6_363,chr6,36400000,36300000
chr6_364,chr6,36500000,36400000
chr6_365,chr6,36600000,36500000
chr6_366,chr6,36700000,36600000
chr6_367,chr6,36800000,36700000
chr6_368,chr6,36900000,36800000
chr6_369,chr6,37000000,36900000
chr6_370,chr6,37100000,37000000
chr6_371,chr6,37200000,37100000
chr6_372,chr6,37300000,37200000
chr6_373,chr6,37400000,37300000
chr6_374,chr6,37500000,37400000
chr6_375,chr6,37600000,37500000
chr6_376,chr6,37700000,37600000
chr6_377,chr6,37800000,37700000
chr6_378,chr6,37900000,37800000
chr6_379,chr6,38000000,37900000
chr6_380,chr6,38100000,38000000
chr6_381,chr6,38200000,38100000
chr6_382,chr6,38300000,38200000
chr6_383,chr6,38400000,38300000
chr6_384,chr6,38500000,38400000
chr6_385,chr6,38600000,38500000
chr6_386,chr6,38700000,38600000
chr6_387,chr6,38800000,38700000
chr6_388,chr6,38900000,38800000
chr6_389,chr6,39000000,38900000
chr6_390,chr6,39100000,39000000
chr6_391,chr6,39200000,39100000
chr6_392,chr6,39300000,39200000
chr6_393,chr6,39400000,39300000
chr6_394,chr6,39500000,39400000
chr6_395,chr6,39600000,39500000
chr6_396,chr6,39700000,39600000
chr6_397,chr6,39800000,39700000
chr6_398,chr6,39900000,39800000
chr6_399,chr6,40000000,39900000
chr6_400,chr6,40100000,40000000
chr6_401,chr6,40200000,40100000
chr6_402,chr6,40300000,40200000
chr6_403,chr6,40400000,40300000
chr6_404,chr6,40500000,40400000
chr6_405,chr6,40600000,40500000
chr6_406,chr6,40700000,40600000
chr6_407,chr6,40800000,40700000
chr6_408,chr6,40900000,40800000
chr6_409,chr6,41000000,40900000
chr6_410,chr6,41100000,41000000
chr6_411,chr6,41200000,41100000
chr6_412,chr6,41300000,41200000
chr6_413,chr6,41400000,41300000
chr6_414,chr6,41500000,41400000
chr6_415,chr6,41600000,41500000
chr6_416,chr6,41700000,41600000
chr6_417,chr6,41800000,41700000
chr6_418,chr6,41900000,41800000
chr6_419,chr6,42000000,41900000
chr6_420,chr6,42100000,42000000
chr6_421,chr6,42200000,42100000
chr6_422,chr6,42300000,42200000
chr6_423,chr6,42400000,42300000
chr6_424,chr6,42500000,42400000
chr6_425,chr6,42600000,42500000
chr6_426,chr6,42700000,42600000
chr6_427,chr6,42800000,42700000
chr6_428,chr6,42900000,42800000
chr6_429,chr6,43000000,42900000
chr6_430,chr6,43100000,43000000
chr6_431,chr6,43200000,43100000
chr6_432,chr6,43300000,43200000
chr6_433,chr6,43400000,43300000
chr6_434,chr6,43500000,43400000
chr6_435,chr6,43600000,43500000
chr6_436,chr6,43700000,43600000
chr6_437,chr6,43800000,43700000
chr6_438,chr6,43900000,43800000
chr6_439,chr6,44000000,43900000
chr6_440,chr6,44100000,44000000
chr6_441,chr6,44200000,44100000
chr6_442,chr6,44300000,44200000
chr6_443,chr6,44400000,44300000
chr6_444,chr6,44500000,44400000
chr6_445,chr6,44600000,44500000
chr6_446,chr6,44700000,44600000
chr6_447,chr6,44800000,44700000
chr6_448,chr6,44900000,44800000
chr6_449,chr6,45000000,44900000
chr6_450,chr6,45100000,45000000
chr6_451,chr6,45200000,45100000
chr6_452,chr6,45300000,45200000
chr6_453,chr6,45400000,45300000
chr6_454,chr6,45500000,45400000
chr6_455,chr6,45600000,45500000
chr6_456,chr6,45700000,45600000
chr6_457,chr6,45800000,45700000
chr6_458,chr6,45900000,45800000
chr6_459,chr6,46000000,45900000
chr6_460,chr6,46100000,46000000
chr6_461,chr6,46200000,46100000
chr6_462,chr6,46300000,46200000
chr6_463,chr6,46400000,46300000
chr6_464,chr6,46500000,46400000
chr6_465,chr6,46600000,46500000
chr6_466,chr6,46700000,46600000
chr6_467,chr6,46800000,46700000
chr6_468,chr6,46900000,46800000
chr6_469,chr6,47000000,46900000
chr6_470,chr6,47100000,47000000
chr6_471,chr6,47200000,47100000
chr6_472,chr6,47300000,47200000
chr6_473,chr6,47400000,47300000
chr6_474,chr6,47500000,47400000
chr6_475,chr6,47600000,47500000
chr6_476,chr6,47700000,47600000
chr6_477,chr6,47800000,47700000
chr6_478,chr6,47900000,47800000
chr6_479,chr6,48000000,47900000
chr6_480,chr6,48100000,48000000
chr6_481,chr6,48200000,48100000
chr6_482,chr6,48300000,48200000
chr6_483,chr6,48400000,48300000
chr6_484,chr6,48500000,48400000
chr6_485,chr6,48600000,48500000
chr6_486,chr6,48700000,48600000
chr6_487,chr6,48800000,48700000
chr6_488,chr6,48900000,48800000
chr6_489,chr6,49000000,48900000
chr6_490,chr6,49100000,49000000
chr6_491,chr6,49200000,49100000
chr6_492,chr6,49300000,49200000
chr6_493,chr6,49400000,49300000
chr6_494,chr6,49500000,49400000
chr6_495,chr6,49600000,49500000
chr6_496,chr6,49700000,49600000
chr6_497,chr6,49800000,49700000
chr6_498,chr6,49900000,49800000
chr6_499,chr6,50000000,49900000
chr6_500,chr6,50100000,50000000
chr6_501,chr6,50200000,50100000
chr6_502,chr6,50300000,50200000
chr6_503,chr6,50400000,50300000
chr6_504,chr6,50500000,50400000
chr6_505,chr6,50600000,50500000
chr6_506,chr6,50700000,50600000
chr6_507,chr6,50800000,50700000
chr6_508,chr6,50900000,50800000
chr6_509,chr6,51000000,50900000
chr6_510,chr6,51100000,51000000
chr6_511,chr6,51200000,51100000
chr6_512,chr6,51300000,51200000
chr6_513,chr6,51400000,51300000
chr6_514,chr6,51500000,51400000
chr6_515,chr6,51600000,51500000
chr6_516,chr6,51700000,51600000
chr6_517,chr6,51800000,51700000
chr6_518,chr6,51900000,51800000
chr6_519,chr6,52000000,51900000
chr6_520,chr6,52100000,52000000
chr6_521,chr6,52200000,52100000
chr6_522,chr6,52300000,52200000
chr6_523,chr6,52400000,52300000
chr6_524,chr6,52500000,52400000
chr6_525,chr6,52600000,52500000
chr6_526,chr6,52700000,52600000
chr6_527,chr6,52800000,52700000
chr6_528,chr6,52900000,52800000
chr6_529,chr6,53000000,52900000
chr6_530,chr6,53100000,53000000
chr6_531,chr6,53200000,53100000
chr6_532,chr6,53300000,53200000
chr6_533,chr6,53400000,53300000
chr6_534,chr6,53500000,53400000
chr6_535,chr6,53600000,53500000
chr6_536,chr6,53700000,53600000
chr6_537,chr6,53800000,53700000
chr6_538,chr6,53900000,53800000
chr6_539,chr6,54000000,53900000
chr6_540,chr6,54100000,54000000
chr6_541,chr6,54200000,54100000
chr6_542,chr6,54300000,54200000
chr6_543,chr6,54400000,54300000
chr6_544,chr6,54500000,54400000
chr6_545,chr6,54600000,54500000
chr6_546,chr6,54700000,54600000
chr6_547,chr6,54800000,54700000
chr6_548,chr6,54900000,54800000
chr6_549,chr6,55000000,54900000
chr6_550,chr6,55100000,55000000
chr6_551,chr6,55200000,55100000
chr6_552,chr6,55300000,55200000
chr6_553,chr6,55400000,55300000
chr6_554,chr6,55500000,55400000
chr6_555,chr6,55600000,55500000
chr6_556,chr6,55700000,55600000
chr6_557,chr6,55800000,55700000
chr6_558,chr6,55900000,55800000
chr6_559,chr6,56000000,55900000
chr6_560,chr6,56100000,56000000
chr6_561,chr6,56200000,56100000
chr6_562,chr6,56300000,56200000
chr6_563,chr6,56400000,56300000
chr6_564,chr6,56500000,56400000
chr6_565,chr6,56600000,56500000
chr6_566,chr6,56700000,56600000
chr6_567,chr6,56800000,56700000
chr6_568,chr6,56900000,56800000
chr6_569,chr6,57000000,56900000
chr6_570,chr6,57100000,57000000
chr6_571,chr6,57200000,57100000
chr6_572,chr6,57300000,57200000
chr6_573,chr6,57400000,57300000
chr6_574,chr6,57500000,57400000
chr6_575,chr6,57600000,57500000
chr6_576,chr6,57700000,57600000
chr6_577,chr6,57800000,57700000
chr6_578,chr6,57900000,57800000
chr6_579,chr6,58000000,57900000
chr6_580,chr6,58100000,58000000
chr6_581,chr6,58200000,58100000
chr6_582,chr6,58300000,58200000
chr6_583,chr6,58400000,58300000
chr6_584,chr6,58500000,58400000
chr6_585,chr6,58600000,58500000
chr6_586,chr6,58700000,58600000
chr6_587,chr6,58800000,58700000
chr6_588,chr6,58900000,58800000
chr6_589,chr6,59000000,58900000
chr6_590,chr6,59100000,59000000
chr6_591,chr6,59200000,59100000
chr6_592,chr6,59300000,59200000
chr6_593,chr6,59400000,59300000
chr6_594,chr6,59500000,59400000
chr6_595,chr6,59600000,59500000
chr6_596,chr6,59700000,59600000
chr6_597,chr6,59800000,59700000
chr6_598,chr6,59900000,59800000
chr6_599,chr6,60000000,59900000
chr6_600,chr6,60100000,60000000
chr6_601,chr6,60200000,60100000
chr6_602,chr6,60300000,60200000
chr6_603,chr6,60400000,60300000
chr6_604,chr6,60500000,60400000
chr6_605,chr6,60600000,60500000
chr6_606,chr6,60700000,60600000
chr6_607,chr6,60800000,60700000
chr6_608,chr6,60900000,60800000
chr6_609,chr6,61000000,60900000
chr6_610,chr6,61100000,61000000
chr6_611,chr6,61200000,61100000
chr6_612,chr6,61300000,61200000
chr6_613,chr6,61400000,61300000
chr6_614,chr6,61500000,61400000
chr6_615,chr6,61600000,61500000
chr6_616,chr6,61700000,61600000
chr6_617,chr6,61800000,61700000
chr6_618,chr6,61900000,61800000
chr6_619,chr6,62000000,61900000
chr6_620,chr6,62100000,62000000
chr6_621,chr6,62200000,62100000
chr6_622,chr6,62300000,62200000
chr6_623,chr6,62400000,62300000
chr6_624,chr6,62500000,62400000
chr6_625,chr6,62600000,62500000
chr6_626,chr6,62700000,62600000
chr6_627,chr6,62800000,62700000
chr6_628,chr6,62900000,62800000
chr6_629,chr6,63000000,62900000
chr6_630,chr6,63100000,63000000
chr6_631,chr6,63200000,63100000
chr6_632,chr6,63300000,63200000
chr6_633,chr6,63400000,63300000
chr6_634,chr6,63500000,63400000
chr6_635,chr6,63600000,63500000
chr6_636,chr6,63700000,63600000
chr6_637,chr6,63800000,63700000
chr6_638,chr6,63900000,63800000
chr6_639,chr6,64000000,63900000
chr6_640,chr6,64100000,64000000
chr6_641,chr6,64200000,64100000
chr6_642,chr6,64300000,64200000
chr6_643,chr6,64400000,64300000
chr6_644,chr6,64500000,64400000
chr6_645,chr6,64600000,64500000
chr6_646,chr6,64700000,64600000
chr6_647,chr6,64800000,64700000
chr6_648,chr6,64900000,64800000
chr6_649,chr6,65000000,64900000
chr6_650,chr6,65100000,65000000
chr6_651,chr6,65200000,65100000
chr6_652,chr6,65300000,65200000
chr6_653,chr6,65400000,65300000
chr6_654,chr6,65500000,65400000
chr6_655,chr6,65600000,65500000
chr6_656,chr6,65700000,65600000
chr6_657,chr6,65800000,65700000
chr6_658,chr6,65900000,65800000
chr6_659,chr6,66000000,65900000
chr6_660,chr6,66100000,66000000
chr6_661,chr6,66200000,66100000
chr6_662,chr6,66300000,66200000
chr6_663,chr6,66400000,66300000
chr6_664,chr6,66500000,66400000
chr6_665,chr6,66600000,66500000
chr6_666,chr6,66700000,66600000
chr6_667,chr6,66800000,66700000
chr6_668,chr6,66900000,66800000
chr6_669,chr6,67000000,66900000
chr6_670,chr6,67100000,67000000
chr6_671,chr6,67200000,67100000
chr6_672,chr6,67300000,67200000
chr6_673,chr6,67400000,67300000
chr6_674,chr6,67500000,67400000
chr6_675,chr6,67600000,67500000
chr6_676,chr6,67700000,67600000
chr6_677,chr6,67800000,67700000
chr6_678,chr6,67900000,67800000
chr6_679,chr6,68000000,67900000
chr6_680,chr6,68100000,68000000
chr6_681,chr6,68200000,68100000
chr6_682,chr6,68300000,68200000
chr6_683,chr6,68400000,68300000
chr6_684,chr6,68500000,68400000
chr6_685,chr6,68600000,68500000
chr6_686,chr6,68700000,68600000
chr6_687,chr6,68800000,68700000
chr6_688,chr6,68900000,68800000
chr6_689,chr6,69000000,68900000
chr6_690,chr6,69100000,69000000
chr6_691,chr6,69200000,69100000
chr6_692,chr6,69300000,69200000
chr6_693,chr6,69400000,69300000
chr6_694,chr6,69500000,69400000
chr6_695,chr6,69600000,69500000
chr6_696,chr6,69700000,69600000
chr6_697,chr6,69800000,69700000
chr6_698,chr6,69900000,69800000
chr6_699,chr6,70000000,69900000
chr6_700,chr6,70100000,70000000
chr6_701,chr6,70200000,70100000
chr6_702,chr6,70300000,70200000
chr6_703,chr6,70400000,70300000
chr6_704,chr6,70500000,70400000
chr6_705,chr6,70600000,70500000
chr6_706,chr6,70700000,70600000
chr6_707,chr6,70800000,70700000
chr6_708,chr6,70900000,70800000
chr6_709,chr6,71000000,70900000
chr6_710,chr6,71100000,71000000
chr6_711,chr6,71200000,71100000
chr6_712,chr6,71300000,71200000
chr6_713,chr6,71400000,71300000
chr6_714,chr6,71500000,71400000
chr6_715,chr6,71600000,71500000
chr6_716,chr6,71700000,71600000
chr6_717,chr6,71800000,71700000
chr6_718,chr6,71900000,71800000
chr6_719,chr6,72000000,71900000
chr6_720,chr6,72100000,72000000
chr6_721,chr6,72200000,72100000
chr6_722,chr6,72300000,72200000
chr6_723,chr6,72400000,72300000
chr6_724,chr6,72500000,72400000
chr6_725,chr6,72600000,72500000
chr6_726,chr6,72700000,72600000
chr6_727,chr6,72800000,72700000
chr6_728,chr6,72900000,72800000
chr6_729,chr6,73000000,72900000
chr6_730,chr6,73100000,73000000
chr6_731,chr6,73200000,73100000
chr6_732,chr6,73300000,73200000
chr6_733,chr6,73400000,73300000
chr6_734,chr6,73500000,73400000
chr6_735,chr6,73600000,73500000
chr6_736,chr6,73700000,73600000
chr6_737,chr6,73800000,73700000
chr6_738,chr6,73900000,73800000
chr6_739,chr6,74000000,73900000
chr6_740,chr6,74100000,74000000
chr6_741,chr6,74200000,74100000
chr6_742,chr6,74300000,74200000
chr6_743,chr6,74400000,74300000
chr6_744,chr6,74500000,74400000
chr6_745,chr6,74600000,74500000
chr6_746,chr6,74700000,74600000
chr6_747,chr6,74800000,74700000
chr6_748,chr6,74900000,74800000
chr6_749,chr6,75000000,74900000
chr6_750,chr6,75100000,75000000
chr6_751,chr6,75200000,75100000
chr6_752,chr6,75300000,75200000
chr6_753,chr6,75400000,75300000
chr6_754,chr6,75500000,75400000
chr6_755,chr6,75600000,75500000
chr6_756,chr6,75700000,75600000
chr6_757,chr6,75800000,75700000
chr6_758,chr6,75900000,75800000
chr6_759,chr6,76000000,75900000
chr6_760,chr6,76100000,76000000
chr6_761,chr6,76200000,76100000
chr6_762,chr6,76300000,76200000
chr6_763,chr6,76400000,76300000
chr6_764,chr6,76500000,76400000
chr6_765,chr6,76600000,76500000
chr6_766,chr6,76700000,76600000
chr6_767,chr6,76800000,76700000
chr6_768,chr6,76900000,76800000
chr6_769,chr6,77000000,76900000
chr6_770,chr6,77100000,77000000
chr6_771,chr6,77200000,77100000
chr6_772,chr6,77300000,77200000
chr6_773,chr6,77400000,77300000
chr6_774,chr6,77500000,77400000
chr6_775,chr6,77600000,77500000
chr6_776,chr6,77700000,77600000
chr6_777,chr6,77800000,77700000
chr6_778,chr6,77900000,77800000
chr6_779,chr6,78000000,77900000
chr6_780,chr6,78100000,78000000
chr6_781,chr6,78200000,78100000
chr6_782,chr6,78300000,78200000
chr6_783,chr6,78400000,78300000
chr6_784,chr6,78500000,78400000
chr6_785,chr6,78600000,78500000
chr6_786,chr6,78700000,78600000
chr6_787,chr6,78800000,78700000
chr6_788,chr6,78900000,78800000
chr6_789,chr6,79000000,78900000
chr6_790,chr6,79100000,79000000
chr6_791,chr6,79200000,79100000
chr6_792,chr6,79300000,79200000
chr6_793,chr6,79400000,79300000
chr6_794,chr6,79500000,79400000
chr6_795,chr6,79600000,79500000
chr6_796,chr6,79700000,79600000
chr6_797,chr6,79800000,79700000
chr6_798,chr6,79900000,79800000
chr6_799,chr6,80000000,79900000
chr6_800,chr6,80100000,80000000
chr6_801,chr6,80200000,80100000
chr6_802,chr6,80300000,80200000
chr6_803,chr6,80400000,80300000
chr6_804,chr6,80500000,80400000
chr6_805,chr6,80600000,80500000
chr6_806,chr6,80700000,80600000
chr6_807,chr6,80800000,80700000
chr6_808,chr6,80900000,80800000
chr6_809,chr6,81000000,80900000
chr6_810,chr6,81100000,81000000
chr6_811,chr6,81200000,81100000
chr6_812,chr6,81300000,81200000
chr6_813,chr6,81400000,81300000
chr6_814,chr6,81500000,81400000
chr6_815,chr6,81600000,81500000
chr6_816,chr6,81700000,81600000
chr6_817,chr6,81800000,81700000
chr6_818,chr6,81900000,81800000
chr6_819,chr6,82000000,81900000
chr6_820,chr6,82100000,82000000
chr6_821,chr6,82200000,82100000
chr6_822,chr6,82300000,82200000
chr6_823,chr6,82400000,82300000
chr6_824,chr6,82500000,82400000
chr6_825,chr6,82600000,82500000
chr6_826,chr6,82700000,82600000
chr6_827,chr6,82800000,82700000
chr6_828,chr6,82900000,82800000
chr6_829,chr6,83000000,82900000
chr6_830,chr6,83100000,83000000
chr6_831,chr6,83200000,83100000
chr6_832,chr6,83300000,83200000
chr6_833,chr6,83400000,83300000
chr6_834,chr6,83500000,83400000
chr6_835,chr6,83600000,83500000
chr6_836,chr6,83700000,83600000
chr6_837,chr6,83800000,83700000
chr6_838,chr6,83900000,83800000
chr6_839,chr6,84000000,83900000
chr6_840,chr6,84100000,84000000
chr6_841,chr6,84200000,84100000
chr6_842,chr6,84300000,84200000
chr6_843,chr6,84400000,84300000
chr6_844,chr6,84500000,84400000
chr6_845,chr6,84600000,84500000
chr6_846,chr6,84700000,84600000
chr6_847,chr6,84800000,84700000
chr6_848,chr6,84900000,84800000
chr6_849,chr6,85000000,84900000
chr6_850,chr6,85100000,85000000
chr6_851,chr6,85200000,85100000
chr6_852,chr6,85300000,85200000
chr6_853,chr6,85400000,85300000
chr6_854,chr6,85500000,85400000
chr6_855,chr6,85600000,85500000
chr6_856,chr6,85700000,85600000
chr6_857,chr6,85800000,85700000
chr6_858,chr6,85900000,85800000
chr6_859,chr6,86000000,85900000
chr6_860,chr6,86100000,86000000
chr6_861,chr6,86200000,86100000
chr6_862,chr6,86300000,86200000
chr6_863,chr6,86400000,86300000
chr6_864,chr6,86500000,86400000
chr6_865,chr6,86600000,86500000
chr6_866,chr6,86700000,86600000
chr6_867,chr6,86800000,86700000
chr6_868,chr6,86900000,86800000
chr6_869,chr6,87000000,86900000
chr6_870,chr6,87100000,87000000
chr6_871,chr6,87200000,87100000
chr6_872,chr6,87300000,87200000
chr6_873,chr6,87400000,87300000
chr6_874,chr6,87500000,87400000
chr6_875,chr6,87600000,87500000
chr6_876,chr6,87700000,87600000
chr6_877,chr6,87800000,87700000
chr6_878,chr6,87900000,87800000
chr6_879,chr6,88000000,87900000
chr6_880,chr6,88100000,88000000
chr6_881,chr6,88200000,88100000
chr6_882,chr6,88300000,88200000
chr6_883,chr6,88400000,88300000
chr6_884,chr6,88500000,88400000
chr6_885,chr6,88600000,88500000
chr6_886,chr6,88700000,88600000
chr6_887,chr6,88800000,88700000
chr6_888,chr6,88900000,88800000
chr6_889,chr6,89000000,88900000
chr6_890,chr6,89100000,89000000
chr6_891,chr6,89200000,89100000
chr6_892,chr6,89300000,89200000
chr6_893,chr6,89400000,89300000
chr6_894,chr6,89500000,89400000
chr6_895,chr6,89600000,89500000
chr6_896,chr6,89700000,89600000
chr6_897,chr6,89800000,89700000
chr6_898,chr6,89900000,89800000
chr6_899,chr6,90000000,89900000
chr6_900,chr6,90100000,90000000
chr6_901,chr6,90200000,90100000
chr6_902,chr6,90300000,90200000
chr6_903,chr6,90400000,90300000
chr6_904,chr6,90500000,90400000
chr6_905,chr6,90600000,90500000
chr6_906,chr6,90700000,90600000
chr6_907,chr6,90800000,90700000
chr6_908,chr6,90900000,90800000
chr6_909,chr6,91000000,90900000
chr6_910,chr6,91100000,91000000
chr6_911,chr6,91200000,91100000
chr6_912,chr6,91300000,91200000
chr6_913,chr6,91400000,91300000
chr6_914,chr6,91500000,91400000
chr6_915,chr6,91600000,91500000
chr6_916,chr6,91700000,91600000
chr6_917,chr6,91800000,91700000
chr6_918,chr6,91900000,91800000
chr6_919,chr6,92000000,91900000
chr6_920,chr6,92100000,92000000
chr6_921,chr6,92200000,92100000
chr6_922,chr6,92300000,92200000
chr6_923,chr6,92400000,92300000
chr6_924,chr6,92500000,92400000
chr6_925,chr6,92600000,92500000
chr6_926,chr6,92700000,92600000
chr6_927,chr6,92800000,92700000
chr6_928,chr6,92900000,92800000
chr6_929,chr6,93000000,92900000
chr6_930,chr6,93100000,93000000
chr6_931,chr6,93200000,93100000
chr6_932,chr6,93300000,93200000
chr6_933,chr6,93400000,93300000
chr6_934,chr6,93500000,93400000
chr6_935,chr6,93600000,93500000
chr6_936,chr6,93700000,93600000
chr6_937,chr6,93800000,93700000
chr6_938,chr6,93900000,93800000
chr6_939,chr6,94000000,93900000
chr6_940,chr6,94100000,94000000
chr6_941,chr6,94200000,94100000
chr6_942,chr6,94300000,94200000
chr6_943,chr6,94400000,94300000
chr6_944,chr6,94500000,94400000
chr6_945,chr6,94600000,94500000
chr6_946,chr6,94700000,94600000
chr6_947,chr6,94800000,94700000
chr6_948,chr6,94900000,94800000
chr6_949,chr6,95000000,94900000
chr6_950,chr6,95100000,95000000
chr6_951,chr6,95200000,95100000
chr6_952,chr6,95300000,95200000
chr6_953,chr6,95400000,95300000
chr6_954,chr6,95500000,95400000
chr6_955,chr6,95600000,95500000
chr6_956,chr6,95700000,95600000
chr6_957,chr6,95800000,95700000
chr6_958,chr6,95900000,95800000
chr6_959,chr6,96000000,95900000
chr6_960,chr6,96100000,96000000
chr6_961,chr6,96200000,96100000
chr6_962,chr6,96300000,96200000
chr6_963,chr6,96400000,96300000
chr6_964,chr6,96500000,96400000
chr6_965,chr6,96600000,96500000
chr6_966,chr6,96700000,96600000
chr6_967,chr6,96800000,96700000
chr6_968,chr6,96900000,96800000
chr6_969,chr6,97000000,96900000
chr6_970,chr6,97100000,97000000
chr6_971,chr6,97200000,97100000
chr6_972,chr6,97300000,97200000
chr6_973,chr6,97400000,97300000
chr6_974,chr6,97500000,97400000
chr6_975,chr6,97600000,97500000
chr6_976,chr6,97700000,97600000
chr6_977,chr6,97800000,97700000
chr6_978,chr6,97900000,97800000
chr6_979,chr6,98000000,97900000
chr6_980,chr6,98100000,98000000
chr6_981,chr6,98200000,98100000
chr6_982,chr6,98300000,98200000
chr6_983,chr6,98400000,98300000
chr6_984,chr6,98500000,98400000
chr6_985,chr6,98600000,98500000
chr6_986,chr6,98700000,98600000
chr6_987,chr6,98800000,98700000
chr6_988,chr6,98900000,98800000
chr6_989,chr6,99000000,98900000
chr6_990,chr6,99100000,99000000
chr6_991,chr6,99200000,99100000
chr6_992,chr6,99300000,99200000
chr6_993,chr6,99400000,99300000
chr6_994,chr6,99500000,99400000
chr6_995,chr6,99600000,99500000
chr6_996,chr6,99700000,99600000
chr6_997,chr6,99800000,99700000
chr6_998,chr6,99900000,99800000
chr6_999,chr6,100000000,99900000
chr6_1000,chr6,100100000,100000000
chr6_1001,chr6,100200000,100100000
chr6_1002,chr6,100300000,100200000
chr6_1003,chr6,100400000,100300000
chr6_1004,chr6,100500000,100400000
chr6_1005,chr6,100600000,100500000
chr6_1006,chr6,100700000,100600000
chr6_1007,chr6,100800000,100700000
chr6_1008,chr6,100900000,100800000
chr6_1009,chr6,101000000,100900000
chr6_1010,chr6,101100000,101000000
chr6_1011,chr6,101200000,101100000
chr6_1012,chr6,101300000,101200000
chr6_1013,chr6,101400000,101300000
chr6_1014,chr6,101500000,101400000
chr6_1015,chr6,101600000,101500000
chr6_1016,chr6,101700000,101600000
chr6_1017,chr6,101800000,101700000
chr6_1018,chr6,101900000,101800000
chr6_1019,chr6,102000000,101900000
chr6_1020,chr6,102100000,102000000
chr6_1021,chr6,102200000,102100000
chr6_1022,chr6,102300000,102200000
chr6_1023,chr6,102400000,102300000
chr6_1024,chr6,102500000,102400000
chr6_1025,chr6,102600000,102500000
chr6_1026,chr6,102700000,102600000
chr6_1027,chr6,102800000,102700000
chr6_1028,chr6,102900000,102800000
chr6_1029,chr6,103000000,102900000
chr6_1030,chr6,103100000,103000000
chr6_1031,chr6,103200000,103100000
chr6_1032,chr6,103300000,103200000
chr6_1033,chr6,103400000,103300000
chr6_1034,chr6,103500000,103400000
chr6_1035,chr6,103600000,103500000
chr6_1036,chr6,103700000,103600000
chr6_1037,chr6,103800000,103700000
chr6_1038,chr6,103900000,103800000
chr6_1039,chr6,104000000,103900000
chr6_1040,chr6,104100000,104000000
chr6_1041,chr6,104200000,104100000
chr6_1042,chr6,104300000,104200000
chr6_1043,chr6,104400000,104300000
chr6_1044,chr6,104500000,104400000
chr6_1045,chr6,104600000,104500000
chr6_1046,chr6,104700000,104600000
chr6_1047,chr6,104800000,104700000
chr6_1048,chr6,104900000,104800000
chr6_1049,chr6,105000000,104900000
chr6_1050,chr6,105100000,105000000
chr6_1051,chr6,105200000,105100000
chr6_1052,chr6,105300000,105200000
chr6_1053,chr6,105400000,105300000
chr6_1054,chr6,105500000,105400000
chr6_1055,chr6,105600000,105500000
chr6_1056,chr6,105700000,105600000
chr6_1057,chr6,105800000,105700000
chr6_1058,chr6,105900000,105800000
chr6_1059,chr6,106000000,105900000
chr6_1060,chr6,106100000,106000000
chr6_1061,chr6,106200000,106100000
chr6_1062,chr6,106300000,106200000
chr6_1063,chr6,106400000,106300000
chr6_1064,chr6,106500000,106400000
chr6_1065,chr6,106600000,106500000
chr6_1066,chr6,106700000,106600000
chr6_1067,chr6,106800000,106700000
chr6_1068,chr6,106900000,106800000
chr6_1069,chr6,107000000,106900000
chr6_1070,chr6,107100000,107000000
chr6_1071,chr6,107200000,107100000
chr6_1072,chr6,107300000,107200000
chr6_1073,chr6,107400000,107300000
chr6_1074,chr6,107500000,107400000
chr6_1075,chr6,107600000,107500000
chr6_1076,chr6,107700000,107600000
chr6_1077,chr6,107800000,107700000
chr6_1078,chr6,107900000,107800000
chr6_1079,chr6,108000000,107900000
chr6_1080,chr6,108100000,108000000
chr6_1081,chr6,108200000,108100000
chr6_1082,chr6,108300000,108200000
chr6_1083,chr6,108400000,108300000
chr6_1084,chr6,108500000,108400000
chr6_1085,chr6,108600000,108500000
chr6_1086,chr6,108700000,108600000
chr6_1087,chr6,108800000,108700000
chr6_1088,chr6,108900000,108800000
chr6_1089,chr6,109000000,108900000
chr6_1090,chr6,109100000,109000000
chr6_1091,chr6,109200000,109100000
chr6_1092,chr6,109300000,109200000
chr6_1093,chr6,109400000,109300000
chr6_1094,chr6,109500000,109400000
chr6_1095,chr6,109600000,109500000
chr6_1096,chr6,109700000,109600000
chr6_1097,chr6,109800000,109700000
chr6_1098,chr6,109900000,109800000
chr6_1099,chr6,110000000,109900000
chr6_1100,chr6,110100000,110000000
chr6_1101,chr6,110200000,110100000
chr6_1102,chr6,110300000,110200000
chr6_1103,chr6,110400000,110300000
chr6_1104,chr6,110500000,110400000
chr6_1105,chr6,110600000,110500000
chr6_1106,chr6,110700000,110600000
chr6_1107,chr6,110800000,110700000
chr6_1108,chr6,110900000,110800000
chr6_1109,chr6,111000000,110900000
chr6_1110,chr6,111100000,111000000
chr6_1111,chr6,111200000,111100000
chr6_1112,chr6,111300000,111200000
chr6_1113,chr6,111400000,111300000
chr6_1114,chr6,111500000,111400000
chr6_1115,chr6,111600000,111500000
chr6_1116,chr6,111700000,111600000
chr6_1117,chr6,111800000,111700000
chr6_1118,chr6,111900000,111800000
chr6_1119,chr6,112000000,111900000
chr6_1120,chr6,112100000,112000000
chr6_1121,chr6,112200000,112100000
chr6_1122,chr6,112300000,112200000
chr6_1123,chr6,112400000,112300000
chr6_1124,chr6,112500000,112400000
chr6_1125,chr6,112600000,112500000
chr6_1126,chr6,112700000,112600000
chr6_1127,chr6,112800000,112700000
chr6_1128,chr6,112900000,112800000
chr6_1129,chr6,113000000,112900000
chr6_1130,chr6,113100000,113000000
chr6_1131,chr6,113200000,113100000
chr6_1132,chr6,113300000,113200000
chr6_1133,chr6,113400000,113300000
chr6_1134,chr6,113500000,113400000
chr6_1135,chr6,113600000,113500000
chr6_1136,chr6,113700000,113600000
chr6_1137,chr6,113800000,113700000
chr6_1138,chr6,113900000,113800000
chr6_1139,chr6,114000000,113900000
chr6_1140,chr6,114100000,114000000
chr6_1141,chr6,114200000,114100000
chr6_1142,chr6,114300000,114200000
chr6_1143,chr6,114400000,114300000
chr6_1144,chr6,114500000,114400000
chr6_1145,chr6,114600000,114500000
chr6_1146,chr6,114700000,114600000
chr6_1147,chr6,114800000,114700000
chr6_1148,chr6,114900000,114800000
chr6_1149,chr6,115000000,114900000
chr6_1150,chr6,115100000,115000000
chr6_1151,chr6,115200000,115100000
chr6_1152,chr6,115300000,115200000
chr6_1153,chr6,115400000,115300000
chr6_1154,chr6,115500000,115400000
chr6_1155,chr6,115600000,115500000
chr6_1156,chr6,115700000,115600000
chr6_1157,chr6,115800000,115700000
chr6_1158,chr6,115900000,115800000
chr6_1159,chr6,116000000,115900000
chr6_1160,chr6,116100000,116000000
chr6_1161,chr6,116200000,116100000
chr6_1162,chr6,116300000,116200000
chr6_1163,chr6,116400000,116300000
chr6_1164,chr6,116500000,116400000
chr6_1165,chr6,116600000,116500000
chr6_1166,chr6,116700000,116600000
chr6_1167,chr6,116800000,116700000
chr6_1168,chr6,116900000,116800000
chr6_1169,chr6,117000000,116900000
chr6_1170,chr6,117100000,117000000
chr6_1171,chr6,117200000,117100000
chr6_1172,chr6,117300000,117200000
chr6_1173,chr6,117400000,117300000
chr6_1174,chr6,117500000,117400000
chr6_1175,chr6,117600000,117500000
chr6_1176,chr6,117700000,117600000
chr6_1177,chr6,117800000,117700000
chr6_1178,chr6,117900000,117800000
chr6_1179,chr6,118000000,117900000
chr6_1180,chr6,118100000,118000000
chr6_1181,chr6,118200000,118100000
chr6_1182,chr6,118300000,118200000
chr6_1183,chr6,118400000,118300000
chr6_1184,chr6,118500000,118400000
chr6_1185,chr6,118600000,118500000
chr6_1186,chr6,118700000,118600000
chr6_1187,chr6,118800000,118700000
chr6_1188,chr6,118900000,118800000
chr6_1189,chr6,119000000,118900000
chr6_1190,chr6,119100000,119000000
chr6_1191,chr6,119200000,119100000
chr6_1192,chr6,119300000,119200000
chr6_1193,chr6,119400000,119300000
chr6_1194,chr6,119500000,119400000
chr6_1195,chr6,119600000,119500000
chr6_1196,chr6,119700000,119600000
chr6_1197,chr6,119800000,119700000
chr6_1198,chr6,119900000,119800000
chr6_1199,chr6,120000000,119900000
chr6_1200,chr6,120100000,120000000
chr6_1201,chr6,120200000,120100000
chr6_1202,chr6,120300000,120200000
chr6_1203,chr6,120400000,120300000
chr6_1204,chr6,120500000,120400000
chr6_1205,chr6,120600000,120500000
chr6_1206,chr6,120700000,120600000
chr6_1207,chr6,120800000,120700000
chr6_1208,chr6,120900000,120800000
chr6_1209,chr6,121000000,120900000
chr6_1210,chr6,121100000,121000000
chr6_1211,chr6,121200000,121100000
chr6_1212,chr6,121300000,121200000
chr6_1213,chr6,121400000,121300000
chr6_1214,chr6,121500000,121400000
chr6_1215,chr6,121600000,121500000
chr6_1216,chr6,121700000,121600000
chr6_1217,chr6,121800000,121700000
chr6_1218,chr6,121900000,121800000
chr6_1219,chr6,122000000,121900000
chr6_1220,chr6,122100000,122000000
chr6_1221,chr6,122200000,122100000
chr6_1222,chr6,122300000,122200000
chr6_1223,chr6,122400000,122300000
chr6_1224,chr6,122500000,122400000
chr6_1225,chr6,122600000,122500000
chr6_1226,chr6,122700000,122600000
chr6_1227,chr6,122800000,122700000
chr6_1228,chr6,122900000,122800000
chr6_1229,chr6,123000000,122900000
chr6_1230,chr6,123100000,123000000
chr6_1231,chr6,123200000,123100000
chr6_1232,chr6,123300000,123200000
chr6_1233,chr6,123400000,123300000
chr6_1234,chr6,123500000,123400000
chr6_1235,chr6,123600000,123500000
chr6_1236,chr6,123700000,123600000
chr6_1237,chr6,123800000,123700000
chr6_1238,chr6,123900000,123800000
chr6_1239,chr6,124000000,123900000
chr6_1240,chr6,124100000,124000000
chr6_1241,chr6,124200000,124100000
chr6_1242,chr6,124300000,124200000
chr6_1243,chr6,124400000,124300000
chr6_1244,chr6,124500000,124400000
chr6_1245,chr6,124600000,124500000
chr6_1246,chr6,124700000,124600000
chr6_1247,chr6,124800000,124700000
chr6_1248,chr6,124900000,124800000
chr6_1249,chr6,125000000,124900000
chr6_1250,chr6,125100000,125000000
chr6_1251,chr6,125200000,125100000
chr6_1252,chr6,125300000,125200000
chr6_1253,chr6,125400000,125300000
chr6_1254,chr6,125500000,125400000
chr6_1255,chr6,125600000,125500000
chr6_1256,chr6,125700000,125600000
chr6_1257,chr6,125800000,125700000
chr6_1258,chr6,125900000,125800000
chr6_1259,chr6,126000000,125900000
chr6_1260,chr6,126100000,126000000
chr6_1261,chr6,126200000,126100000
chr6_1262,chr6,126300000,126200000
chr6_1263,chr6,126400000,126300000
chr6_1264,chr6,126500000,126400000
chr6_1265,chr6,126600000,126500000
chr6_1266,chr6,126700000,126600000
chr6_1267,chr6,126800000,126700000
chr6_1268,chr6,126900000,126800000
chr6_1269,chr6,127000000,126900000
chr6_1270,chr6,127100000,127000000
chr6_1271,chr6,127200000,127100000
chr6_1272,chr6,127300000,127200000
chr6_1273,chr6,127400000,127300000
chr6_1274,chr6,127500000,127400000
chr6_1275,chr6,127600000,127500000
chr6_1276,chr6,127700000,127600000
chr6_1277,chr6,127800000,127700000
chr6_1278,chr6,127900000,127800000
chr6_1279,chr6,128000000,127900000
chr6_1280,chr6,128100000,128000000
chr6_1281,chr6,128200000,128100000
chr6_1282,chr6,128300000,128200000
chr6_1283,chr6,128400000,128300000
chr6_1284,chr6,128500000,128400000
chr6_1285,chr6,128600000,128500000
chr6_1286,chr6,128700000,128600000
chr6_1287,chr6,128800000,128700000
chr6_1288,chr6,128900000,128800000
chr6_1289,chr6,129000000,128900000
chr6_1290,chr6,129100000,129000000
chr6_1291,chr6,129200000,129100000
chr6_1292,chr6,129300000,129200000
chr6_1293,chr6,129400000,129300000
chr6_1294,chr6,129500000,129400000
chr6_1295,chr6,129600000,129500000
chr6_1296,chr6,129700000,129600000
chr6_1297,chr6,129800000,129700000
chr6_1298,chr6,129900000,129800000
chr6_1299,chr6,130000000,129900000
chr6_1300,chr6,130100000,130000000
chr6_1301,chr6,130200000,130100000
chr6_1302,chr6,130300000,130200000
chr6_1303,chr6,130400000,130300000
chr6_1304,chr6,130500000,130400000
chr6_1305,chr6,130600000,130500000
chr6_1306,chr6,130700000,130600000
chr6_1307,chr6,130800000,130700000
chr6_1308,chr6,130900000,130800000
chr6_1309,chr6,131000000,130900000
chr6_1310,chr6,131100000,131000000
chr6_1311,chr6,131200000,131100000
chr6_1312,chr6,131300000,131200000
chr6_1313,chr6,131400000,131300000
chr6_1314,chr6,131500000,131400000
chr6_1315,chr6,131600000,131500000
chr6_1316,chr6,131700000,131600000
chr6_1317,chr6,131800000,131700000
chr6_1318,chr6,131900000,131800000
chr6_1319,chr6,132000000,131900000
chr6_1320,chr6,132100000,132000000
chr6_1321,chr6,132200000,132100000
chr6_1322,chr6,132300000,132200000
chr6_1323,chr6,132400000,132300000
chr6_1324,chr6,132500000,132400000
chr6_1325,chr6,132600000,132500000
chr6_1326,chr6,132700000,132600000
chr6_1327,chr6,132800000,132700000
chr6_1328,chr6,132900000,132800000
chr6_1329,chr6,133000000,132900000
chr6_1330,chr6,133100000,133000000
chr6_1331,chr6,133200000,133100000
chr6_1332,chr6,133300000,133200000
chr6_1333,chr6,133400000,133300000
chr6_1334,chr6,133500000,133400000
chr6_1335,chr6,133600000,133500000
chr6_1336,chr6,133700000,133600000
chr6_1337,chr6,133800000,133700000
chr6_1338,chr6,133900000,133800000
chr6_1339,chr6,134000000,133900000
chr6_1340,chr6,134100000,134000000
chr6_1341,chr6,134200000,134100000
chr6_1342,chr6,134300000,134200000
chr6_1343,chr6,134400000,134300000
chr6_1344,chr6,134500000,134400000
chr6_1345,chr6,134600000,134500000
chr6_1346,chr6,134700000,134600000
chr6_1347,chr6,134800000,134700000
chr6_1348,chr6,134900000,134800000
chr6_1349,chr6,135000000,134900000
chr6_1350,chr6,135100000,135000000
chr6_1351,chr6,135200000,135100000
chr6_1352,chr6,135300000,135200000
chr6_1353,chr6,135400000,135300000
chr6_1354,chr6,135500000,135400000
chr6_1355,chr6,135600000,135500000
chr6_1356,chr6,135700000,135600000
chr6_1357,chr6,135800000,135700000
chr6_1358,chr6,135900000,135800000
chr6_1359,chr6,136000000,135900000
chr6_1360,chr6,136100000,136000000
chr6_1361,chr6,136200000,136100000
chr6_1362,chr6,136300000,136200000
chr6_1363,chr6,136400000,136300000
chr6_1364,chr6,136500000,136400000
chr6_1365,chr6,136600000,136500000
chr6_1366,chr6,136700000,136600000
chr6_1367,chr6,136800000,136700000
chr6_1368,chr6,136900000,136800000
chr6_1369,chr6,137000000,136900000
chr6_1370,chr6,137100000,137000000
chr6_1371,chr6,137200000,137100000
chr6_1372,chr6,137300000,137200000
chr6_1373,chr6,137400000,137300000
chr6_1374,chr6,137500000,137400000
chr6_1375,chr6,137600000,137500000
chr6_1376,chr6,137700000,137600000
chr6_1377,chr6,137800000,137700000
chr6_1378,chr6,137900000,137800000
chr6_1379,chr6,138000000,137900000
chr6_1380,chr6,138100000,138000000
chr6_1381,chr6,138200000,138100000
chr6_1382,chr6,138300000,138200000
chr6_1383,chr6,138400000,138300000
chr6_1384,chr6,138500000,138400000
chr6_1385,chr6,138600000,138500000
chr6_1386,chr6,138700000,138600000
chr6_1387,chr6,138800000,138700000
chr6_1388,chr6,138900000,138800000
chr6_1389,chr6,139000000,138900000
chr6_1390,chr6,139100000,139000000
chr6_1391,chr6,139200000,139100000
chr6_1392,chr6,139300000,139200000
chr6_1393,chr6,139400000,139300000
chr6_1394,chr6,139500000,139400000
chr6_1395,chr6,139600000,139500000
chr6_1396,chr6,139700000,139600000
chr6_1397,chr6,139800000,139700000
chr6_1398,chr6,139900000,139800000
chr6_1399,chr6,140000000,139900000
chr6_1400,chr6,140100000,140000000
chr6_1401,chr6,140200000,140100000
chr6_1402,chr6,140300000,140200000
chr6_1403,chr6,140400000,140300000
chr6_1404,chr6,140500000,140400000
chr6_1405,chr6,140600000,140500000
chr6_1406,chr6,140700000,140600000
chr6_1407,chr6,140800000,140700000
chr6_1408,chr6,140900000,140800000
chr6_1409,chr6,141000000,140900000
chr6_1410,chr6,141100000,141000000
chr6_1411,chr6,141200000,141100000
chr6_1412,chr6,141300000,141200000
chr6_1413,chr6,141400000,141300000
chr6_1414,chr6,141500000,141400000
chr6_1415,chr6,141600000,141500000
chr6_1416,chr6,141700000,141600000
chr6_1417,chr6,141800000,141700000
chr6_1418,chr6,141900000,141800000
chr6_1419,chr6,142000000,141900000
chr6_1420,chr6,142100000,142000000
chr6_1421,chr6,142200000,142100000
chr6_1422,chr6,142300000,142200000
chr6_1423,chr6,142400000,142300000
chr6_1424,chr6,142500000,142400000
chr6_1425,chr6,142600000,142500000
chr6_1426,chr6,142700000,142600000
chr6_1427,chr6,142800000,142700000
chr6_1428,chr6,142900000,142800000
chr6_1429,chr6,143000000,142900000
chr6_1430,chr6,143100000,143000000
chr6_1431,chr6,143200000,143100000
chr6_1432,chr6,143300000,143200000
chr6_1433,chr6,143400000,143300000
chr6_1434,chr6,143500000,143400000
chr6_1435,chr6,143600000,143500000
chr6_1436,chr6,143700000,143600000
chr6_1437,chr6,143800000,143700000
chr6_1438,chr6,143900000,143800000
chr6_1439,chr6,144000000,143900000
chr6_1440,chr6,144100000,144000000
chr6_1441,chr6,144200000,144100000
chr6_1442,chr6,144300000,144200000
chr6_1443,chr6,144400000,144300000
chr6_1444,chr6,144500000,144400000
chr6_1445,chr6,144600000,144500000
chr6_1446,chr6,144700000,144600000
chr6_1447,chr6,144800000,144700000
chr6_1448,chr6,144900000,144800000
chr6_1449,chr6,145000000,144900000
chr6_1450,chr6,145100000,145000000
chr6_1451,chr6,145200000,145100000
chr6_1452,chr6,145300000,145200000
chr6_1453,chr6,145400000,145300000
chr6_1454,chr6,145500000,145400000
chr6_1455,chr6,145600000,145500000
chr6_1456,chr6,145700000,145600000
chr6_1457,chr6,145800000,145700000
chr6_1458,chr6,145900000,145800000
chr6_1459,chr6,146000000,145900000
chr6_1460,chr6,146100000,146000000
chr6_1461,chr6,146200000,146100000
chr6_1462,chr6,146300000,146200000
chr6_1463,chr6,146400000,146300000
chr6_1464,chr6,146500000,146400000
chr6_1465,chr6,146600000,146500000
chr6_1466,chr6,146700000,146600000
chr6_1467,chr6,146800000,146700000
chr6_1468,chr6,146900000,146800000
chr6_1469,chr6,147000000,146900000
chr6_1470,chr6,147100000,147000000
chr6_1471,chr6,147200000,147100000
chr6_1472,chr6,147300000,147200000
chr6_1473,chr6,147400000,147300000
chr6_1474,chr6,147500000,147400000
chr6_1475,chr6,147600000,147500000
chr6_1476,chr6,147700000,147600000
chr6_1477,chr6,147800000,147700000
chr6_1478,chr6,147900000,147800000
chr6_1479,chr6,148000000,147900000
chr6_1480,chr6,148100000,148000000
chr6_1481,chr6,148200000,148100000
chr6_1482,chr6,148300000,148200000
chr6_1483,chr6,148400000,148300000
chr6_1484,chr6,148500000,148400000
chr6_1485,chr6,148600000,148500000
chr6_1486,chr6,148700000,148600000
chr6_1487,chr6,148800000,148700000
chr6_1488,chr6,148900000,148800000
chr6_1489,chr6,149000000,148900000
chr6_1490,chr6,149100000,149000000
chr6_1491,chr6,149200000,149100000
chr6_1492,chr6,149300000,149200000
chr6_1493,chr6,149400000,149300000
chr6_1494,chr6,149500000,149400000
chr6_1495,chr6,149600000,149500000
chr6_1496,chr6,149700000,149600000
chr6_1497,chr6,149736546,149700000
chr7_0,chr7,100000,0
chr7_1,chr7,200000,100000
chr7_2,chr7,300000,200000
chr7_3,chr7,400000,300000
chr7_4,chr7,500000,400000
chr7_5,chr7,600000,500000
chr7_6,chr7,700000,600000
chr7_7,chr7,800000,700000
chr7_8,chr7,900000,800000
chr7_9,chr7,1000000,900000
chr7_10,chr7,1100000,1000000
chr7_11,chr7,1200000,1100000
chr7_12,chr7,1300000,1200000
chr7_13,chr7,1400000,1300000
chr7_14,chr7,1500000,1400000
chr7_15,chr7,1600000,1500000
chr7_16,chr7,1700000,1600000
chr7_17,chr7,1800000,1700000
chr7_18,chr7,1900000,1800000
chr7_19,chr7,2000000,1900000
chr7_20,chr7,2100000,2000000
chr7_21,chr7,2200000,2100000
chr7_22,chr7,2300000,2200000
chr7_23,chr7,2400000,2300000
chr7_24,chr7,2500000,2400000
chr7_25,chr7,2600000,2500000
chr7_26,chr7,2700000,2600000
chr7_27,chr7,2800000,2700000
chr7_28,chr7,2900000,2800000
chr7_29,chr7,3000000,2900000
chr7_30,chr7,3100000,3000000
chr7_31,chr7,3200000,3100000
chr7_32,chr7,3300000,3200000
chr7_33,chr7,3400000,3300000
chr7_34,chr7,3500000,3400000
chr7_35,chr7,3600000,3500000
chr7_36,chr7,3700000,3600000
chr7_37,chr7,3800000,3700000
chr7_38,chr7,3900000,3800000
chr7_39,chr7,4000000,3900000
chr7_40,chr7,4100000,4000000
chr7_41,chr7,4200000,4100000
chr7_42,chr7,4300000,4200000
chr7_43,chr7,4400000,4300000
chr7_44,chr7,4500000,4400000
chr7_45,chr7,4600000,4500000
chr7_46,chr7,4700000,4600000
chr7_47,chr7,4800000,4700000
chr7_48,chr7,4900000,4800000
chr7_49,chr7,5000000,4900000
chr7_50,chr7,5100000,5000000
chr7_51,chr7,5200000,5100000
chr7_52,chr7,5300000,5200000
chr7_53,chr7,5400000,5300000
chr7_54,chr7,5500000,5400000
chr7_55,chr7,5600000,5500000
chr7_56,chr7,5700000,5600000
chr7_57,chr7,5800000,5700000
chr7_58,chr7,5900000,5800000
chr7_59,chr7,6000000,5900000
chr7_60,chr7,6100000,6000000
chr7_61,chr7,6200000,6100000
chr7_62,chr7,6300000,6200000
chr7_63,chr7,6400000,6300000
chr7_64,chr7,6500000,6400000
chr7_65,chr7,6600000,6500000
chr7_66,chr7,6700000,6600000
chr7_67,chr7,6800000,6700000
chr7_68,chr7,6900000,6800000
chr7_69,chr7,7000000,6900000
chr7_70,chr7,7100000,7000000
chr7_71,chr7,7200000,7100000
chr7_72,chr7,7300000,7200000
chr7_73,chr7,7400000,7300000
chr7_74,chr7,7500000,7400000
chr7_75,chr7,7600000,7500000
chr7_76,chr7,7700000,7600000
chr7_77,chr7,7800000,7700000
chr7_78,chr7,7900000,7800000
chr7_79,chr7,8000000,7900000
chr7_80,chr7,8100000,8000000
chr7_81,chr7,8200000,8100000
chr7_82,chr7,8300000,8200000
chr7_83,chr7,8400000,8300000
chr7_84,chr7,8500000,8400000
chr7_85,chr7,8600000,8500000
chr7_86,chr7,8700000,8600000
chr7_87,chr7,8800000,8700000
chr7_88,chr7,8900000,8800000
chr7_89,chr7,9000000,8900000
chr7_90,chr7,9100000,9000000
chr7_91,chr7,9200000,9100000
chr7_92,chr7,9300000,9200000
chr7_93,chr7,9400000,9300000
chr7_94,chr7,9500000,9400000
chr7_95,chr7,9600000,9500000
chr7_96,chr7,9700000,9600000
chr7_97,chr7,9800000,9700000
chr7_98,chr7,9900000,9800000
chr7_99,chr7,10000000,9900000
chr7_100,chr7,10100000,10000000
chr7_101,chr7,10200000,10100000
chr7_102,chr7,10300000,10200000
chr7_103,chr7,10400000,10300000
chr7_104,chr7,10500000,10400000
chr7_105,chr7,10600000,10500000
chr7_106,chr7,10700000,10600000
chr7_107,chr7,10800000,10700000
chr7_108,chr7,10900000,10800000
chr7_109,chr7,11000000,10900000
chr7_110,chr7,11100000,11000000
chr7_111,chr7,11200000,11100000
chr7_112,chr7,11300000,11200000
chr7_113,chr7,11400000,11300000
chr7_114,chr7,11500000,11400000
chr7_115,chr7,11600000,11500000
chr7_116,chr7,11700000,11600000
chr7_117,chr7,11800000,11700000
chr7_118,chr7,11900000,11800000
chr7_119,chr7,12000000,11900000
chr7_120,chr7,12100000,12000000
chr7_121,chr7,12200000,12100000
chr7_122,chr7,12300000,12200000
chr7_123,chr7,12400000,12300000
chr7_124,chr7,12500000,12400000
chr7_125,chr7,12600000,12500000
chr7_126,chr7,12700000,12600000
chr7_127,chr7,12800000,12700000
chr7_128,chr7,12900000,12800000
chr7_129,chr7,13000000,12900000
chr7_130,chr7,13100000,13000000
chr7_131,chr7,13200000,13100000
chr7_132,chr7,13300000,13200000
chr7_133,chr7,13400000,13300000
chr7_134,chr7,13500000,13400000
chr7_135,chr7,13600000,13500000
chr7_136,chr7,13700000,13600000
chr7_137,chr7,13800000,13700000
chr7_138,chr7,13900000,13800000
chr7_139,chr7,14000000,13900000
chr7_140,chr7,14100000,14000000
chr7_141,chr7,14200000,14100000
chr7_142,chr7,14300000,14200000
chr7_143,chr7,14400000,14300000
chr7_144,chr7,14500000,14400000
chr7_145,chr7,14600000,14500000
chr7_146,chr7,14700000,14600000
chr7_147,chr7,14800000,14700000
chr7_148,chr7,14900000,14800000
chr7_149,chr7,15000000,14900000
chr7_150,chr7,15100000,15000000
chr7_151,chr7,15200000,15100000
chr7_152,chr7,15300000,15200000
chr7_153,chr7,15400000,15300000
chr7_154,chr7,15500000,15400000
chr7_155,chr7,15600000,15500000
chr7_156,chr7,15700000,15600000
chr7_157,chr7,15800000,15700000
chr7_158,chr7,15900000,15800000
chr7_159,chr7,16000000,15900000
chr7_160,chr7,16100000,16000000
chr7_161,chr7,16200000,16100000
chr7_162,chr7,16300000,16200000
chr7_163,chr7,16400000,16300000
chr7_164,chr7,16500000,16400000
chr7_165,chr7,16600000,16500000
chr7_166,chr7,16700000,16600000
chr7_167,chr7,16800000,16700000
chr7_168,chr7,16900000,16800000
chr7_169,chr7,17000000,16900000
chr7_170,chr7,17100000,17000000
chr7_171,chr7,17200000,17100000
chr7_172,chr7,17300000,17200000
chr7_173,chr7,17400000,17300000
chr7_174,chr7,17500000,17400000
chr7_175,chr7,17600000,17500000
chr7_176,chr7,17700000,17600000
chr7_177,chr7,17800000,17700000
chr7_178,chr7,17900000,17800000
chr7_179,chr7,18000000,17900000
chr7_180,chr7,18100000,18000000
chr7_181,chr7,18200000,18100000
chr7_182,chr7,18300000,18200000
chr7_183,chr7,18400000,18300000
chr7_184,chr7,18500000,18400000
chr7_185,chr7,18600000,18500000
chr7_186,chr7,18700000,18600000
chr7_187,chr7,18800000,18700000
chr7_188,chr7,18900000,18800000
chr7_189,chr7,19000000,18900000
chr7_190,chr7,19100000,19000000
chr7_191,chr7,19200000,19100000
chr7_192,chr7,19300000,19200000
chr7_193,chr7,19400000,19300000
chr7_194,chr7,19500000,19400000
chr7_195,chr7,19600000,19500000
chr7_196,chr7,19700000,19600000
chr7_197,chr7,19800000,19700000
chr7_198,chr7,19900000,19800000
chr7_199,chr7,20000000,19900000
chr7_200,chr7,20100000,20000000
chr7_201,chr7,20200000,20100000
chr7_202,chr7,20300000,20200000
chr7_203,chr7,20400000,20300000
chr7_204,chr7,20500000,20400000
chr7_205,chr7,20600000,20500000
chr7_206,chr7,20700000,20600000
chr7_207,chr7,20800000,20700000
chr7_208,chr7,20900000,20800000
chr7_209,chr7,21000000,20900000
chr7_210,chr7,21100000,21000000
chr7_211,chr7,21200000,21100000
chr7_212,chr7,21300000,21200000
chr7_213,chr7,21400000,21300000
chr7_214,chr7,21500000,21400000
chr7_215,chr7,21600000,21500000
chr7_216,chr7,21700000,21600000
chr7_217,chr7,21800000,21700000
chr7_218,chr7,21900000,21800000
chr7_219,chr7,22000000,21900000
chr7_220,chr7,22100000,22000000
chr7_221,chr7,22200000,22100000
chr7_222,chr7,22300000,22200000
chr7_223,chr7,22400000,22300000
chr7_224,chr7,22500000,22400000
chr7_225,chr7,22600000,22500000
chr7_226,chr7,22700000,22600000
chr7_227,chr7,22800000,22700000
chr7_228,chr7,22900000,22800000
chr7_229,chr7,23000000,22900000
chr7_230,chr7,23100000,23000000
chr7_231,chr7,23200000,23100000
chr7_232,chr7,23300000,23200000
chr7_233,chr7,23400000,23300000
chr7_234,chr7,23500000,23400000
chr7_235,chr7,23600000,23500000
chr7_236,chr7,23700000,23600000
chr7_237,chr7,23800000,23700000
chr7_238,chr7,23900000,23800000
chr7_239,chr7,24000000,23900000
chr7_240,chr7,24100000,24000000
chr7_241,chr7,24200000,24100000
chr7_242,chr7,24300000,24200000
chr7_243,chr7,24400000,24300000
chr7_244,chr7,24500000,24400000
chr7_245,chr7,24600000,24500000
chr7_246,chr7,24700000,24600000
chr7_247,chr7,24800000,24700000
chr7_248,chr7,24900000,24800000
chr7_249,chr7,25000000,24900000
chr7_250,chr7,25100000,25000000
chr7_251,chr7,25200000,25100000
chr7_252,chr7,25300000,25200000
chr7_253,chr7,25400000,25300000
chr7_254,chr7,25500000,25400000
chr7_255,chr7,25600000,25500000
chr7_256,chr7,25700000,25600000
chr7_257,chr7,25800000,25700000
chr7_258,chr7,25900000,25800000
chr7_259,chr7,26000000,25900000
chr7_260,chr7,26100000,26000000
chr7_261,chr7,26200000,26100000
chr7_262,chr7,26300000,26200000
chr7_263,chr7,26400000,26300000
chr7_264,chr7,26500000,26400000
chr7_265,chr7,26600000,26500000
chr7_266,chr7,26700000,26600000
chr7_267,chr7,26800000,26700000
chr7_268,chr7,26900000,26800000
chr7_269,chr7,27000000,26900000
chr7_270,chr7,27100000,27000000
chr7_271,chr7,27200000,27100000
chr7_272,chr7,27300000,27200000
chr7_273,chr7,27400000,27300000
chr7_274,chr7,27500000,27400000
chr7_275,chr7,27600000,27500000
chr7_276,chr7,27700000,27600000
chr7_277,chr7,27800000,27700000
chr7_278,chr7,27900000,27800000
chr7_279,chr7,28000000,27900000
chr7_280,chr7,28100000,28000000
chr7_281,chr7,28200000,28100000
chr7_282,chr7,28300000,28200000
chr7_283,chr7,28400000,28300000
chr7_284,chr7,28500000,28400000
chr7_285,chr7,28600000,28500000
chr7_286,chr7,28700000,28600000
chr7_287,chr7,28800000,28700000
chr7_288,chr7,28900000,28800000
chr7_289,chr7,29000000,28900000
chr7_290,chr7,29100000,29000000
chr7_291,chr7,29200000,29100000
chr7_292,chr7,29300000,29200000
chr7_293,chr7,29400000,29300000
chr7_294,chr7,29500000,29400000
chr7_295,chr7,29600000,29500000
chr7_296,chr7,29700000,29600000
chr7_297,chr7,29800000,29700000
chr7_298,chr7,29900000,29800000
chr7_299,chr7,30000000,29900000
chr7_300,chr7,30100000,30000000
chr7_301,chr7,30200000,30100000
chr7_302,chr7,30300000,30200000
chr7_303,chr7,30400000,30300000
chr7_304,chr7,30500000,30400000
chr7_305,chr7,30600000,30500000
chr7_306,chr7,30700000,30600000
chr7_307,chr7,30800000,30700000
chr7_308,chr7,30900000,30800000
chr7_309,chr7,31000000,30900000
chr7_310,chr7,31100000,31000000
chr7_311,chr7,31200000,31100000
chr7_312,chr7,31300000,31200000
chr7_313,chr7,31400000,31300000
chr7_314,chr7,31500000,31400000
chr7_315,chr7,31600000,31500000
chr7_316,chr7,31700000,31600000
chr7_317,chr7,31800000,31700000
chr7_318,chr7,31900000,31800000
chr7_319,chr7,32000000,31900000
chr7_320,chr7,32100000,32000000
chr7_321,chr7,32200000,32100000
chr7_322,chr7,32300000,32200000
chr7_323,chr7,32400000,32300000
chr7_324,chr7,32500000,32400000
chr7_325,chr7,32600000,32500000
chr7_326,chr7,32700000,32600000
chr7_327,chr7,32800000,32700000
chr7_328,chr7,32900000,32800000
chr7_329,chr7,33000000,32900000
chr7_330,chr7,33100000,33000000
chr7_331,chr7,33200000,33100000
chr7_332,chr7,33300000,33200000
chr7_333,chr7,33400000,33300000
chr7_334,chr7,33500000,33400000
chr7_335,chr7,33600000,33500000
chr7_336,chr7,33700000,33600000
chr7_337,chr7,33800000,33700000
chr7_338,chr7,33900000,33800000
chr7_339,chr7,34000000,33900000
chr7_340,chr7,34100000,34000000
chr7_341,chr7,34200000,34100000
chr7_342,chr7,34300000,34200000
chr7_343,chr7,34400000,34300000
chr7_344,chr7,34500000,34400000
chr7_345,chr7,34600000,34500000
chr7_346,chr7,34700000,34600000
chr7_347,chr7,34800000,34700000
chr7_348,chr7,34900000,34800000
chr7_349,chr7,35000000,34900000
chr7_350,chr7,35100000,35000000
chr7_351,chr7,35200000,35100000
chr7_352,chr7,35300000,35200000
chr7_353,chr7,35400000,35300000
chr7_354,chr7,35500000,35400000
chr7_355,chr7,35600000,35500000
chr7_356,chr7,35700000,35600000
chr7_357,chr7,35800000,35700000
chr7_358,chr7,35900000,35800000
chr7_359,chr7,36000000,35900000
chr7_360,chr7,36100000,36000000
chr7_361,chr7,36200000,36100000
chr7_362,chr7,36300000,36200000
chr7_363,chr7,36400000,36300000
chr7_364,chr7,36500000,36400000
chr7_365,chr7,36600000,36500000
chr7_366,chr7,36700000,36600000
chr7_367,chr7,36800000,36700000
chr7_368,chr7,36900000,36800000
chr7_369,chr7,37000000,36900000
chr7_370,chr7,37100000,37000000
chr7_371,chr7,37200000,37100000
chr7_372,chr7,37300000,37200000
chr7_373,chr7,37400000,37300000
chr7_374,chr7,37500000,37400000
chr7_375,chr7,37600000,37500000
chr7_376,chr7,37700000,37600000
chr7_377,chr7,37800000,37700000
chr7_378,chr7,37900000,37800000
chr7_379,chr7,38000000,37900000
chr7_380,chr7,38100000,38000000
chr7_381,chr7,38200000,38100000
chr7_382,chr7,38300000,38200000
chr7_383,chr7,38400000,38300000
chr7_384,chr7,38500000,38400000
chr7_385,chr7,38600000,38500000
chr7_386,chr7,38700000,38600000
chr7_387,chr7,38800000,38700000
chr7_388,chr7,38900000,38800000
chr7_389,chr7,39000000,38900000
chr7_390,chr7,39100000,39000000
chr7_391,chr7,39200000,39100000
chr7_392,chr7,39300000,39200000
chr7_393,chr7,39400000,39300000
chr7_394,chr7,39500000,39400000
chr7_395,chr7,39600000,39500000
chr7_396,chr7,39700000,39600000
chr7_397,chr7,39800000,39700000
chr7_398,chr7,39900000,39800000
chr7_399,chr7,40000000,39900000
chr7_400,chr7,40100000,40000000
chr7_401,chr7,40200000,40100000
chr7_402,chr7,40300000,40200000
chr7_403,chr7,40400000,40300000
chr7_404,chr7,40500000,40400000
chr7_405,chr7,40600000,40500000
chr7_406,chr7,40700000,40600000
chr7_407,chr7,40800000,40700000
chr7_408,chr7,40900000,40800000
chr7_409,chr7,41000000,40900000
chr7_410,chr7,41100000,41000000
chr7_411,chr7,41200000,41100000
chr7_412,chr7,41300000,41200000
chr7_413,chr7,41400000,41300000
chr7_414,chr7,41500000,41400000
chr7_415,chr7,41600000,41500000
chr7_416,chr7,41700000,41600000
chr7_417,chr7,41800000,41700000
chr7_418,chr7,41900000,41800000
chr7_419,chr7,42000000,41900000
chr7_420,chr7,42100000,42000000
chr7_421,chr7,42200000,42100000
chr7_422,chr7,42300000,42200000
chr7_423,chr7,42400000,42300000
chr7_424,chr7,42500000,42400000
chr7_425,chr7,42600000,42500000
chr7_426,chr7,42700000,42600000
chr7_427,chr7,42800000,42700000
chr7_428,chr7,42900000,42800000
chr7_429,chr7,43000000,42900000
chr7_430,chr7,43100000,43000000
chr7_431,chr7,43200000,43100000
chr7_432,chr7,43300000,43200000
chr7_433,chr7,43400000,43300000
chr7_434,chr7,43500000,43400000
chr7_435,chr7,43600000,43500000
chr7_436,chr7,43700000,43600000
chr7_437,chr7,43800000,43700000
chr7_438,chr7,43900000,43800000
chr7_439,chr7,44000000,43900000
chr7_440,chr7,44100000,44000000
chr7_441,chr7,44200000,44100000
chr7_442,chr7,44300000,44200000
chr7_443,chr7,44400000,44300000
chr7_444,chr7,44500000,44400000
chr7_445,chr7,44600000,44500000
chr7_446,chr7,44700000,44600000
chr7_447,chr7,44800000,44700000
chr7_448,chr7,44900000,44800000
chr7_449,chr7,45000000,44900000
chr7_450,chr7,45100000,45000000
chr7_451,chr7,45200000,45100000
chr7_452,chr7,45300000,45200000
chr7_453,chr7,45400000,45300000
chr7_454,chr7,45500000,45400000
chr7_455,chr7,45600000,45500000
chr7_456,chr7,45700000,45600000
chr7_457,chr7,45800000,45700000
chr7_458,chr7,45900000,45800000
chr7_459,chr7,46000000,45900000
chr7_460,chr7,46100000,46000000
chr7_461,chr7,46200000,46100000
chr7_462,chr7,46300000,46200000
chr7_463,chr7,46400000,46300000
chr7_464,chr7,46500000,46400000
chr7_465,chr7,46600000,46500000
chr7_466,chr7,46700000,46600000
chr7_467,chr7,46800000,46700000
chr7_468,chr7,46900000,46800000
chr7_469,chr7,47000000,46900000
chr7_470,chr7,47100000,47000000
chr7_471,chr7,47200000,47100000
chr7_472,chr7,47300000,47200000
chr7_473,chr7,47400000,47300000
chr7_474,chr7,47500000,47400000
chr7_475,chr7,47600000,47500000
chr7_476,chr7,47700000,47600000
chr7_477,chr7,47800000,47700000
chr7_478,chr7,47900000,47800000
chr7_479,chr7,48000000,47900000
chr7_480,chr7,48100000,48000000
chr7_481,chr7,48200000,48100000
chr7_482,chr7,48300000,48200000
chr7_483,chr7,48400000,48300000
chr7_484,chr7,48500000,48400000
chr7_485,chr7,48600000,48500000
chr7_486,chr7,48700000,48600000
chr7_487,chr7,48800000,48700000
chr7_488,chr7,48900000,48800000
chr7_489,chr7,49000000,48900000
chr7_490,chr7,49100000,49000000
chr7_491,chr7,49200000,49100000
chr7_492,chr7,49300000,49200000
chr7_493,chr7,49400000,49300000
chr7_494,chr7,49500000,49400000
chr7_495,chr7,49600000,49500000
chr7_496,chr7,49700000,49600000
chr7_497,chr7,49800000,49700000
chr7_498,chr7,49900000,49800000
chr7_499,chr7,50000000,49900000
chr7_500,chr7,50100000,50000000
chr7_501,chr7,50200000,50100000
chr7_502,chr7,50300000,50200000
chr7_503,chr7,50400000,50300000
chr7_504,chr7,50500000,50400000
chr7_505,chr7,50600000,50500000
chr7_506,chr7,50700000,50600000
chr7_507,chr7,50800000,50700000
chr7_508,chr7,50900000,50800000
chr7_509,chr7,51000000,50900000
chr7_510,chr7,51100000,51000000
chr7_511,chr7,51200000,51100000
chr7_512,chr7,51300000,51200000
chr7_513,chr7,51400000,51300000
chr7_514,chr7,51500000,51400000
chr7_515,chr7,51600000,51500000
chr7_516,chr7,51700000,51600000
chr7_517,chr7,51800000,51700000
chr7_518,chr7,51900000,51800000
chr7_519,chr7,52000000,51900000
chr7_520,chr7,52100000,52000000
chr7_521,chr7,52200000,52100000
chr7_522,chr7,52300000,52200000
chr7_523,chr7,52400000,52300000
chr7_524,chr7,52500000,52400000
chr7_525,chr7,52600000,52500000
chr7_526,chr7,52700000,52600000
chr7_527,chr7,52800000,52700000
chr7_528,chr7,52900000,52800000
chr7_529,chr7,53000000,52900000
chr7_530,chr7,53100000,53000000
chr7_531,chr7,53200000,53100000
chr7_532,chr7,53300000,53200000
chr7_533,chr7,53400000,53300000
chr7_534,chr7,53500000,53400000
chr7_535,chr7,53600000,53500000
chr7_536,chr7,53700000,53600000
chr7_537,chr7,53800000,53700000
chr7_538,chr7,53900000,53800000
chr7_539,chr7,54000000,53900000
chr7_540,chr7,54100000,54000000
chr7_541,chr7,54200000,54100000
chr7_542,chr7,54300000,54200000
chr7_543,chr7,54400000,54300000
chr7_544,chr7,54500000,54400000
chr7_545,chr7,54600000,54500000
chr7_546,chr7,54700000,54600000
chr7_547,chr7,54800000,54700000
chr7_548,chr7,54900000,54800000
chr7_549,chr7,55000000,54900000
chr7_550,chr7,55100000,55000000
chr7_551,chr7,55200000,55100000
chr7_552,chr7,55300000,55200000
chr7_553,chr7,55400000,55300000
chr7_554,chr7,55500000,55400000
chr7_555,chr7,55600000,55500000
chr7_556,chr7,55700000,55600000
chr7_557,chr7,55800000,55700000
chr7_558,chr7,55900000,55800000
chr7_559,chr7,56000000,55900000
chr7_560,chr7,56100000,56000000
chr7_561,chr7,56200000,56100000
chr7_562,chr7,56300000,56200000
chr7_563,chr7,56400000,56300000
chr7_564,chr7,56500000,56400000
chr7_565,chr7,56600000,56500000
chr7_566,chr7,56700000,56600000
chr7_567,chr7,56800000,56700000
chr7_568,chr7,56900000,56800000
chr7_569,chr7,57000000,56900000
chr7_570,chr7,57100000,57000000
chr7_571,chr7,57200000,57100000
chr7_572,chr7,57300000,57200000
chr7_573,chr7,57400000,57300000
chr7_574,chr7,57500000,57400000
chr7_575,chr7,57600000,57500000
chr7_576,chr7,57700000,57600000
chr7_577,chr7,57800000,57700000
chr7_578,chr7,57900000,57800000
chr7_579,chr7,58000000,57900000
chr7_580,chr7,58100000,58000000
chr7_581,chr7,58200000,58100000
chr7_582,chr7,58300000,58200000
chr7_583,chr7,58400000,58300000
chr7_584,chr7,58500000,58400000
chr7_585,chr7,58600000,58500000
chr7_586,chr7,58700000,58600000
chr7_587,chr7,58800000,58700000
chr7_588,chr7,58900000,58800000
chr7_589,chr7,59000000,58900000
chr7_590,chr7,59100000,59000000
chr7_591,chr7,59200000,59100000
chr7_592,chr7,59300000,59200000
chr7_593,chr7,59400000,59300000
chr7_594,chr7,59500000,59400000
chr7_595,chr7,59600000,59500000
chr7_596,chr7,59700000,59600000
chr7_597,chr7,59800000,59700000
chr7_598,chr7,59900000,59800000
chr7_599,chr7,60000000,59900000
chr7_600,chr7,60100000,60000000
chr7_601,chr7,60200000,60100000
chr7_602,chr7,60300000,60200000
chr7_603,chr7,60400000,60300000
chr7_604,chr7,60500000,60400000
chr7_605,chr7,60600000,60500000
chr7_606,chr7,60700000,60600000
chr7_607,chr7,60800000,60700000
chr7_608,chr7,60900000,60800000
chr7_609,chr7,61000000,60900000
chr7_610,chr7,61100000,61000000
chr7_611,chr7,61200000,61100000
chr7_612,chr7,61300000,61200000
chr7_613,chr7,61400000,61300000
chr7_614,chr7,61500000,61400000
chr7_615,chr7,61600000,61500000
chr7_616,chr7,61700000,61600000
chr7_617,chr7,61800000,61700000
chr7_618,chr7,61900000,61800000
chr7_619,chr7,62000000,61900000
chr7_620,chr7,62100000,62000000
chr7_621,chr7,62200000,62100000
chr7_622,chr7,62300000,62200000
chr7_623,chr7,62400000,62300000
chr7_624,chr7,62500000,62400000
chr7_625,chr7,62600000,62500000
chr7_626,chr7,62700000,62600000
chr7_627,chr7,62800000,62700000
chr7_628,chr7,62900000,62800000
chr7_629,chr7,63000000,62900000
chr7_630,chr7,63100000,63000000
chr7_631,chr7,63200000,63100000
chr7_632,chr7,63300000,63200000
chr7_633,chr7,63400000,63300000
chr7_634,chr7,63500000,63400000
chr7_635,chr7,63600000,63500000
chr7_636,chr7,63700000,63600000
chr7_637,chr7,63800000,63700000
chr7_638,chr7,63900000,63800000
chr7_639,chr7,64000000,63900000
chr7_640,chr7,64100000,64000000
chr7_641,chr7,64200000,64100000
chr7_642,chr7,64300000,64200000
chr7_643,chr7,64400000,64300000
chr7_644,chr7,64500000,64400000
chr7_645,chr7,64600000,64500000
chr7_646,chr7,64700000,64600000
chr7_647,chr7,64800000,64700000
chr7_648,chr7,64900000,64800000
chr7_649,chr7,65000000,64900000
chr7_650,chr7,65100000,65000000
chr7_651,chr7,65200000,65100000
chr7_652,chr7,65300000,65200000
chr7_653,chr7,65400000,65300000
chr7_654,chr7,65500000,65400000
chr7_655,chr7,65600000,65500000
chr7_656,chr7,65700000,65600000
chr7_657,chr7,65800000,65700000
chr7_658,chr7,65900000,65800000
chr7_659,chr7,66000000,65900000
chr7_660,chr7,66100000,66000000
chr7_661,chr7,66200000,66100000
chr7_662,chr7,66300000,66200000
chr7_663,chr7,66400000,66300000
chr7_664,chr7,66500000,66400000
chr7_665,chr7,66600000,66500000
chr7_666,chr7,66700000,66600000
chr7_667,chr7,66800000,66700000
chr7_668,chr7,66900000,66800000
chr7_669,chr7,67000000,66900000
chr7_670,chr7,67100000,67000000
chr7_671,chr7,67200000,67100000
chr7_672,chr7,67300000,67200000
chr7_673,chr7,67400000,67300000
chr7_674,chr7,67500000,67400000
chr7_675,chr7,67600000,67500000
chr7_676,chr7,67700000,67600000
chr7_677,chr7,67800000,67700000
chr7_678,chr7,67900000,67800000
chr7_679,chr7,68000000,67900000
chr7_680,chr7,68100000,68000000
chr7_681,chr7,68200000,68100000
chr7_682,chr7,68300000,68200000
chr7_683,chr7,68400000,68300000
chr7_684,chr7,68500000,68400000
chr7_685,chr7,68600000,68500000
chr7_686,chr7,68700000,68600000
chr7_687,chr7,68800000,68700000
chr7_688,chr7,68900000,68800000
chr7_689,chr7,69000000,68900000
chr7_690,chr7,69100000,69000000
chr7_691,chr7,69200000,69100000
chr7_692,chr7,69300000,69200000
chr7_693,chr7,69400000,69300000
chr7_694,chr7,69500000,69400000
chr7_695,chr7,69600000,69500000
chr7_696,chr7,69700000,69600000
chr7_697,chr7,69800000,69700000
chr7_698,chr7,69900000,69800000
chr7_699,chr7,70000000,69900000
chr7_700,chr7,70100000,70000000
chr7_701,chr7,70200000,70100000
chr7_702,chr7,70300000,70200000
chr7_703,chr7,70400000,70300000
chr7_704,chr7,70500000,70400000
chr7_705,chr7,70600000,70500000
chr7_706,chr7,70700000,70600000
chr7_707,chr7,70800000,70700000
chr7_708,chr7,70900000,70800000
chr7_709,chr7,71000000,70900000
chr7_710,chr7,71100000,71000000
chr7_711,chr7,71200000,71100000
chr7_712,chr7,71300000,71200000
chr7_713,chr7,71400000,71300000
chr7_714,chr7,71500000,71400000
chr7_715,chr7,71600000,71500000
chr7_716,chr7,71700000,71600000
chr7_717,chr7,71800000,71700000
chr7_718,chr7,71900000,71800000
chr7_719,chr7,72000000,71900000
chr7_720,chr7,72100000,72000000
chr7_721,chr7,72200000,72100000
chr7_722,chr7,72300000,72200000
chr7_723,chr7,72400000,72300000
chr7_724,chr7,72500000,72400000
chr7_725,chr7,72600000,72500000
chr7_726,chr7,72700000,72600000
chr7_727,chr7,72800000,72700000
chr7_728,chr7,72900000,72800000
chr7_729,chr7,73000000,72900000
chr7_730,chr7,73100000,73000000
chr7_731,chr7,73200000,73100000
chr7_732,chr7,73300000,73200000
chr7_733,chr7,73400000,73300000
chr7_734,chr7,73500000,73400000
chr7_735,chr7,73600000,73500000
chr7_736,chr7,73700000,73600000
chr7_737,chr7,73800000,73700000
chr7_738,chr7,73900000,73800000
chr7_739,chr7,74000000,73900000
chr7_740,chr7,74100000,74000000
chr7_741,chr7,74200000,74100000
chr7_742,chr7,74300000,74200000
chr7_743,chr7,74400000,74300000
chr7_744,chr7,74500000,74400000
chr7_745,chr7,74600000,74500000
chr7_746,chr7,74700000,74600000
chr7_747,chr7,74800000,74700000
chr7_748,chr7,74900000,74800000
chr7_749,chr7,75000000,74900000
chr7_750,chr7,75100000,75000000
chr7_751,chr7,75200000,75100000
chr7_752,chr7,75300000,75200000
chr7_753,chr7,75400000,75300000
chr7_754,chr7,75500000,75400000
chr7_755,chr7,75600000,75500000
chr7_756,chr7,75700000,75600000
chr7_757,chr7,75800000,75700000
chr7_758,chr7,75900000,75800000
chr7_759,chr7,76000000,75900000
chr7_760,chr7,76100000,76000000
chr7_761,chr7,76200000,76100000
chr7_762,chr7,76300000,76200000
chr7_763,chr7,76400000,76300000
chr7_764,chr7,76500000,76400000
chr7_765,chr7,76600000,76500000
chr7_766,chr7,76700000,76600000
chr7_767,chr7,76800000,76700000
chr7_768,chr7,76900000,76800000
chr7_769,chr7,77000000,76900000
chr7_770,chr7,77100000,77000000
chr7_771,chr7,77200000,77100000
chr7_772,chr7,77300000,77200000
chr7_773,chr7,77400000,77300000
chr7_774,chr7,77500000,77400000
chr7_775,chr7,77600000,77500000
chr7_776,chr7,77700000,77600000
chr7_777,chr7,77800000,77700000
chr7_778,chr7,77900000,77800000
chr7_779,chr7,78000000,77900000
chr7_780,chr7,78100000,78000000
chr7_781,chr7,78200000,78100000
chr7_782,chr7,78300000,78200000
chr7_783,chr7,78400000,78300000
chr7_784,chr7,78500000,78400000
chr7_785,chr7,78600000,78500000
chr7_786,chr7,78700000,78600000
chr7_787,chr7,78800000,78700000
chr7_788,chr7,78900000,78800000
chr7_789,chr7,79000000,78900000
chr7_790,chr7,79100000,79000000
chr7_791,chr7,79200000,79100000
chr7_792,chr7,79300000,79200000
chr7_793,chr7,79400000,79300000
chr7_794,chr7,79500000,79400000
chr7_795,chr7,79600000,79500000
chr7_796,chr7,79700000,79600000
chr7_797,chr7,79800000,79700000
chr7_798,chr7,79900000,79800000
chr7_799,chr7,80000000,79900000
chr7_800,chr7,80100000,80000000
chr7_801,chr7,80200000,80100000
chr7_802,chr7,80300000,80200000
chr7_803,chr7,80400000,80300000
chr7_804,chr7,80500000,80400000
chr7_805,chr7,80600000,80500000
chr7_806,chr7,80700000,80600000
chr7_807,chr7,80800000,80700000
chr7_808,chr7,80900000,80800000
chr7_809,chr7,81000000,80900000
chr7_810,chr7,81100000,81000000
chr7_811,chr7,81200000,81100000
chr7_812,chr7,81300000,81200000
chr7_813,chr7,81400000,81300000
chr7_814,chr7,81500000,81400000
chr7_815,chr7,81600000,81500000
chr7_816,chr7,81700000,81600000
chr7_817,chr7,81800000,81700000
chr7_818,chr7,81900000,81800000
chr7_819,chr7,82000000,81900000
chr7_820,chr7,82100000,82000000
chr7_821,chr7,82200000,82100000
chr7_822,chr7,82300000,82200000
chr7_823,chr7,82400000,82300000
chr7_824,chr7,82500000,82400000
chr7_825,chr7,82600000,82500000
chr7_826,chr7,82700000,82600000
chr7_827,chr7,82800000,82700000
chr7_828,chr7,82900000,82800000
chr7_829,chr7,83000000,82900000
chr7_830,chr7,83100000,83000000
chr7_831,chr7,83200000,83100000
chr7_832,chr7,83300000,83200000
chr7_833,chr7,83400000,83300000
chr7_834,chr7,83500000,83400000
chr7_835,chr7,83600000,83500000
chr7_836,chr7,83700000,83600000
chr7_837,chr7,83800000,83700000
chr7_838,chr7,83900000,83800000
chr7_839,chr7,84000000,83900000
chr7_840,chr7,84100000,84000000
chr7_841,chr7,84200000,84100000
chr7_842,chr7,84300000,84200000
chr7_843,chr7,84400000,84300000
chr7_844,chr7,84500000,84400000
chr7_845,chr7,84600000,84500000
chr7_846,chr7,84700000,84600000
chr7_847,chr7,84800000,84700000
chr7_848,chr7,84900000,84800000
chr7_849,chr7,85000000,84900000
chr7_850,chr7,85100000,85000000
chr7_851,chr7,85200000,85100000
chr7_852,chr7,85300000,85200000
chr7_853,chr7,85400000,85300000
chr7_854,chr7,85500000,85400000
chr7_855,chr7,85600000,85500000
chr7_856,chr7,85700000,85600000
chr7_857,chr7,85800000,85700000
chr7_858,chr7,85900000,85800000
chr7_859,chr7,86000000,85900000
chr7_860,chr7,86100000,86000000
chr7_861,chr7,86200000,86100000
chr7_862,chr7,86300000,86200000
chr7_863,chr7,86400000,86300000
chr7_864,chr7,86500000,86400000
chr7_865,chr7,86600000,86500000
chr7_866,chr7,86700000,86600000
chr7_867,chr7,86800000,86700000
chr7_868,chr7,86900000,86800000
chr7_869,chr7,87000000,86900000
chr7_870,chr7,87100000,87000000
chr7_871,chr7,87200000,87100000
chr7_872,chr7,87300000,87200000
chr7_873,chr7,87400000,87300000
chr7_874,chr7,87500000,87400000
chr7_875,chr7,87600000,87500000
chr7_876,chr7,87700000,87600000
chr7_877,chr7,87800000,87700000
chr7_878,chr7,87900000,87800000
chr7_879,chr7,88000000,87900000
chr7_880,chr7,88100000,88000000
chr7_881,chr7,88200000,88100000
chr7_882,chr7,88300000,88200000
chr7_883,chr7,88400000,88300000
chr7_884,chr7,88500000,88400000
chr7_885,chr7,88600000,88500000
chr7_886,chr7,88700000,88600000
chr7_887,chr7,88800000,88700000
chr7_888,chr7,88900000,88800000
chr7_889,chr7,89000000,88900000
chr7_890,chr7,89100000,89000000
chr7_891,chr7,89200000,89100000
chr7_892,chr7,89300000,89200000
chr7_893,chr7,89400000,89300000
chr7_894,chr7,89500000,89400000
chr7_895,chr7,89600000,89500000
chr7_896,chr7,89700000,89600000
chr7_897,chr7,89800000,89700000
chr7_898,chr7,89900000,89800000
chr7_899,chr7,90000000,89900000
chr7_900,chr7,90100000,90000000
chr7_901,chr7,90200000,90100000
chr7_902,chr7,90300000,90200000
chr7_903,chr7,90400000,90300000
chr7_904,chr7,90500000,90400000
chr7_905,chr7,90600000,90500000
chr7_906,chr7,90700000,90600000
chr7_907,chr7,90800000,90700000
chr7_908,chr7,90900000,90800000
chr7_909,chr7,91000000,90900000
chr7_910,chr7,91100000,91000000
chr7_911,chr7,91200000,91100000
chr7_912,chr7,91300000,91200000
chr7_913,chr7,91400000,91300000
chr7_914,chr7,91500000,91400000
chr7_915,chr7,91600000,91500000
chr7_916,chr7,91700000,91600000
chr7_917,chr7,91800000,91700000
chr7_918,chr7,91900000,91800000
chr7_919,chr7,92000000,91900000
chr7_920,chr7,92100000,92000000
chr7_921,chr7,92200000,92100000
chr7_922,chr7,92300000,92200000
chr7_923,chr7,92400000,92300000
chr7_924,chr7,92500000,92400000
chr7_925,chr7,92600000,92500000
chr7_926,chr7,92700000,92600000
chr7_927,chr7,92800000,92700000
chr7_928,chr7,92900000,92800000
chr7_929,chr7,93000000,92900000
chr7_930,chr7,93100000,93000000
chr7_931,chr7,93200000,93100000
chr7_932,chr7,93300000,93200000
chr7_933,chr7,93400000,93300000
chr7_934,chr7,93500000,93400000
chr7_935,chr7,93600000,93500000
chr7_936,chr7,93700000,93600000
chr7_937,chr7,93800000,93700000
chr7_938,chr7,93900000,93800000
chr7_939,chr7,94000000,93900000
chr7_940,chr7,94100000,94000000
chr7_941,chr7,94200000,94100000
chr7_942,chr7,94300000,94200000
chr7_943,chr7,94400000,94300000
chr7_944,chr7,94500000,94400000
chr7_945,chr7,94600000,94500000
chr7_946,chr7,94700000,94600000
chr7_947,chr7,94800000,94700000
chr7_948,chr7,94900000,94800000
chr7_949,chr7,95000000,94900000
chr7_950,chr7,95100000,95000000
chr7_951,chr7,95200000,95100000
chr7_952,chr7,95300000,95200000
chr7_953,chr7,95400000,95300000
chr7_954,chr7,95500000,95400000
chr7_955,chr7,95600000,95500000
chr7_956,chr7,95700000,95600000
chr7_957,chr7,95800000,95700000
chr7_958,chr7,95900000,95800000
chr7_959,chr7,96000000,95900000
chr7_960,chr7,96100000,96000000
chr7_961,chr7,96200000,96100000
chr7_962,chr7,96300000,96200000
chr7_963,chr7,96400000,96300000
chr7_964,chr7,96500000,96400000
chr7_965,chr7,96600000,96500000
chr7_966,chr7,96700000,96600000
chr7_967,chr7,96800000,96700000
chr7_968,chr7,96900000,96800000
chr7_969,chr7,97000000,96900000
chr7_970,chr7,97100000,97000000
chr7_971,chr7,97200000,97100000
chr7_972,chr7,97300000,97200000
chr7_973,chr7,97400000,97300000
chr7_974,chr7,97500000,97400000
chr7_975,chr7,97600000,97500000
chr7_976,chr7,97700000,97600000
chr7_977,chr7,97800000,97700000
chr7_978,chr7,97900000,97800000
chr7_979,chr7,98000000,97900000
chr7_980,chr7,98100000,98000000
chr7_981,chr7,98200000,98100000
chr7_982,chr7,98300000,98200000
chr7_983,chr7,98400000,98300000
chr7_984,chr7,98500000,98400000
chr7_985,chr7,98600000,98500000
chr7_986,chr7,98700000,98600000
chr7_987,chr7,98800000,98700000
chr7_988,chr7,98900000,98800000
chr7_989,chr7,99000000,98900000
chr7_990,chr7,99100000,99000000
chr7_991,chr7,99200000,99100000
chr7_992,chr7,99300000,99200000
chr7_993,chr7,99400000,99300000
chr7_994,chr7,99500000,99400000
chr7_995,chr7,99600000,99500000
chr7_996,chr7,99700000,99600000
chr7_997,chr7,99800000,99700000
chr7_998,chr7,99900000,99800000
chr7_999,chr7,100000000,99900000
chr7_1000,chr7,100100000,100000000
chr7_1001,chr7,100200000,100100000
chr7_1002,chr7,100300000,100200000
chr7_1003,chr7,100400000,100300000
chr7_1004,chr7,100500000,100400000
chr7_1005,chr7,100600000,100500000
chr7_1006,chr7,100700000,100600000
chr7_1007,chr7,100800000,100700000
chr7_1008,chr7,100900000,100800000
chr7_1009,chr7,101000000,100900000
chr7_1010,chr7,101100000,101000000
chr7_1011,chr7,101200000,101100000
chr7_1012,chr7,101300000,101200000
chr7_1013,chr7,101400000,101300000
chr7_1014,chr7,101500000,101400000
chr7_1015,chr7,101600000,101500000
chr7_1016,chr7,101700000,101600000
chr7_1017,chr7,101800000,101700000
chr7_1018,chr7,101900000,101800000
chr7_1019,chr7,102000000,101900000
chr7_1020,chr7,102100000,102000000
chr7_1021,chr7,102200000,102100000
chr7_1022,chr7,102300000,102200000
chr7_1023,chr7,102400000,102300000
chr7_1024,chr7,102500000,102400000
chr7_1025,chr7,102600000,102500000
chr7_1026,chr7,102700000,102600000
chr7_1027,chr7,102800000,102700000
chr7_1028,chr7,102900000,102800000
chr7_1029,chr7,103000000,102900000
chr7_1030,chr7,103100000,103000000
chr7_1031,chr7,103200000,103100000
chr7_1032,chr7,103300000,103200000
chr7_1033,chr7,103400000,103300000
chr7_1034,chr7,103500000,103400000
chr7_1035,chr7,103600000,103500000
chr7_1036,chr7,103700000,103600000
chr7_1037,chr7,103800000,103700000
chr7_1038,chr7,103900000,103800000
chr7_1039,chr7,104000000,103900000
chr7_1040,chr7,104100000,104000000
chr7_1041,chr7,104200000,104100000
chr7_1042,chr7,104300000,104200000
chr7_1043,chr7,104400000,104300000
chr7_1044,chr7,104500000,104400000
chr7_1045,chr7,104600000,104500000
chr7_1046,chr7,104700000,104600000
chr7_1047,chr7,104800000,104700000
chr7_1048,chr7,104900000,104800000
chr7_1049,chr7,105000000,104900000
chr7_1050,chr7,105100000,105000000
chr7_1051,chr7,105200000,105100000
chr7_1052,chr7,105300000,105200000
chr7_1053,chr7,105400000,105300000
chr7_1054,chr7,105500000,105400000
chr7_1055,chr7,105600000,105500000
chr7_1056,chr7,105700000,105600000
chr7_1057,chr7,105800000,105700000
chr7_1058,chr7,105900000,105800000
chr7_1059,chr7,106000000,105900000
chr7_1060,chr7,106100000,106000000
chr7_1061,chr7,106200000,106100000
chr7_1062,chr7,106300000,106200000
chr7_1063,chr7,106400000,106300000
chr7_1064,chr7,106500000,106400000
chr7_1065,chr7,106600000,106500000
chr7_1066,chr7,106700000,106600000
chr7_1067,chr7,106800000,106700000
chr7_1068,chr7,106900000,106800000
chr7_1069,chr7,107000000,106900000
chr7_1070,chr7,107100000,107000000
chr7_1071,chr7,107200000,107100000
chr7_1072,chr7,107300000,107200000
chr7_1073,chr7,107400000,107300000
chr7_1074,chr7,107500000,107400000
chr7_1075,chr7,107600000,107500000
chr7_1076,chr7,107700000,107600000
chr7_1077,chr7,107800000,107700000
chr7_1078,chr7,107900000,107800000
chr7_1079,chr7,108000000,107900000
chr7_1080,chr7,108100000,108000000
chr7_1081,chr7,108200000,108100000
chr7_1082,chr7,108300000,108200000
chr7_1083,chr7,108400000,108300000
chr7_1084,chr7,108500000,108400000
chr7_1085,chr7,108600000,108500000
chr7_1086,chr7,108700000,108600000
chr7_1087,chr7,108800000,108700000
chr7_1088,chr7,108900000,108800000
chr7_1089,chr7,109000000,108900000
chr7_1090,chr7,109100000,109000000
chr7_1091,chr7,109200000,109100000
chr7_1092,chr7,109300000,109200000
chr7_1093,chr7,109400000,109300000
chr7_1094,chr7,109500000,109400000
chr7_1095,chr7,109600000,109500000
chr7_1096,chr7,109700000,109600000
chr7_1097,chr7,109800000,109700000
chr7_1098,chr7,109900000,109800000
chr7_1099,chr7,110000000,109900000
chr7_1100,chr7,110100000,110000000
chr7_1101,chr7,110200000,110100000
chr7_1102,chr7,110300000,110200000
chr7_1103,chr7,110400000,110300000
chr7_1104,chr7,110500000,110400000
chr7_1105,chr7,110600000,110500000
chr7_1106,chr7,110700000,110600000
chr7_1107,chr7,110800000,110700000
chr7_1108,chr7,110900000,110800000
chr7_1109,chr7,111000000,110900000
chr7_1110,chr7,111100000,111000000
chr7_1111,chr7,111200000,111100000
chr7_1112,chr7,111300000,111200000
chr7_1113,chr7,111400000,111300000
chr7_1114,chr7,111500000,111400000
chr7_1115,chr7,111600000,111500000
chr7_1116,chr7,111700000,111600000
chr7_1117,chr7,111800000,111700000
chr7_1118,chr7,111900000,111800000
chr7_1119,chr7,112000000,111900000
chr7_1120,chr7,112100000,112000000
chr7_1121,chr7,112200000,112100000
chr7_1122,chr7,112300000,112200000
chr7_1123,chr7,112400000,112300000
chr7_1124,chr7,112500000,112400000
chr7_1125,chr7,112600000,112500000
chr7_1126,chr7,112700000,112600000
chr7_1127,chr7,112800000,112700000
chr7_1128,chr7,112900000,112800000
chr7_1129,chr7,113000000,112900000
chr7_1130,chr7,113100000,113000000
chr7_1131,chr7,113200000,113100000
chr7_1132,chr7,113300000,113200000
chr7_1133,chr7,113400000,113300000
chr7_1134,chr7,113500000,113400000
chr7_1135,chr7,113600000,113500000
chr7_1136,chr7,113700000,113600000
chr7_1137,chr7,113800000,113700000
chr7_1138,chr7,113900000,113800000
chr7_1139,chr7,114000000,113900000
chr7_1140,chr7,114100000,114000000
chr7_1141,chr7,114200000,114100000
chr7_1142,chr7,114300000,114200000
chr7_1143,chr7,114400000,114300000
chr7_1144,chr7,114500000,114400000
chr7_1145,chr7,114600000,114500000
chr7_1146,chr7,114700000,114600000
chr7_1147,chr7,114800000,114700000
chr7_1148,chr7,114900000,114800000
chr7_1149,chr7,115000000,114900000
chr7_1150,chr7,115100000,115000000
chr7_1151,chr7,115200000,115100000
chr7_1152,chr7,115300000,115200000
chr7_1153,chr7,115400000,115300000
chr7_1154,chr7,115500000,115400000
chr7_1155,chr7,115600000,115500000
chr7_1156,chr7,115700000,115600000
chr7_1157,chr7,115800000,115700000
chr7_1158,chr7,115900000,115800000
chr7_1159,chr7,116000000,115900000
chr7_1160,chr7,116100000,116000000
chr7_1161,chr7,116200000,116100000
chr7_1162,chr7,116300000,116200000
chr7_1163,chr7,116400000,116300000
chr7_1164,chr7,116500000,116400000
chr7_1165,chr7,116600000,116500000
chr7_1166,chr7,116700000,116600000
chr7_1167,chr7,116800000,116700000
chr7_1168,chr7,116900000,116800000
chr7_1169,chr7,117000000,116900000
chr7_1170,chr7,117100000,117000000
chr7_1171,chr7,117200000,117100000
chr7_1172,chr7,117300000,117200000
chr7_1173,chr7,117400000,117300000
chr7_1174,chr7,117500000,117400000
chr7_1175,chr7,117600000,117500000
chr7_1176,chr7,117700000,117600000
chr7_1177,chr7,117800000,117700000
chr7_1178,chr7,117900000,117800000
chr7_1179,chr7,118000000,117900000
chr7_1180,chr7,118100000,118000000
chr7_1181,chr7,118200000,118100000
chr7_1182,chr7,118300000,118200000
chr7_1183,chr7,118400000,118300000
chr7_1184,chr7,118500000,118400000
chr7_1185,chr7,118600000,118500000
chr7_1186,chr7,118700000,118600000
chr7_1187,chr7,118800000,118700000
chr7_1188,chr7,118900000,118800000
chr7_1189,chr7,119000000,118900000
chr7_1190,chr7,119100000,119000000
chr7_1191,chr7,119200000,119100000
chr7_1192,chr7,119300000,119200000
chr7_1193,chr7,119400000,119300000
chr7_1194,chr7,119500000,119400000
chr7_1195,chr7,119600000,119500000
chr7_1196,chr7,119700000,119600000
chr7_1197,chr7,119800000,119700000
chr7_1198,chr7,119900000,119800000
chr7_1199,chr7,120000000,119900000
chr7_1200,chr7,120100000,120000000
chr7_1201,chr7,120200000,120100000
chr7_1202,chr7,120300000,120200000
chr7_1203,chr7,120400000,120300000
chr7_1204,chr7,120500000,120400000
chr7_1205,chr7,120600000,120500000
chr7_1206,chr7,120700000,120600000
chr7_1207,chr7,120800000,120700000
chr7_1208,chr7,120900000,120800000
chr7_1209,chr7,121000000,120900000
chr7_1210,chr7,121100000,121000000
chr7_1211,chr7,121200000,121100000
chr7_1212,chr7,121300000,121200000
chr7_1213,chr7,121400000,121300000
chr7_1214,chr7,121500000,121400000
chr7_1215,chr7,121600000,121500000
chr7_1216,chr7,121700000,121600000
chr7_1217,chr7,121800000,121700000
chr7_1218,chr7,121900000,121800000
chr7_1219,chr7,122000000,121900000
chr7_1220,chr7,122100000,122000000
chr7_1221,chr7,122200000,122100000
chr7_1222,chr7,122300000,122200000
chr7_1223,chr7,122400000,122300000
chr7_1224,chr7,122500000,122400000
chr7_1225,chr7,122600000,122500000
chr7_1226,chr7,122700000,122600000
chr7_1227,chr7,122800000,122700000
chr7_1228,chr7,122900000,122800000
chr7_1229,chr7,123000000,122900000
chr7_1230,chr7,123100000,123000000
chr7_1231,chr7,123200000,123100000
chr7_1232,chr7,123300000,123200000
chr7_1233,chr7,123400000,123300000
chr7_1234,chr7,123500000,123400000
chr7_1235,chr7,123600000,123500000
chr7_1236,chr7,123700000,123600000
chr7_1237,chr7,123800000,123700000
chr7_1238,chr7,123900000,123800000
chr7_1239,chr7,124000000,123900000
chr7_1240,chr7,124100000,124000000
chr7_1241,chr7,124200000,124100000
chr7_1242,chr7,124300000,124200000
chr7_1243,chr7,124400000,124300000
chr7_1244,chr7,124500000,124400000
chr7_1245,chr7,124600000,124500000
chr7_1246,chr7,124700000,124600000
chr7_1247,chr7,124800000,124700000
chr7_1248,chr7,124900000,124800000
chr7_1249,chr7,125000000,124900000
chr7_1250,chr7,125100000,125000000
chr7_1251,chr7,125200000,125100000
chr7_1252,chr7,125300000,125200000
chr7_1253,chr7,125400000,125300000
chr7_1254,chr7,125500000,125400000
chr7_1255,chr7,125600000,125500000
chr7_1256,chr7,125700000,125600000
chr7_1257,chr7,125800000,125700000
chr7_1258,chr7,125900000,125800000
chr7_1259,chr7,126000000,125900000
chr7_1260,chr7,126100000,126000000
chr7_1261,chr7,126200000,126100000
chr7_1262,chr7,126300000,126200000
chr7_1263,chr7,126400000,126300000
chr7_1264,chr7,126500000,126400000
chr7_1265,chr7,126600000,126500000
chr7_1266,chr7,126700000,126600000
chr7_1267,chr7,126800000,126700000
chr7_1268,chr7,126900000,126800000
chr7_1269,chr7,127000000,126900000
chr7_1270,chr7,127100000,127000000
chr7_1271,chr7,127200000,127100000
chr7_1272,chr7,127300000,127200000
chr7_1273,chr7,127400000,127300000
chr7_1274,chr7,127500000,127400000
chr7_1275,chr7,127600000,127500000
chr7_1276,chr7,127700000,127600000
chr7_1277,chr7,127800000,127700000
chr7_1278,chr7,127900000,127800000
chr7_1279,chr7,128000000,127900000
chr7_1280,chr7,128100000,128000000
chr7_1281,chr7,128200000,128100000
chr7_1282,chr7,128300000,128200000
chr7_1283,chr7,128400000,128300000
chr7_1284,chr7,128500000,128400000
chr7_1285,chr7,128600000,128500000
chr7_1286,chr7,128700000,128600000
chr7_1287,chr7,128800000,128700000
chr7_1288,chr7,128900000,128800000
chr7_1289,chr7,129000000,128900000
chr7_1290,chr7,129100000,129000000
chr7_1291,chr7,129200000,129100000
chr7_1292,chr7,129300000,129200000
chr7_1293,chr7,129400000,129300000
chr7_1294,chr7,129500000,129400000
chr7_1295,chr7,129600000,129500000
chr7_1296,chr7,129700000,129600000
chr7_1297,chr7,129800000,129700000
chr7_1298,chr7,129900000,129800000
chr7_1299,chr7,130000000,129900000
chr7_1300,chr7,130100000,130000000
chr7_1301,chr7,130200000,130100000
chr7_1302,chr7,130300000,130200000
chr7_1303,chr7,130400000,130300000
chr7_1304,chr7,130500000,130400000
chr7_1305,chr7,130600000,130500000
chr7_1306,chr7,130700000,130600000
chr7_1307,chr7,130800000,130700000
chr7_1308,chr7,130900000,130800000
chr7_1309,chr7,131000000,130900000
chr7_1310,chr7,131100000,131000000
chr7_1311,chr7,131200000,131100000
chr7_1312,chr7,131300000,131200000
chr7_1313,chr7,131400000,131300000
chr7_1314,chr7,131500000,131400000
chr7_1315,chr7,131600000,131500000
chr7_1316,chr7,131700000,131600000
chr7_1317,chr7,131800000,131700000
chr7_1318,chr7,131900000,131800000
chr7_1319,chr7,132000000,131900000
chr7_1320,chr7,132100000,132000000
chr7_1321,chr7,132200000,132100000
chr7_1322,chr7,132300000,132200000
chr7_1323,chr7,132400000,132300000
chr7_1324,chr7,132500000,132400000
chr7_1325,chr7,132600000,132500000
chr7_1326,chr7,132700000,132600000
chr7_1327,chr7,132800000,132700000
chr7_1328,chr7,132900000,132800000
chr7_1329,chr7,133000000,132900000
chr7_1330,chr7,133100000,133000000
chr7_1331,chr7,133200000,133100000
chr7_1332,chr7,133300000,133200000
chr7_1333,chr7,133400000,133300000
chr7_1334,chr7,133500000,133400000
chr7_1335,chr7,133600000,133500000
chr7_1336,chr7,133700000,133600000
chr7_1337,chr7,133800000,133700000
chr7_1338,chr7,133900000,133800000
chr7_1339,chr7,134000000,133900000
chr7_1340,chr7,134100000,134000000
chr7_1341,chr7,134200000,134100000
chr7_1342,chr7,134300000,134200000
chr7_1343,chr7,134400000,134300000
chr7_1344,chr7,134500000,134400000
chr7_1345,chr7,134600000,134500000
chr7_1346,chr7,134700000,134600000
chr7_1347,chr7,134800000,134700000
chr7_1348,chr7,134900000,134800000
chr7_1349,chr7,135000000,134900000
chr7_1350,chr7,135100000,135000000
chr7_1351,chr7,135200000,135100000
chr7_1352,chr7,135300000,135200000
chr7_1353,chr7,135400000,135300000
chr7_1354,chr7,135500000,135400000
chr7_1355,chr7,135600000,135500000
chr7_1356,chr7,135700000,135600000
chr7_1357,chr7,135800000,135700000
chr7_1358,chr7,135900000,135800000
chr7_1359,chr7,136000000,135900000
chr7_1360,chr7,136100000,136000000
chr7_1361,chr7,136200000,136100000
chr7_1362,chr7,136300000,136200000
chr7_1363,chr7,136400000,136300000
chr7_1364,chr7,136500000,136400000
chr7_1365,chr7,136600000,136500000
chr7_1366,chr7,136700000,136600000
chr7_1367,chr7,136800000,136700000
chr7_1368,chr7,136900000,136800000
chr7_1369,chr7,137000000,136900000
chr7_1370,chr7,137100000,137000000
chr7_1371,chr7,137200000,137100000
chr7_1372,chr7,137300000,137200000
chr7_1373,chr7,137400000,137300000
chr7_1374,chr7,137500000,137400000
chr7_1375,chr7,137600000,137500000
chr7_1376,chr7,137700000,137600000
chr7_1377,chr7,137800000,137700000
chr7_1378,chr7,137900000,137800000
chr7_1379,chr7,138000000,137900000
chr7_1380,chr7,138100000,138000000
chr7_1381,chr7,138200000,138100000
chr7_1382,chr7,138300000,138200000
chr7_1383,chr7,138400000,138300000
chr7_1384,chr7,138500000,138400000
chr7_1385,chr7,138600000,138500000
chr7_1386,chr7,138700000,138600000
chr7_1387,chr7,138800000,138700000
chr7_1388,chr7,138900000,138800000
chr7_1389,chr7,139000000,138900000
chr7_1390,chr7,139100000,139000000
chr7_1391,chr7,139200000,139100000
chr7_1392,chr7,139300000,139200000
chr7_1393,chr7,139400000,139300000
chr7_1394,chr7,139500000,139400000
chr7_1395,chr7,139600000,139500000
chr7_1396,chr7,139700000,139600000
chr7_1397,chr7,139800000,139700000
chr7_1398,chr7,139900000,139800000
chr7_1399,chr7,140000000,139900000
chr7_1400,chr7,140100000,140000000
chr7_1401,chr7,140200000,140100000
chr7_1402,chr7,140300000,140200000
chr7_1403,chr7,140400000,140300000
chr7_1404,chr7,140500000,140400000
chr7_1405,chr7,140600000,140500000
chr7_1406,chr7,140700000,140600000
chr7_1407,chr7,140800000,140700000
chr7_1408,chr7,140900000,140800000
chr7_1409,chr7,141000000,140900000
chr7_1410,chr7,141100000,141000000
chr7_1411,chr7,141200000,141100000
chr7_1412,chr7,141300000,141200000
chr7_1413,chr7,141400000,141300000
chr7_1414,chr7,141500000,141400000
chr7_1415,chr7,141600000,141500000
chr7_1416,chr7,141700000,141600000
chr7_1417,chr7,141800000,141700000
chr7_1418,chr7,141900000,141800000
chr7_1419,chr7,142000000,141900000
chr7_1420,chr7,142100000,142000000
chr7_1421,chr7,142200000,142100000
chr7_1422,chr7,142300000,142200000
chr7_1423,chr7,142400000,142300000
chr7_1424,chr7,142500000,142400000
chr7_1425,chr7,142600000,142500000
chr7_1426,chr7,142700000,142600000
chr7_1427,chr7,142800000,142700000
chr7_1428,chr7,142900000,142800000
chr7_1429,chr7,143000000,142900000
chr7_1430,chr7,143100000,143000000
chr7_1431,chr7,143200000,143100000
chr7_1432,chr7,143300000,143200000
chr7_1433,chr7,143400000,143300000
chr7_1434,chr7,143500000,143400000
chr7_1435,chr7,143600000,143500000
chr7_1436,chr7,143700000,143600000
chr7_1437,chr7,143800000,143700000
chr7_1438,chr7,143900000,143800000
chr7_1439,chr7,144000000,143900000
chr7_1440,chr7,144100000,144000000
chr7_1441,chr7,144200000,144100000
chr7_1442,chr7,144300000,144200000
chr7_1443,chr7,144400000,144300000
chr7_1444,chr7,144500000,144400000
chr7_1445,chr7,144600000,144500000
chr7_1446,chr7,144700000,144600000
chr7_1447,chr7,144800000,144700000
chr7_1448,chr7,144900000,144800000
chr7_1449,chr7,145000000,144900000
chr7_1450,chr7,145100000,145000000
chr7_1451,chr7,145200000,145100000
chr7_1452,chr7,145300000,145200000
chr7_1453,chr7,145400000,145300000
chr7_1454,chr7,145441459,145400000
chr8_0,chr8,100000,0
chr8_1,chr8,200000,100000
chr8_2,chr8,300000,200000
chr8_3,chr8,400000,300000
chr8_4,chr8,500000,400000
chr8_5,chr8,600000,500000
chr8_6,chr8,700000,600000
chr8_7,chr8,800000,700000
chr8_8,chr8,900000,800000
chr8_9,chr8,1000000,900000
chr8_10,chr8,1100000,1000000
chr8_11,chr8,1200000,1100000
chr8_12,chr8,1300000,1200000
chr8_13,chr8,1400000,1300000
chr8_14,chr8,1500000,1400000
chr8_15,chr8,1600000,1500000
chr8_16,chr8,1700000,1600000
chr8_17,chr8,1800000,1700000
chr8_18,chr8,1900000,1800000
chr8_19,chr8,2000000,1900000
chr8_20,chr8,2100000,2000000
chr8_21,chr8,2200000,2100000
chr8_22,chr8,2300000,2200000
chr8_23,chr8,2400000,2300000
chr8_24,chr8,2500000,2400000
chr8_25,chr8,2600000,2500000
chr8_26,chr8,2700000,2600000
chr8_27,chr8,2800000,2700000
chr8_28,chr8,2900000,2800000
chr8_29,chr8,3000000,2900000
chr8_30,chr8,3100000,3000000
chr8_31,chr8,3200000,3100000
chr8_32,chr8,3300000,3200000
chr8_33,chr8,3400000,3300000
chr8_34,chr8,3500000,3400000
chr8_35,chr8,3600000,3500000
chr8_36,chr8,3700000,3600000
chr8_37,chr8,3800000,3700000
chr8_38,chr8,3900000,3800000
chr8_39,chr8,4000000,3900000
chr8_40,chr8,4100000,4000000
chr8_41,chr8,4200000,4100000
chr8_42,chr8,4300000,4200000
chr8_43,chr8,4400000,4300000
chr8_44,chr8,4500000,4400000
chr8_45,chr8,4600000,4500000
chr8_46,chr8,4700000,4600000
chr8_47,chr8,4800000,4700000
chr8_48,chr8,4900000,4800000
chr8_49,chr8,5000000,4900000
chr8_50,chr8,5100000,5000000
chr8_51,chr8,5200000,5100000
chr8_52,chr8,5300000,5200000
chr8_53,chr8,5400000,5300000
chr8_54,chr8,5500000,5400000
chr8_55,chr8,5600000,5500000
chr8_56,chr8,5700000,5600000
chr8_57,chr8,5800000,5700000
chr8_58,chr8,5900000,5800000
chr8_59,chr8,6000000,5900000
chr8_60,chr8,6100000,6000000
chr8_61,chr8,6200000,6100000
chr8_62,chr8,6300000,6200000
chr8_63,chr8,6400000,6300000
chr8_64,chr8,6500000,6400000
chr8_65,chr8,6600000,6500000
chr8_66,chr8,6700000,6600000
chr8_67,chr8,6800000,6700000
chr8_68,chr8,6900000,6800000
chr8_69,chr8,7000000,6900000
chr8_70,chr8,7100000,7000000
chr8_71,chr8,7200000,7100000
chr8_72,chr8,7300000,7200000
chr8_73,chr8,7400000,7300000
chr8_74,chr8,7500000,7400000
chr8_75,chr8,7600000,7500000
chr8_76,chr8,7700000,7600000
chr8_77,chr8,7800000,7700000
chr8_78,chr8,7900000,7800000
chr8_79,chr8,8000000,7900000
chr8_80,chr8,8100000,8000000
chr8_81,chr8,8200000,8100000
chr8_82,chr8,8300000,8200000
chr8_83,chr8,8400000,8300000
chr8_84,chr8,8500000,8400000
chr8_85,chr8,8600000,8500000
chr8_86,chr8,8700000,8600000
chr8_87,chr8,8800000,8700000
chr8_88,chr8,8900000,8800000
chr8_89,chr8,9000000,8900000
chr8_90,chr8,9100000,9000000
chr8_91,chr8,9200000,9100000
chr8_92,chr8,9300000,9200000
chr8_93,chr8,9400000,9300000
chr8_94,chr8,9500000,9400000
chr8_95,chr8,9600000,9500000
chr8_96,chr8,9700000,9600000
chr8_97,chr8,9800000,9700000
chr8_98,chr8,9900000,9800000
chr8_99,chr8,10000000,9900000
chr8_100,chr8,10100000,10000000
chr8_101,chr8,10200000,10100000
chr8_102,chr8,10300000,10200000
chr8_103,chr8,10400000,10300000
chr8_104,chr8,10500000,10400000
chr8_105,chr8,10600000,10500000
chr8_106,chr8,10700000,10600000
chr8_107,chr8,10800000,10700000
chr8_108,chr8,10900000,10800000
chr8_109,chr8,11000000,10900000
chr8_110,chr8,11100000,11000000
chr8_111,chr8,11200000,11100000
chr8_112,chr8,11300000,11200000
chr8_113,chr8,11400000,11300000
chr8_114,chr8,11500000,11400000
chr8_115,chr8,11600000,11500000
chr8_116,chr8,11700000,11600000
chr8_117,chr8,11800000,11700000
chr8_118,chr8,11900000,11800000
chr8_119,chr8,12000000,11900000
chr8_120,chr8,12100000,12000000
chr8_121,chr8,12200000,12100000
chr8_122,chr8,12300000,12200000
chr8_123,chr8,12400000,12300000
chr8_124,chr8,12500000,12400000
chr8_125,chr8,12600000,12500000
chr8_126,chr8,12700000,12600000
chr8_127,chr8,12800000,12700000
chr8_128,chr8,12900000,12800000
chr8_129,chr8,13000000,12900000
chr8_130,chr8,13100000,13000000
chr8_131,chr8,13200000,13100000
chr8_132,chr8,13300000,13200000
chr8_133,chr8,13400000,13300000
chr8_134,chr8,13500000,13400000
chr8_135,chr8,13600000,13500000
chr8_136,chr8,13700000,13600000
chr8_137,chr8,13800000,13700000
chr8_138,chr8,13900000,13800000
chr8_139,chr8,14000000,13900000
chr8_140,chr8,14100000,14000000
chr8_141,chr8,14200000,14100000
chr8_142,chr8,14300000,14200000
chr8_143,chr8,14400000,14300000
chr8_144,chr8,14500000,14400000
chr8_145,chr8,14600000,14500000
chr8_146,chr8,14700000,14600000
chr8_147,chr8,14800000,14700000
chr8_148,chr8,14900000,14800000
chr8_149,chr8,15000000,14900000
chr8_150,chr8,15100000,15000000
chr8_151,chr8,15200000,15100000
chr8_152,chr8,15300000,15200000
chr8_153,chr8,15400000,15300000
chr8_154,chr8,15500000,15400000
chr8_155,chr8,15600000,15500000
chr8_156,chr8,15700000,15600000
chr8_157,chr8,15800000,15700000
chr8_158,chr8,15900000,15800000
chr8_159,chr8,16000000,15900000
chr8_160,chr8,16100000,16000000
chr8_161,chr8,16200000,16100000
chr8_162,chr8,16300000,16200000
chr8_163,chr8,16400000,16300000
chr8_164,chr8,16500000,16400000
chr8_165,chr8,16600000,16500000
chr8_166,chr8,16700000,16600000
chr8_167,chr8,16800000,16700000
chr8_168,chr8,16900000,16800000
chr8_169,chr8,17000000,16900000
chr8_170,chr8,17100000,17000000
chr8_171,chr8,17200000,17100000
chr8_172,chr8,17300000,17200000
chr8_173,chr8,17400000,17300000
chr8_174,chr8,17500000,17400000
chr8_175,chr8,17600000,17500000
chr8_176,chr8,17700000,17600000
chr8_177,chr8,17800000,17700000
chr8_178,chr8,17900000,17800000
chr8_179,chr8,18000000,17900000
chr8_180,chr8,18100000,18000000
chr8_181,chr8,18200000,18100000
chr8_182,chr8,18300000,18200000
chr8_183,chr8,18400000,18300000
chr8_184,chr8,18500000,18400000
chr8_185,chr8,18600000,18500000
chr8_186,chr8,18700000,18600000
chr8_187,chr8,18800000,18700000
chr8_188,chr8,18900000,18800000
chr8_189,chr8,19000000,18900000
chr8_190,chr8,19100000,19000000
chr8_191,chr8,19200000,19100000
chr8_192,chr8,19300000,19200000
chr8_193,chr8,19400000,19300000
chr8_194,chr8,19500000,19400000
chr8_195,chr8,19600000,19500000
chr8_196,chr8,19700000,19600000
chr8_197,chr8,19800000,19700000
chr8_198,chr8,19900000,19800000
chr8_199,chr8,20000000,19900000
chr8_200,chr8,20100000,20000000
chr8_201,chr8,20200000,20100000
chr8_202,chr8,20300000,20200000
chr8_203,chr8,20400000,20300000
chr8_204,chr8,20500000,20400000
chr8_205,chr8,20600000,20500000
chr8_206,chr8,20700000,20600000
chr8_207,chr8,20800000,20700000
chr8_208,chr8,20900000,20800000
chr8_209,chr8,21000000,20900000
chr8_210,chr8,21100000,21000000
chr8_211,chr8,21200000,21100000
chr8_212,chr8,21300000,21200000
chr8_213,chr8,21400000,21300000
chr8_214,chr8,21500000,21400000
chr8_215,chr8,21600000,21500000
chr8_216,chr8,21700000,21600000
chr8_217,chr8,21800000,21700000
chr8_218,chr8,21900000,21800000
chr8_219,chr8,22000000,21900000
chr8_220,chr8,22100000,22000000
chr8_221,chr8,22200000,22100000
chr8_222,chr8,22300000,22200000
chr8_223,chr8,22400000,22300000
chr8_224,chr8,22500000,22400000
chr8_225,chr8,22600000,22500000
chr8_226,chr8,22700000,22600000
chr8_227,chr8,22800000,22700000
chr8_228,chr8,22900000,22800000
chr8_229,chr8,23000000,22900000
chr8_230,chr8,23100000,23000000
chr8_231,chr8,23200000,23100000
chr8_232,chr8,23300000,23200000
chr8_233,chr8,23400000,23300000
chr8_234,chr8,23500000,23400000
chr8_235,chr8,23600000,23500000
chr8_236,chr8,23700000,23600000
chr8_237,chr8,23800000,23700000
chr8_238,chr8,23900000,23800000
chr8_239,chr8,24000000,23900000
chr8_240,chr8,24100000,24000000
chr8_241,chr8,24200000,24100000
chr8_242,chr8,24300000,24200000
chr8_243,chr8,24400000,24300000
chr8_244,chr8,24500000,24400000
chr8_245,chr8,24600000,24500000
chr8_246,chr8,24700000,24600000
chr8_247,chr8,24800000,24700000
chr8_248,chr8,24900000,24800000
chr8_249,chr8,25000000,24900000
chr8_250,chr8,25100000,25000000
chr8_251,chr8,25200000,25100000
chr8_252,chr8,25300000,25200000
chr8_253,chr8,25400000,25300000
chr8_254,chr8,25500000,25400000
chr8_255,chr8,25600000,25500000
chr8_256,chr8,25700000,25600000
chr8_257,chr8,25800000,25700000
chr8_258,chr8,25900000,25800000
chr8_259,chr8,26000000,25900000
chr8_260,chr8,26100000,26000000
chr8_261,chr8,26200000,26100000
chr8_262,chr8,26300000,26200000
chr8_263,chr8,26400000,26300000
chr8_264,chr8,26500000,26400000
chr8_265,chr8,26600000,26500000
chr8_266,chr8,26700000,26600000
chr8_267,chr8,26800000,26700000
chr8_268,chr8,26900000,26800000
chr8_269,chr8,27000000,26900000
chr8_270,chr8,27100000,27000000
chr8_271,chr8,27200000,27100000
chr8_272,chr8,27300000,27200000
chr8_273,chr8,27400000,27300000
chr8_274,chr8,27500000,27400000
chr8_275,chr8,27600000,27500000
chr8_276,chr8,27700000,27600000
chr8_277,chr8,27800000,27700000
chr8_278,chr8,27900000,27800000
chr8_279,chr8,28000000,27900000
chr8_280,chr8,28100000,28000000
chr8_281,chr8,28200000,28100000
chr8_282,chr8,28300000,28200000
chr8_283,chr8,28400000,28300000
chr8_284,chr8,28500000,28400000
chr8_285,chr8,28600000,28500000
chr8_286,chr8,28700000,28600000
chr8_287,chr8,28800000,28700000
chr8_288,chr8,28900000,28800000
chr8_289,chr8,29000000,28900000
chr8_290,chr8,29100000,29000000
chr8_291,chr8,29200000,29100000
chr8_292,chr8,29300000,29200000
chr8_293,chr8,29400000,29300000
chr8_294,chr8,29500000,29400000
chr8_295,chr8,29600000,29500000
chr8_296,chr8,29700000,29600000
chr8_297,chr8,29800000,29700000
chr8_298,chr8,29900000,29800000
chr8_299,chr8,30000000,29900000
chr8_300,chr8,30100000,30000000
chr8_301,chr8,30200000,30100000
chr8_302,chr8,30300000,30200000
chr8_303,chr8,30400000,30300000
chr8_304,chr8,30500000,30400000
chr8_305,chr8,30600000,30500000
chr8_306,chr8,30700000,30600000
chr8_307,chr8,30800000,30700000
chr8_308,chr8,30900000,30800000
chr8_309,chr8,31000000,30900000
chr8_310,chr8,31100000,31000000
chr8_311,chr8,31200000,31100000
chr8_312,chr8,31300000,31200000
chr8_313,chr8,31400000,31300000
chr8_314,chr8,31500000,31400000
chr8_315,chr8,31600000,31500000
chr8_316,chr8,31700000,31600000
chr8_317,chr8,31800000,31700000
chr8_318,chr8,31900000,31800000
chr8_319,chr8,32000000,31900000
chr8_320,chr8,32100000,32000000
chr8_321,chr8,32200000,32100000
chr8_322,chr8,32300000,32200000
chr8_323,chr8,32400000,32300000
chr8_324,chr8,32500000,32400000
chr8_325,chr8,32600000,32500000
chr8_326,chr8,32700000,32600000
chr8_327,chr8,32800000,32700000
chr8_328,chr8,32900000,32800000
chr8_329,chr8,33000000,32900000
chr8_330,chr8,33100000,33000000
chr8_331,chr8,33200000,33100000
chr8_332,chr8,33300000,33200000
chr8_333,chr8,33400000,33300000
chr8_334,chr8,33500000,33400000
chr8_335,chr8,33600000,33500000
chr8_336,chr8,33700000,33600000
chr8_337,chr8,33800000,33700000
chr8_338,chr8,33900000,33800000
chr8_339,chr8,34000000,33900000
chr8_340,chr8,34100000,34000000
chr8_341,chr8,34200000,34100000
chr8_342,chr8,34300000,34200000
chr8_343,chr8,34400000,34300000
chr8_344,chr8,34500000,34400000
chr8_345,chr8,34600000,34500000
chr8_346,chr8,34700000,34600000
chr8_347,chr8,34800000,34700000
chr8_348,chr8,34900000,34800000
chr8_349,chr8,35000000,34900000
chr8_350,chr8,35100000,35000000
chr8_351,chr8,35200000,35100000
chr8_352,chr8,35300000,35200000
chr8_353,chr8,35400000,35300000
chr8_354,chr8,35500000,35400000
chr8_355,chr8,35600000,35500000
chr8_356,chr8,35700000,35600000
chr8_357,chr8,35800000,35700000
chr8_358,chr8,35900000,35800000
chr8_359,chr8,36000000,35900000
chr8_360,chr8,36100000,36000000
chr8_361,chr8,36200000,36100000
chr8_362,chr8,36300000,36200000
chr8_363,chr8,36400000,36300000
chr8_364,chr8,36500000,36400000
chr8_365,chr8,36600000,36500000
chr8_366,chr8,36700000,36600000
chr8_367,chr8,36800000,36700000
chr8_368,chr8,36900000,36800000
chr8_369,chr8,37000000,36900000
chr8_370,chr8,37100000,37000000
chr8_371,chr8,37200000,37100000
chr8_372,chr8,37300000,37200000
chr8_373,chr8,37400000,37300000
chr8_374,chr8,37500000,37400000
chr8_375,chr8,37600000,37500000
chr8_376,chr8,37700000,37600000
chr8_377,chr8,37800000,37700000
chr8_378,chr8,37900000,37800000
chr8_379,chr8,38000000,37900000
chr8_380,chr8,38100000,38000000
chr8_381,chr8,38200000,38100000
chr8_382,chr8,38300000,38200000
chr8_383,chr8,38400000,38300000
chr8_384,chr8,38500000,38400000
chr8_385,chr8,38600000,38500000
chr8_386,chr8,38700000,38600000
chr8_387,chr8,38800000,38700000
chr8_388,chr8,38900000,38800000
chr8_389,chr8,39000000,38900000
chr8_390,chr8,39100000,39000000
chr8_391,chr8,39200000,39100000
chr8_392,chr8,39300000,39200000
chr8_393,chr8,39400000,39300000
chr8_394,chr8,39500000,39400000
chr8_395,chr8,39600000,39500000
chr8_396,chr8,39700000,39600000
chr8_397,chr8,39800000,39700000
chr8_398,chr8,39900000,39800000
chr8_399,chr8,40000000,39900000
chr8_400,chr8,40100000,40000000
chr8_401,chr8,40200000,40100000
chr8_402,chr8,40300000,40200000
chr8_403,chr8,40400000,40300000
chr8_404,chr8,40500000,40400000
chr8_405,chr8,40600000,40500000
chr8_406,chr8,40700000,40600000
chr8_407,chr8,40800000,40700000
chr8_408,chr8,40900000,40800000
chr8_409,chr8,41000000,40900000
chr8_410,chr8,41100000,41000000
chr8_411,chr8,41200000,41100000
chr8_412,chr8,41300000,41200000
chr8_413,chr8,41400000,41300000
chr8_414,chr8,41500000,41400000
chr8_415,chr8,41600000,41500000
chr8_416,chr8,41700000,41600000
chr8_417,chr8,41800000,41700000
chr8_418,chr8,41900000,41800000
chr8_419,chr8,42000000,41900000
chr8_420,chr8,42100000,42000000
chr8_421,chr8,42200000,42100000
chr8_422,chr8,42300000,42200000
chr8_423,chr8,42400000,42300000
chr8_424,chr8,42500000,42400000
chr8_425,chr8,42600000,42500000
chr8_426,chr8,42700000,42600000
chr8_427,chr8,42800000,42700000
chr8_428,chr8,42900000,42800000
chr8_429,chr8,43000000,42900000
chr8_430,chr8,43100000,43000000
chr8_431,chr8,43200000,43100000
chr8_432,chr8,43300000,43200000
chr8_433,chr8,43400000,43300000
chr8_434,chr8,43500000,43400000
chr8_435,chr8,43600000,43500000
chr8_436,chr8,43700000,43600000
chr8_437,chr8,43800000,43700000
chr8_438,chr8,43900000,43800000
chr8_439,chr8,44000000,43900000
chr8_440,chr8,44100000,44000000
chr8_441,chr8,44200000,44100000
chr8_442,chr8,44300000,44200000
chr8_443,chr8,44400000,44300000
chr8_444,chr8,44500000,44400000
chr8_445,chr8,44600000,44500000
chr8_446,chr8,44700000,44600000
chr8_447,chr8,44800000,44700000
chr8_448,chr8,44900000,44800000
chr8_449,chr8,45000000,44900000
chr8_450,chr8,45100000,45000000
chr8_451,chr8,45200000,45100000
chr8_452,chr8,45300000,45200000
chr8_453,chr8,45400000,45300000
chr8_454,chr8,45500000,45400000
chr8_455,chr8,45600000,45500000
chr8_456,chr8,45700000,45600000
chr8_457,chr8,45800000,45700000
chr8_458,chr8,45900000,45800000
chr8_459,chr8,46000000,45900000
chr8_460,chr8,46100000,46000000
chr8_461,chr8,46200000,46100000
chr8_462,chr8,46300000,46200000
chr8_463,chr8,46400000,46300000
chr8_464,chr8,46500000,46400000
chr8_465,chr8,46600000,46500000
chr8_466,chr8,46700000,46600000
chr8_467,chr8,46800000,46700000
chr8_468,chr8,46900000,46800000
chr8_469,chr8,47000000,46900000
chr8_470,chr8,47100000,47000000
chr8_471,chr8,47200000,47100000
chr8_472,chr8,47300000,47200000
chr8_473,chr8,47400000,47300000
chr8_474,chr8,47500000,47400000
chr8_475,chr8,47600000,47500000
chr8_476,chr8,47700000,47600000
chr8_477,chr8,47800000,47700000
chr8_478,chr8,47900000,47800000
chr8_479,chr8,48000000,47900000
chr8_480,chr8,48100000,48000000
chr8_481,chr8,48200000,48100000
chr8_482,chr8,48300000,48200000
chr8_483,chr8,48400000,48300000
chr8_484,chr8,48500000,48400000
chr8_485,chr8,48600000,48500000
chr8_486,chr8,48700000,48600000
chr8_487,chr8,48800000,48700000
chr8_488,chr8,48900000,48800000
chr8_489,chr8,49000000,48900000
chr8_490,chr8,49100000,49000000
chr8_491,chr8,49200000,49100000
chr8_492,chr8,49300000,49200000
chr8_493,chr8,49400000,49300000
chr8_494,chr8,49500000,49400000
chr8_495,chr8,49600000,49500000
chr8_496,chr8,49700000,49600000
chr8_497,chr8,49800000,49700000
chr8_498,chr8,49900000,49800000
chr8_499,chr8,50000000,49900000
chr8_500,chr8,50100000,50000000
chr8_501,chr8,50200000,50100000
chr8_502,chr8,50300000,50200000
chr8_503,chr8,50400000,50300000
chr8_504,chr8,50500000,50400000
chr8_505,chr8,50600000,50500000
chr8_506,chr8,50700000,50600000
chr8_507,chr8,50800000,50700000
chr8_508,chr8,50900000,50800000
chr8_509,chr8,51000000,50900000
chr8_510,chr8,51100000,51000000
chr8_511,chr8,51200000,51100000
chr8_512,chr8,51300000,51200000
chr8_513,chr8,51400000,51300000
chr8_514,chr8,51500000,51400000
chr8_515,chr8,51600000,51500000
chr8_516,chr8,51700000,51600000
chr8_517,chr8,51800000,51700000
chr8_518,chr8,51900000,51800000
chr8_519,chr8,52000000,51900000
chr8_520,chr8,52100000,52000000
chr8_521,chr8,52200000,52100000
chr8_522,chr8,52300000,52200000
chr8_523,chr8,52400000,52300000
chr8_524,chr8,52500000,52400000
chr8_525,chr8,52600000,52500000
chr8_526,chr8,52700000,52600000
chr8_527,chr8,52800000,52700000
chr8_528,chr8,52900000,52800000
chr8_529,chr8,53000000,52900000
chr8_530,chr8,53100000,53000000
chr8_531,chr8,53200000,53100000
chr8_532,chr8,53300000,53200000
chr8_533,chr8,53400000,53300000
chr8_534,chr8,53500000,53400000
chr8_535,chr8,53600000,53500000
chr8_536,chr8,53700000,53600000
chr8_537,chr8,53800000,53700000
chr8_538,chr8,53900000,53800000
chr8_539,chr8,54000000,53900000
chr8_540,chr8,54100000,54000000
chr8_541,chr8,54200000,54100000
chr8_542,chr8,54300000,54200000
chr8_543,chr8,54400000,54300000
chr8_544,chr8,54500000,54400000
chr8_545,chr8,54600000,54500000
chr8_546,chr8,54700000,54600000
chr8_547,chr8,54800000,54700000
chr8_548,chr8,54900000,54800000
chr8_549,chr8,55000000,54900000
chr8_550,chr8,55100000,55000000
chr8_551,chr8,55200000,55100000
chr8_552,chr8,55300000,55200000
chr8_553,chr8,55400000,55300000
chr8_554,chr8,55500000,55400000
chr8_555,chr8,55600000,55500000
chr8_556,chr8,55700000,55600000
chr8_557,chr8,55800000,55700000
chr8_558,chr8,55900000,55800000
chr8_559,chr8,56000000,55900000
chr8_560,chr8,56100000,56000000
chr8_561,chr8,56200000,56100000
chr8_562,chr8,56300000,56200000
chr8_563,chr8,56400000,56300000
chr8_564,chr8,56500000,56400000
chr8_565,chr8,56600000,56500000
chr8_566,chr8,56700000,56600000
chr8_567,chr8,56800000,56700000
chr8_568,chr8,56900000,56800000
chr8_569,chr8,57000000,56900000
chr8_570,chr8,57100000,57000000
chr8_571,chr8,57200000,57100000
chr8_572,chr8,57300000,57200000
chr8_573,chr8,57400000,57300000
chr8_574,chr8,57500000,57400000
chr8_575,chr8,57600000,57500000
chr8_576,chr8,57700000,57600000
chr8_577,chr8,57800000,57700000
chr8_578,chr8,57900000,57800000
chr8_579,chr8,58000000,57900000
chr8_580,chr8,58100000,58000000
chr8_581,chr8,58200000,58100000
chr8_582,chr8,58300000,58200000
chr8_583,chr8,58400000,58300000
chr8_584,chr8,58500000,58400000
chr8_585,chr8,58600000,58500000
chr8_586,chr8,58700000,58600000
chr8_587,chr8,58800000,58700000
chr8_588,chr8,58900000,58800000
chr8_589,chr8,59000000,58900000
chr8_590,chr8,59100000,59000000
chr8_591,chr8,59200000,59100000
chr8_592,chr8,59300000,59200000
chr8_593,chr8,59400000,59300000
chr8_594,chr8,59500000,59400000
chr8_595,chr8,59600000,59500000
chr8_596,chr8,59700000,59600000
chr8_597,chr8,59800000,59700000
chr8_598,chr8,59900000,59800000
chr8_599,chr8,60000000,59900000
chr8_600,chr8,60100000,60000000
chr8_601,chr8,60200000,60100000
chr8_602,chr8,60300000,60200000
chr8_603,chr8,60400000,60300000
chr8_604,chr8,60500000,60400000
chr8_605,chr8,60600000,60500000
chr8_606,chr8,60700000,60600000
chr8_607,chr8,60800000,60700000
chr8_608,chr8,60900000,60800000
chr8_609,chr8,61000000,60900000
chr8_610,chr8,61100000,61000000
chr8_611,chr8,61200000,61100000
chr8_612,chr8,61300000,61200000
chr8_613,chr8,61400000,61300000
chr8_614,chr8,61500000,61400000
chr8_615,chr8,61600000,61500000
chr8_616,chr8,61700000,61600000
chr8_617,chr8,61800000,61700000
chr8_618,chr8,61900000,61800000
chr8_619,chr8,62000000,61900000
chr8_620,chr8,62100000,62000000
chr8_621,chr8,62200000,62100000
chr8_622,chr8,62300000,62200000
chr8_623,chr8,62400000,62300000
chr8_624,chr8,62500000,62400000
chr8_625,chr8,62600000,62500000
chr8_626,chr8,62700000,62600000
chr8_627,chr8,62800000,62700000
chr8_628,chr8,62900000,62800000
chr8_629,chr8,63000000,62900000
chr8_630,chr8,63100000,63000000
chr8_631,chr8,63200000,63100000
chr8_632,chr8,63300000,63200000
chr8_633,chr8,63400000,63300000
chr8_634,chr8,63500000,63400000
chr8_635,chr8,63600000,63500000
chr8_636,chr8,63700000,63600000
chr8_637,chr8,63800000,63700000
chr8_638,chr8,63900000,63800000
chr8_639,chr8,64000000,63900000
chr8_640,chr8,64100000,64000000
chr8_641,chr8,64200000,64100000
chr8_642,chr8,64300000,64200000
chr8_643,chr8,64400000,64300000
chr8_644,chr8,64500000,64400000
chr8_645,chr8,64600000,64500000
chr8_646,chr8,64700000,64600000
chr8_647,chr8,64800000,64700000
chr8_648,chr8,64900000,64800000
chr8_649,chr8,65000000,64900000
chr8_650,chr8,65100000,65000000
chr8_651,chr8,65200000,65100000
chr8_652,chr8,65300000,65200000
chr8_653,chr8,65400000,65300000
chr8_654,chr8,65500000,65400000
chr8_655,chr8,65600000,65500000
chr8_656,chr8,65700000,65600000
chr8_657,chr8,65800000,65700000
chr8_658,chr8,65900000,65800000
chr8_659,chr8,66000000,65900000
chr8_660,chr8,66100000,66000000
chr8_661,chr8,66200000,66100000
chr8_662,chr8,66300000,66200000
chr8_663,chr8,66400000,66300000
chr8_664,chr8,66500000,66400000
chr8_665,chr8,66600000,66500000
chr8_666,chr8,66700000,66600000
chr8_667,chr8,66800000,66700000
chr8_668,chr8,66900000,66800000
chr8_669,chr8,67000000,66900000
chr8_670,chr8,67100000,67000000
chr8_671,chr8,67200000,67100000
chr8_672,chr8,67300000,67200000
chr8_673,chr8,67400000,67300000
chr8_674,chr8,67500000,67400000
chr8_675,chr8,67600000,67500000
chr8_676,chr8,67700000,67600000
chr8_677,chr8,67800000,67700000
chr8_678,chr8,67900000,67800000
chr8_679,chr8,68000000,67900000
chr8_680,chr8,68100000,68000000
chr8_681,chr8,68200000,68100000
chr8_682,chr8,68300000,68200000
chr8_683,chr8,68400000,68300000
chr8_684,chr8,68500000,68400000
chr8_685,chr8,68600000,68500000
chr8_686,chr8,68700000,68600000
chr8_687,chr8,68800000,68700000
chr8_688,chr8,68900000,68800000
chr8_689,chr8,69000000,68900000
chr8_690,chr8,69100000,69000000
chr8_691,chr8,69200000,69100000
chr8_692,chr8,69300000,69200000
chr8_693,chr8,69400000,69300000
chr8_694,chr8,69500000,69400000
chr8_695,chr8,69600000,69500000
chr8_696,chr8,69700000,69600000
chr8_697,chr8,69800000,69700000
chr8_698,chr8,69900000,69800000
chr8_699,chr8,70000000,69900000
chr8_700,chr8,70100000,70000000
chr8_701,chr8,70200000,70100000
chr8_702,chr8,70300000,70200000
chr8_703,chr8,70400000,70300000
chr8_704,chr8,70500000,70400000
chr8_705,chr8,70600000,70500000
chr8_706,chr8,70700000,70600000
chr8_707,chr8,70800000,70700000
chr8_708,chr8,70900000,70800000
chr8_709,chr8,71000000,70900000
chr8_710,chr8,71100000,71000000
chr8_711,chr8,71200000,71100000
chr8_712,chr8,71300000,71200000
chr8_713,chr8,71400000,71300000
chr8_714,chr8,71500000,71400000
chr8_715,chr8,71600000,71500000
chr8_716,chr8,71700000,71600000
chr8_717,chr8,71800000,71700000
chr8_718,chr8,71900000,71800000
chr8_719,chr8,72000000,71900000
chr8_720,chr8,72100000,72000000
chr8_721,chr8,72200000,72100000
chr8_722,chr8,72300000,72200000
chr8_723,chr8,72400000,72300000
chr8_724,chr8,72500000,72400000
chr8_725,chr8,72600000,72500000
chr8_726,chr8,72700000,72600000
chr8_727,chr8,72800000,72700000
chr8_728,chr8,72900000,72800000
chr8_729,chr8,73000000,72900000
chr8_730,chr8,73100000,73000000
chr8_731,chr8,73200000,73100000
chr8_732,chr8,73300000,73200000
chr8_733,chr8,73400000,73300000
chr8_734,chr8,73500000,73400000
chr8_735,chr8,73600000,73500000
chr8_736,chr8,73700000,73600000
chr8_737,chr8,73800000,73700000
chr8_738,chr8,73900000,73800000
chr8_739,chr8,74000000,73900000
chr8_740,chr8,74100000,74000000
chr8_741,chr8,74200000,74100000
chr8_742,chr8,74300000,74200000
chr8_743,chr8,74400000,74300000
chr8_744,chr8,74500000,74400000
chr8_745,chr8,74600000,74500000
chr8_746,chr8,74700000,74600000
chr8_747,chr8,74800000,74700000
chr8_748,chr8,74900000,74800000
chr8_749,chr8,75000000,74900000
chr8_750,chr8,75100000,75000000
chr8_751,chr8,75200000,75100000
chr8_752,chr8,75300000,75200000
chr8_753,chr8,75400000,75300000
chr8_754,chr8,75500000,75400000
chr8_755,chr8,75600000,75500000
chr8_756,chr8,75700000,75600000
chr8_757,chr8,75800000,75700000
chr8_758,chr8,75900000,75800000
chr8_759,chr8,76000000,75900000
chr8_760,chr8,76100000,76000000
chr8_761,chr8,76200000,76100000
chr8_762,chr8,76300000,76200000
chr8_763,chr8,76400000,76300000
chr8_764,chr8,76500000,76400000
chr8_765,chr8,76600000,76500000
chr8_766,chr8,76700000,76600000
chr8_767,chr8,76800000,76700000
chr8_768,chr8,76900000,76800000
chr8_769,chr8,77000000,76900000
chr8_770,chr8,77100000,77000000
chr8_771,chr8,77200000,77100000
chr8_772,chr8,77300000,77200000
chr8_773,chr8,77400000,77300000
chr8_774,chr8,77500000,77400000
chr8_775,chr8,77600000,77500000
chr8_776,chr8,77700000,77600000
chr8_777,chr8,77800000,77700000
chr8_778,chr8,77900000,77800000
chr8_779,chr8,78000000,77900000
chr8_780,chr8,78100000,78000000
chr8_781,chr8,78200000,78100000
chr8_782,chr8,78300000,78200000
chr8_783,chr8,78400000,78300000
chr8_784,chr8,78500000,78400000
chr8_785,chr8,78600000,78500000
chr8_786,chr8,78700000,78600000
chr8_787,chr8,78800000,78700000
chr8_788,chr8,78900000,78800000
chr8_789,chr8,79000000,78900000
chr8_790,chr8,79100000,79000000
chr8_791,chr8,79200000,79100000
chr8_792,chr8,79300000,79200000
chr8_793,chr8,79400000,79300000
chr8_794,chr8,79500000,79400000
chr8_795,chr8,79600000,79500000
chr8_796,chr8,79700000,79600000
chr8_797,chr8,79800000,79700000
chr8_798,chr8,79900000,79800000
chr8_799,chr8,80000000,79900000
chr8_800,chr8,80100000,80000000
chr8_801,chr8,80200000,80100000
chr8_802,chr8,80300000,80200000
chr8_803,chr8,80400000,80300000
chr8_804,chr8,80500000,80400000
chr8_805,chr8,80600000,80500000
chr8_806,chr8,80700000,80600000
chr8_807,chr8,80800000,80700000
chr8_808,chr8,80900000,80800000
chr8_809,chr8,81000000,80900000
chr8_810,chr8,81100000,81000000
chr8_811,chr8,81200000,81100000
chr8_812,chr8,81300000,81200000
chr8_813,chr8,81400000,81300000
chr8_814,chr8,81500000,81400000
chr8_815,chr8,81600000,81500000
chr8_816,chr8,81700000,81600000
chr8_817,chr8,81800000,81700000
chr8_818,chr8,81900000,81800000
chr8_819,chr8,82000000,81900000
chr8_820,chr8,82100000,82000000
chr8_821,chr8,82200000,82100000
chr8_822,chr8,82300000,82200000
chr8_823,chr8,82400000,82300000
chr8_824,chr8,82500000,82400000
chr8_825,chr8,82600000,82500000
chr8_826,chr8,82700000,82600000
chr8_827,chr8,82800000,82700000
chr8_828,chr8,82900000,82800000
chr8_829,chr8,83000000,82900000
chr8_830,chr8,83100000,83000000
chr8_831,chr8,83200000,83100000
chr8_832,chr8,83300000,83200000
chr8_833,chr8,83400000,83300000
chr8_834,chr8,83500000,83400000
chr8_835,chr8,83600000,83500000
chr8_836,chr8,83700000,83600000
chr8_837,chr8,83800000,83700000
chr8_838,chr8,83900000,83800000
chr8_839,chr8,84000000,83900000
chr8_840,chr8,84100000,84000000
chr8_841,chr8,84200000,84100000
chr8_842,chr8,84300000,84200000
chr8_843,chr8,84400000,84300000
chr8_844,chr8,84500000,84400000
chr8_845,chr8,84600000,84500000
chr8_846,chr8,84700000,84600000
chr8_847,chr8,84800000,84700000
chr8_848,chr8,84900000,84800000
chr8_849,chr8,85000000,84900000
chr8_850,chr8,85100000,85000000
chr8_851,chr8,85200000,85100000
chr8_852,chr8,85300000,85200000
chr8_853,chr8,85400000,85300000
chr8_854,chr8,85500000,85400000
chr8_855,chr8,85600000,85500000
chr8_856,chr8,85700000,85600000
chr8_857,chr8,85800000,85700000
chr8_858,chr8,85900000,85800000
chr8_859,chr8,86000000,85900000
chr8_860,chr8,86100000,86000000
chr8_861,chr8,86200000,86100000
chr8_862,chr8,86300000,86200000
chr8_863,chr8,86400000,86300000
chr8_864,chr8,86500000,86400000
chr8_865,chr8,86600000,86500000
chr8_866,chr8,86700000,86600000
chr8_867,chr8,86800000,86700000
chr8_868,chr8,86900000,86800000
chr8_869,chr8,87000000,86900000
chr8_870,chr8,87100000,87000000
chr8_871,chr8,87200000,87100000
chr8_872,chr8,87300000,87200000
chr8_873,chr8,87400000,87300000
chr8_874,chr8,87500000,87400000
chr8_875,chr8,87600000,87500000
chr8_876,chr8,87700000,87600000
chr8_877,chr8,87800000,87700000
chr8_878,chr8,87900000,87800000
chr8_879,chr8,88000000,87900000
chr8_880,chr8,88100000,88000000
chr8_881,chr8,88200000,88100000
chr8_882,chr8,88300000,88200000
chr8_883,chr8,88400000,88300000
chr8_884,chr8,88500000,88400000
chr8_885,chr8,88600000,88500000
chr8_886,chr8,88700000,88600000
chr8_887,chr8,88800000,88700000
chr8_888,chr8,88900000,88800000
chr8_889,chr8,89000000,88900000
chr8_890,chr8,89100000,89000000
chr8_891,chr8,89200000,89100000
chr8_892,chr8,89300000,89200000
chr8_893,chr8,89400000,89300000
chr8_894,chr8,89500000,89400000
chr8_895,chr8,89600000,89500000
chr8_896,chr8,89700000,89600000
chr8_897,chr8,89800000,89700000
chr8_898,chr8,89900000,89800000
chr8_899,chr8,90000000,89900000
chr8_900,chr8,90100000,90000000
chr8_901,chr8,90200000,90100000
chr8_902,chr8,90300000,90200000
chr8_903,chr8,90400000,90300000
chr8_904,chr8,90500000,90400000
chr8_905,chr8,90600000,90500000
chr8_906,chr8,90700000,90600000
chr8_907,chr8,90800000,90700000
chr8_908,chr8,90900000,90800000
chr8_909,chr8,91000000,90900000
chr8_910,chr8,91100000,91000000
chr8_911,chr8,91200000,91100000
chr8_912,chr8,91300000,91200000
chr8_913,chr8,91400000,91300000
chr8_914,chr8,91500000,91400000
chr8_915,chr8,91600000,91500000
chr8_916,chr8,91700000,91600000
chr8_917,chr8,91800000,91700000
chr8_918,chr8,91900000,91800000
chr8_919,chr8,92000000,91900000
chr8_920,chr8,92100000,92000000
chr8_921,chr8,92200000,92100000
chr8_922,chr8,92300000,92200000
chr8_923,chr8,92400000,92300000
chr8_924,chr8,92500000,92400000
chr8_925,chr8,92600000,92500000
chr8_926,chr8,92700000,92600000
chr8_927,chr8,92800000,92700000
chr8_928,chr8,92900000,92800000
chr8_929,chr8,93000000,92900000
chr8_930,chr8,93100000,93000000
chr8_931,chr8,93200000,93100000
chr8_932,chr8,93300000,93200000
chr8_933,chr8,93400000,93300000
chr8_934,chr8,93500000,93400000
chr8_935,chr8,93600000,93500000
chr8_936,chr8,93700000,93600000
chr8_937,chr8,93800000,93700000
chr8_938,chr8,93900000,93800000
chr8_939,chr8,94000000,93900000
chr8_940,chr8,94100000,94000000
chr8_941,chr8,94200000,94100000
chr8_942,chr8,94300000,94200000
chr8_943,chr8,94400000,94300000
chr8_944,chr8,94500000,94400000
chr8_945,chr8,94600000,94500000
chr8_946,chr8,94700000,94600000
chr8_947,chr8,94800000,94700000
chr8_948,chr8,94900000,94800000
chr8_949,chr8,95000000,94900000
chr8_950,chr8,95100000,95000000
chr8_951,chr8,95200000,95100000
chr8_952,chr8,95300000,95200000
chr8_953,chr8,95400000,95300000
chr8_954,chr8,95500000,95400000
chr8_955,chr8,95600000,95500000
chr8_956,chr8,95700000,95600000
chr8_957,chr8,95800000,95700000
chr8_958,chr8,95900000,95800000
chr8_959,chr8,96000000,95900000
chr8_960,chr8,96100000,96000000
chr8_961,chr8,96200000,96100000
chr8_962,chr8,96300000,96200000
chr8_963,chr8,96400000,96300000
chr8_964,chr8,96500000,96400000
chr8_965,chr8,96600000,96500000
chr8_966,chr8,96700000,96600000
chr8_967,chr8,96800000,96700000
chr8_968,chr8,96900000,96800000
chr8_969,chr8,97000000,96900000
chr8_970,chr8,97100000,97000000
chr8_971,chr8,97200000,97100000
chr8_972,chr8,97300000,97200000
chr8_973,chr8,97400000,97300000
chr8_974,chr8,97500000,97400000
chr8_975,chr8,97600000,97500000
chr8_976,chr8,97700000,97600000
chr8_977,chr8,97800000,97700000
chr8_978,chr8,97900000,97800000
chr8_979,chr8,98000000,97900000
chr8_980,chr8,98100000,98000000
chr8_981,chr8,98200000,98100000
chr8_982,chr8,98300000,98200000
chr8_983,chr8,98400000,98300000
chr8_984,chr8,98500000,98400000
chr8_985,chr8,98600000,98500000
chr8_986,chr8,98700000,98600000
chr8_987,chr8,98800000,98700000
chr8_988,chr8,98900000,98800000
chr8_989,chr8,99000000,98900000
chr8_990,chr8,99100000,99000000
chr8_991,chr8,99200000,99100000
chr8_992,chr8,99300000,99200000
chr8_993,chr8,99400000,99300000
chr8_994,chr8,99500000,99400000
chr8_995,chr8,99600000,99500000
chr8_996,chr8,99700000,99600000
chr8_997,chr8,99800000,99700000
chr8_998,chr8,99900000,99800000
chr8_999,chr8,100000000,99900000
chr8_1000,chr8,100100000,100000000
chr8_1001,chr8,100200000,100100000
chr8_1002,chr8,100300000,100200000
chr8_1003,chr8,100400000,100300000
chr8_1004,chr8,100500000,100400000
chr8_1005,chr8,100600000,100500000
chr8_1006,chr8,100700000,100600000
chr8_1007,chr8,100800000,100700000
chr8_1008,chr8,100900000,100800000
chr8_1009,chr8,101000000,100900000
chr8_1010,chr8,101100000,101000000
chr8_1011,chr8,101200000,101100000
chr8_1012,chr8,101300000,101200000
chr8_1013,chr8,101400000,101300000
chr8_1014,chr8,101500000,101400000
chr8_1015,chr8,101600000,101500000
chr8_1016,chr8,101700000,101600000
chr8_1017,chr8,101800000,101700000
chr8_1018,chr8,101900000,101800000
chr8_1019,chr8,102000000,101900000
chr8_1020,chr8,102100000,102000000
chr8_1021,chr8,102200000,102100000
chr8_1022,chr8,102300000,102200000
chr8_1023,chr8,102400000,102300000
chr8_1024,chr8,102500000,102400000
chr8_1025,chr8,102600000,102500000
chr8_1026,chr8,102700000,102600000
chr8_1027,chr8,102800000,102700000
chr8_1028,chr8,102900000,102800000
chr8_1029,chr8,103000000,102900000
chr8_1030,chr8,103100000,103000000
chr8_1031,chr8,103200000,103100000
chr8_1032,chr8,103300000,103200000
chr8_1033,chr8,103400000,103300000
chr8_1034,chr8,103500000,103400000
chr8_1035,chr8,103600000,103500000
chr8_1036,chr8,103700000,103600000
chr8_1037,chr8,103800000,103700000
chr8_1038,chr8,103900000,103800000
chr8_1039,chr8,104000000,103900000
chr8_1040,chr8,104100000,104000000
chr8_1041,chr8,104200000,104100000
chr8_1042,chr8,104300000,104200000
chr8_1043,chr8,104400000,104300000
chr8_1044,chr8,104500000,104400000
chr8_1045,chr8,104600000,104500000
chr8_1046,chr8,104700000,104600000
chr8_1047,chr8,104800000,104700000
chr8_1048,chr8,104900000,104800000
chr8_1049,chr8,105000000,104900000
chr8_1050,chr8,105100000,105000000
chr8_1051,chr8,105200000,105100000
chr8_1052,chr8,105300000,105200000
chr8_1053,chr8,105400000,105300000
chr8_1054,chr8,105500000,105400000
chr8_1055,chr8,105600000,105500000
chr8_1056,chr8,105700000,105600000
chr8_1057,chr8,105800000,105700000
chr8_1058,chr8,105900000,105800000
chr8_1059,chr8,106000000,105900000
chr8_1060,chr8,106100000,106000000
chr8_1061,chr8,106200000,106100000
chr8_1062,chr8,106300000,106200000
chr8_1063,chr8,106400000,106300000
chr8_1064,chr8,106500000,106400000
chr8_1065,chr8,106600000,106500000
chr8_1066,chr8,106700000,106600000
chr8_1067,chr8,106800000,106700000
chr8_1068,chr8,106900000,106800000
chr8_1069,chr8,107000000,106900000
chr8_1070,chr8,107100000,107000000
chr8_1071,chr8,107200000,107100000
chr8_1072,chr8,107300000,107200000
chr8_1073,chr8,107400000,107300000
chr8_1074,chr8,107500000,107400000
chr8_1075,chr8,107600000,107500000
chr8_1076,chr8,107700000,107600000
chr8_1077,chr8,107800000,107700000
chr8_1078,chr8,107900000,107800000
chr8_1079,chr8,108000000,107900000
chr8_1080,chr8,108100000,108000000
chr8_1081,chr8,108200000,108100000
chr8_1082,chr8,108300000,108200000
chr8_1083,chr8,108400000,108300000
chr8_1084,chr8,108500000,108400000
chr8_1085,chr8,108600000,108500000
chr8_1086,chr8,108700000,108600000
chr8_1087,chr8,108800000,108700000
chr8_1088,chr8,108900000,108800000
chr8_1089,chr8,109000000,108900000
chr8_1090,chr8,109100000,109000000
chr8_1091,chr8,109200000,109100000
chr8_1092,chr8,109300000,109200000
chr8_1093,chr8,109400000,109300000
chr8_1094,chr8,109500000,109400000
chr8_1095,chr8,109600000,109500000
chr8_1096,chr8,109700000,109600000
chr8_1097,chr8,109800000,109700000
chr8_1098,chr8,109900000,109800000
chr8_1099,chr8,110000000,109900000
chr8_1100,chr8,110100000,110000000
chr8_1101,chr8,110200000,110100000
chr8_1102,chr8,110300000,110200000
chr8_1103,chr8,110400000,110300000
chr8_1104,chr8,110500000,110400000
chr8_1105,chr8,110600000,110500000
chr8_1106,chr8,110700000,110600000
chr8_1107,chr8,110800000,110700000
chr8_1108,chr8,110900000,110800000
chr8_1109,chr8,111000000,110900000
chr8_1110,chr8,111100000,111000000
chr8_1111,chr8,111200000,111100000
chr8_1112,chr8,111300000,111200000
chr8_1113,chr8,111400000,111300000
chr8_1114,chr8,111500000,111400000
chr8_1115,chr8,111600000,111500000
chr8_1116,chr8,111700000,111600000
chr8_1117,chr8,111800000,111700000
chr8_1118,chr8,111900000,111800000
chr8_1119,chr8,112000000,111900000
chr8_1120,chr8,112100000,112000000
chr8_1121,chr8,112200000,112100000
chr8_1122,chr8,112300000,112200000
chr8_1123,chr8,112400000,112300000
chr8_1124,chr8,112500000,112400000
chr8_1125,chr8,112600000,112500000
chr8_1126,chr8,112700000,112600000
chr8_1127,chr8,112800000,112700000
chr8_1128,chr8,112900000,112800000
chr8_1129,chr8,113000000,112900000
chr8_1130,chr8,113100000,113000000
chr8_1131,chr8,113200000,113100000
chr8_1132,chr8,113300000,113200000
chr8_1133,chr8,113400000,113300000
chr8_1134,chr8,113500000,113400000
chr8_1135,chr8,113600000,113500000
chr8_1136,chr8,113700000,113600000
chr8_1137,chr8,113800000,113700000
chr8_1138,chr8,113900000,113800000
chr8_1139,chr8,114000000,113900000
chr8_1140,chr8,114100000,114000000
chr8_1141,chr8,114200000,114100000
chr8_1142,chr8,114300000,114200000
chr8_1143,chr8,114400000,114300000
chr8_1144,chr8,114500000,114400000
chr8_1145,chr8,114600000,114500000
chr8_1146,chr8,114700000,114600000
chr8_1147,chr8,114800000,114700000
chr8_1148,chr8,114900000,114800000
chr8_1149,chr8,115000000,114900000
chr8_1150,chr8,115100000,115000000
chr8_1151,chr8,115200000,115100000
chr8_1152,chr8,115300000,115200000
chr8_1153,chr8,115400000,115300000
chr8_1154,chr8,115500000,115400000
chr8_1155,chr8,115600000,115500000
chr8_1156,chr8,115700000,115600000
chr8_1157,chr8,115800000,115700000
chr8_1158,chr8,115900000,115800000
chr8_1159,chr8,116000000,115900000
chr8_1160,chr8,116100000,116000000
chr8_1161,chr8,116200000,116100000
chr8_1162,chr8,116300000,116200000
chr8_1163,chr8,116400000,116300000
chr8_1164,chr8,116500000,116400000
chr8_1165,chr8,116600000,116500000
chr8_1166,chr8,116700000,116600000
chr8_1167,chr8,116800000,116700000
chr8_1168,chr8,116900000,116800000
chr8_1169,chr8,117000000,116900000
chr8_1170,chr8,117100000,117000000
chr8_1171,chr8,117200000,117100000
chr8_1172,chr8,117300000,117200000
chr8_1173,chr8,117400000,117300000
chr8_1174,chr8,117500000,117400000
chr8_1175,chr8,117600000,117500000
chr8_1176,chr8,117700000,117600000
chr8_1177,chr8,117800000,117700000
chr8_1178,chr8,117900000,117800000
chr8_1179,chr8,118000000,117900000
chr8_1180,chr8,118100000,118000000
chr8_1181,chr8,118200000,118100000
chr8_1182,chr8,118300000,118200000
chr8_1183,chr8,118400000,118300000
chr8_1184,chr8,118500000,118400000
chr8_1185,chr8,118600000,118500000
chr8_1186,chr8,118700000,118600000
chr8_1187,chr8,118800000,118700000
chr8_1188,chr8,118900000,118800000
chr8_1189,chr8,119000000,118900000
chr8_1190,chr8,119100000,119000000
chr8_1191,chr8,119200000,119100000
chr8_1192,chr8,119300000,119200000
chr8_1193,chr8,119400000,119300000
chr8_1194,chr8,119500000,119400000
chr8_1195,chr8,119600000,119500000
chr8_1196,chr8,119700000,119600000
chr8_1197,chr8,119800000,119700000
chr8_1198,chr8,119900000,119800000
chr8_1199,chr8,120000000,119900000
chr8_1200,chr8,120100000,120000000
chr8_1201,chr8,120200000,120100000
chr8_1202,chr8,120300000,120200000
chr8_1203,chr8,120400000,120300000
chr8_1204,chr8,120500000,120400000
chr8_1205,chr8,120600000,120500000
chr8_1206,chr8,120700000,120600000
chr8_1207,chr8,120800000,120700000
chr8_1208,chr8,120900000,120800000
chr8_1209,chr8,121000000,120900000
chr8_1210,chr8,121100000,121000000
chr8_1211,chr8,121200000,121100000
chr8_1212,chr8,121300000,121200000
chr8_1213,chr8,121400000,121300000
chr8_1214,chr8,121500000,121400000
chr8_1215,chr8,121600000,121500000
chr8_1216,chr8,121700000,121600000
chr8_1217,chr8,121800000,121700000
chr8_1218,chr8,121900000,121800000
chr8_1219,chr8,122000000,121900000
chr8_1220,chr8,122100000,122000000
chr8_1221,chr8,122200000,122100000
chr8_1222,chr8,122300000,122200000
chr8_1223,chr8,122400000,122300000
chr8_1224,chr8,122500000,122400000
chr8_1225,chr8,122600000,122500000
chr8_1226,chr8,122700000,122600000
chr8_1227,chr8,122800000,122700000
chr8_1228,chr8,122900000,122800000
chr8_1229,chr8,123000000,122900000
chr8_1230,chr8,123100000,123000000
chr8_1231,chr8,123200000,123100000
chr8_1232,chr8,123300000,123200000
chr8_1233,chr8,123400000,123300000
chr8_1234,chr8,123500000,123400000
chr8_1235,chr8,123600000,123500000
chr8_1236,chr8,123700000,123600000
chr8_1237,chr8,123800000,123700000
chr8_1238,chr8,123900000,123800000
chr8_1239,chr8,124000000,123900000
chr8_1240,chr8,124100000,124000000
chr8_1241,chr8,124200000,124100000
chr8_1242,chr8,124300000,124200000
chr8_1243,chr8,124400000,124300000
chr8_1244,chr8,124500000,124400000
chr8_1245,chr8,124600000,124500000
chr8_1246,chr8,124700000,124600000
chr8_1247,chr8,124800000,124700000
chr8_1248,chr8,124900000,124800000
chr8_1249,chr8,125000000,124900000
chr8_1250,chr8,125100000,125000000
chr8_1251,chr8,125200000,125100000
chr8_1252,chr8,125300000,125200000
chr8_1253,chr8,125400000,125300000
chr8_1254,chr8,125500000,125400000
chr8_1255,chr8,125600000,125500000
chr8_1256,chr8,125700000,125600000
chr8_1257,chr8,125800000,125700000
chr8_1258,chr8,125900000,125800000
chr8_1259,chr8,126000000,125900000
chr8_1260,chr8,126100000,126000000
chr8_1261,chr8,126200000,126100000
chr8_1262,chr8,126300000,126200000
chr8_1263,chr8,126400000,126300000
chr8_1264,chr8,126500000,126400000
chr8_1265,chr8,126600000,126500000
chr8_1266,chr8,126700000,126600000
chr8_1267,chr8,126800000,126700000
chr8_1268,chr8,126900000,126800000
chr8_1269,chr8,127000000,126900000
chr8_1270,chr8,127100000,127000000
chr8_1271,chr8,127200000,127100000
chr8_1272,chr8,127300000,127200000
chr8_1273,chr8,127400000,127300000
chr8_1274,chr8,127500000,127400000
chr8_1275,chr8,127600000,127500000
chr8_1276,chr8,127700000,127600000
chr8_1277,chr8,127800000,127700000
chr8_1278,chr8,127900000,127800000
chr8_1279,chr8,128000000,127900000
chr8_1280,chr8,128100000,128000000
chr8_1281,chr8,128200000,128100000
chr8_1282,chr8,128300000,128200000
chr8_1283,chr8,128400000,128300000
chr8_1284,chr8,128500000,128400000
chr8_1285,chr8,128600000,128500000
chr8_1286,chr8,128700000,128600000
chr8_1287,chr8,128800000,128700000
chr8_1288,chr8,128900000,128800000
chr8_1289,chr8,129000000,128900000
chr8_1290,chr8,129100000,129000000
chr8_1291,chr8,129200000,129100000
chr8_1292,chr8,129300000,129200000
chr8_1293,chr8,129400000,129300000
chr8_1294,chr8,129401213,129400000
chr9_0,chr9,100000,0
chr9_1,chr9,200000,100000
chr9_2,chr9,300000,200000
chr9_3,chr9,400000,300000
chr9_4,chr9,500000,400000
chr9_5,chr9,600000,500000
chr9_6,chr9,700000,600000
chr9_7,chr9,800000,700000
chr9_8,chr9,900000,800000
chr9_9,chr9,1000000,900000
chr9_10,chr9,1100000,1000000
chr9_11,chr9,1200000,1100000
chr9_12,chr9,1300000,1200000
chr9_13,chr9,1400000,1300000
chr9_14,chr9,1500000,1400000
chr9_15,chr9,1600000,1500000
chr9_16,chr9,1700000,1600000
chr9_17,chr9,1800000,1700000
chr9_18,chr9,1900000,1800000
chr9_19,chr9,2000000,1900000
chr9_20,chr9,2100000,2000000
chr9_21,chr9,2200000,2100000
chr9_22,chr9,2300000,2200000
chr9_23,chr9,2400000,2300000
chr9_24,chr9,2500000,2400000
chr9_25,chr9,2600000,2500000
chr9_26,chr9,2700000,2600000
chr9_27,chr9,2800000,2700000
chr9_28,chr9,2900000,2800000
chr9_29,chr9,3000000,2900000
chr9_30,chr9,3100000,3000000
chr9_31,chr9,3200000,3100000
chr9_32,chr9,3300000,3200000
chr9_33,chr9,3400000,3300000
chr9_34,chr9,3500000,3400000
chr9_35,chr9,3600000,3500000
chr9_36,chr9,3700000,3600000
chr9_37,chr9,3800000,3700000
chr9_38,chr9,3900000,3800000
chr9_39,chr9,4000000,3900000
chr9_40,chr9,4100000,4000000
chr9_41,chr9,4200000,4100000
chr9_42,chr9,4300000,4200000
chr9_43,chr9,4400000,4300000
chr9_44,chr9,4500000,4400000
chr9_45,chr9,4600000,4500000
chr9_46,chr9,4700000,4600000
chr9_47,chr9,4800000,4700000
chr9_48,chr9,4900000,4800000
chr9_49,chr9,5000000,4900000
chr9_50,chr9,5100000,5000000
chr9_51,chr9,5200000,5100000
chr9_52,chr9,5300000,5200000
chr9_53,chr9,5400000,5300000
chr9_54,chr9,5500000,5400000
chr9_55,chr9,5600000,5500000
chr9_56,chr9,5700000,5600000
chr9_57,chr9,5800000,5700000
chr9_58,chr9,5900000,5800000
chr9_59,chr9,6000000,5900000
chr9_60,chr9,6100000,6000000
chr9_61,chr9,6200000,6100000
chr9_62,chr9,6300000,6200000
chr9_63,chr9,6400000,6300000
chr9_64,chr9,6500000,6400000
chr9_65,chr9,6600000,6500000
chr9_66,chr9,6700000,6600000
chr9_67,chr9,6800000,6700000
chr9_68,chr9,6900000,6800000
chr9_69,chr9,7000000,6900000
chr9_70,chr9,7100000,7000000
chr9_71,chr9,7200000,7100000
chr9_72,chr9,7300000,7200000
chr9_73,chr9,7400000,7300000
chr9_74,chr9,7500000,7400000
chr9_75,chr9,7600000,7500000
chr9_76,chr9,7700000,7600000
chr9_77,chr9,7800000,7700000
chr9_78,chr9,7900000,7800000
chr9_79,chr9,8000000,7900000
chr9_80,chr9,8100000,8000000
chr9_81,chr9,8200000,8100000
chr9_82,chr9,8300000,8200000
chr9_83,chr9,8400000,8300000
chr9_84,chr9,8500000,8400000
chr9_85,chr9,8600000,8500000
chr9_86,chr9,8700000,8600000
chr9_87,chr9,8800000,8700000
chr9_88,chr9,8900000,8800000
chr9_89,chr9,9000000,8900000
chr9_90,chr9,9100000,9000000
chr9_91,chr9,9200000,9100000
chr9_92,chr9,9300000,9200000
chr9_93,chr9,9400000,9300000
chr9_94,chr9,9500000,9400000
chr9_95,chr9,9600000,9500000
chr9_96,chr9,9700000,9600000
chr9_97,chr9,9800000,9700000
chr9_98,chr9,9900000,9800000
chr9_99,chr9,10000000,9900000
chr9_100,chr9,10100000,10000000
chr9_101,chr9,10200000,10100000
chr9_102,chr9,10300000,10200000
chr9_103,chr9,10400000,10300000
chr9_104,chr9,10500000,10400000
chr9_105,chr9,10600000,10500000
chr9_106,chr9,10700000,10600000
chr9_107,chr9,10800000,10700000
chr9_108,chr9,10900000,10800000
chr9_109,chr9,11000000,10900000
chr9_110,chr9,11100000,11000000
chr9_111,chr9,11200000,11100000
chr9_112,chr9,11300000,11200000
chr9_113,chr9,11400000,11300000
chr9_114,chr9,11500000,11400000
chr9_115,chr9,11600000,11500000
chr9_116,chr9,11700000,11600000
chr9_117,chr9,11800000,11700000
chr9_118,chr9,11900000,11800000
chr9_119,chr9,12000000,11900000
chr9_120,chr9,12100000,12000000
chr9_121,chr9,12200000,12100000
chr9_122,chr9,12300000,12200000
chr9_123,chr9,12400000,12300000
chr9_124,chr9,12500000,12400000
chr9_125,chr9,12600000,12500000
chr9_126,chr9,12700000,12600000
chr9_127,chr9,12800000,12700000
chr9_128,chr9,12900000,12800000
chr9_129,chr9,13000000,12900000
chr9_130,chr9,13100000,13000000
chr9_131,chr9,13200000,13100000
chr9_132,chr9,13300000,13200000
chr9_133,chr9,13400000,13300000
chr9_134,chr9,13500000,13400000
chr9_135,chr9,13600000,13500000
chr9_136,chr9,13700000,13600000
chr9_137,chr9,13800000,13700000
chr9_138,chr9,13900000,13800000
chr9_139,chr9,14000000,13900000
chr9_140,chr9,14100000,14000000
chr9_141,chr9,14200000,14100000
chr9_142,chr9,14300000,14200000
chr9_143,chr9,14400000,14300000
chr9_144,chr9,14500000,14400000
chr9_145,chr9,14600000,14500000
chr9_146,chr9,14700000,14600000
chr9_147,chr9,14800000,14700000
chr9_148,chr9,14900000,14800000
chr9_149,chr9,15000000,14900000
chr9_150,chr9,15100000,15000000
chr9_151,chr9,15200000,15100000
chr9_152,chr9,15300000,15200000
chr9_153,chr9,15400000,15300000
chr9_154,chr9,15500000,15400000
chr9_155,chr9,15600000,15500000
chr9_156,chr9,15700000,15600000
chr9_157,chr9,15800000,15700000
chr9_158,chr9,15900000,15800000
chr9_159,chr9,16000000,15900000
chr9_160,chr9,16100000,16000000
chr9_161,chr9,16200000,16100000
chr9_162,chr9,16300000,16200000
chr9_163,chr9,16400000,16300000
chr9_164,chr9,16500000,16400000
chr9_165,chr9,16600000,16500000
chr9_166,chr9,16700000,16600000
chr9_167,chr9,16800000,16700000
chr9_168,chr9,16900000,16800000
chr9_169,chr9,17000000,16900000
chr9_170,chr9,17100000,17000000
chr9_171,chr9,17200000,17100000
chr9_172,chr9,17300000,17200000
chr9_173,chr9,17400000,17300000
chr9_174,chr9,17500000,17400000
chr9_175,chr9,17600000,17500000
chr9_176,chr9,17700000,17600000
chr9_177,chr9,17800000,17700000
chr9_178,chr9,17900000,17800000
chr9_179,chr9,18000000,17900000
chr9_180,chr9,18100000,18000000
chr9_181,chr9,18200000,18100000
chr9_182,chr9,18300000,18200000
chr9_183,chr9,18400000,18300000
chr9_184,chr9,18500000,18400000
chr9_185,chr9,18600000,18500000
chr9_186,chr9,18700000,18600000
chr9_187,chr9,18800000,18700000
chr9_188,chr9,18900000,18800000
chr9_189,chr9,19000000,18900000
chr9_190,chr9,19100000,19000000
chr9_191,chr9,19200000,19100000
chr9_192,chr9,19300000,19200000
chr9_193,chr9,19400000,19300000
chr9_194,chr9,19500000,19400000
chr9_195,chr9,19600000,19500000
chr9_196,chr9,19700000,19600000
chr9_197,chr9,19800000,19700000
chr9_198,chr9,19900000,19800000
chr9_199,chr9,20000000,19900000
chr9_200,chr9,20100000,20000000
chr9_201,chr9,20200000,20100000
chr9_202,chr9,20300000,20200000
chr9_203,chr9,20400000,20300000
chr9_204,chr9,20500000,20400000
chr9_205,chr9,20600000,20500000
chr9_206,chr9,20700000,20600000
chr9_207,chr9,20800000,20700000
chr9_208,chr9,20900000,20800000
chr9_209,chr9,21000000,20900000
chr9_210,chr9,21100000,21000000
chr9_211,chr9,21200000,21100000
chr9_212,chr9,21300000,21200000
chr9_213,chr9,21400000,21300000
chr9_214,chr9,21500000,21400000
chr9_215,chr9,21600000,21500000
chr9_216,chr9,21700000,21600000
chr9_217,chr9,21800000,21700000
chr9_218,chr9,21900000,21800000
chr9_219,chr9,22000000,21900000
chr9_220,chr9,22100000,22000000
chr9_221,chr9,22200000,22100000
chr9_222,chr9,22300000,22200000
chr9_223,chr9,22400000,22300000
chr9_224,chr9,22500000,22400000
chr9_225,chr9,22600000,22500000
chr9_226,chr9,22700000,22600000
chr9_227,chr9,22800000,22700000
chr9_228,chr9,22900000,22800000
chr9_229,chr9,23000000,22900000
chr9_230,chr9,23100000,23000000
chr9_231,chr9,23200000,23100000
chr9_232,chr9,23300000,23200000
chr9_233,chr9,23400000,23300000
chr9_234,chr9,23500000,23400000
chr9_235,chr9,23600000,23500000
chr9_236,chr9,23700000,23600000
chr9_237,chr9,23800000,23700000
chr9_238,chr9,23900000,23800000
chr9_239,chr9,24000000,23900000
chr9_240,chr9,24100000,24000000
chr9_241,chr9,24200000,24100000
chr9_242,chr9,24300000,24200000
chr9_243,chr9,24400000,24300000
chr9_244,chr9,24500000,24400000
chr9_245,chr9,24600000,24500000
chr9_246,chr9,24700000,24600000
chr9_247,chr9,24800000,24700000
chr9_248,chr9,24900000,24800000
chr9_249,chr9,25000000,24900000
chr9_250,chr9,25100000,25000000
chr9_251,chr9,25200000,25100000
chr9_252,chr9,25300000,25200000
chr9_253,chr9,25400000,25300000
chr9_254,chr9,25500000,25400000
chr9_255,chr9,25600000,25500000
chr9_256,chr9,25700000,25600000
chr9_257,chr9,25800000,25700000
chr9_258,chr9,25900000,25800000
chr9_259,chr9,26000000,25900000
chr9_260,chr9,26100000,26000000
chr9_261,chr9,26200000,26100000
chr9_262,chr9,26300000,26200000
chr9_263,chr9,26400000,26300000
chr9_264,chr9,26500000,26400000
chr9_265,chr9,26600000,26500000
chr9_266,chr9,26700000,26600000
chr9_267,chr9,26800000,26700000
chr9_268,chr9,26900000,26800000
chr9_269,chr9,27000000,26900000
chr9_270,chr9,27100000,27000000
chr9_271,chr9,27200000,27100000
chr9_272,chr9,27300000,27200000
chr9_273,chr9,27400000,27300000
chr9_274,chr9,27500000,27400000
chr9_275,chr9,27600000,27500000
chr9_276,chr9,27700000,27600000
chr9_277,chr9,27800000,27700000
chr9_278,chr9,27900000,27800000
chr9_279,chr9,28000000,27900000
chr9_280,chr9,28100000,28000000
chr9_281,chr9,28200000,28100000
chr9_282,chr9,28300000,28200000
chr9_283,chr9,28400000,28300000
chr9_284,chr9,28500000,28400000
chr9_285,chr9,28600000,28500000
chr9_286,chr9,28700000,28600000
chr9_287,chr9,28800000,28700000
chr9_288,chr9,28900000,28800000
chr9_289,chr9,29000000,28900000
chr9_290,chr9,29100000,29000000
chr9_291,chr9,29200000,29100000
chr9_292,chr9,29300000,29200000
chr9_293,chr9,29400000,29300000
chr9_294,chr9,29500000,29400000
chr9_295,chr9,29600000,29500000
chr9_296,chr9,29700000,29600000
chr9_297,chr9,29800000,29700000
chr9_298,chr9,29900000,29800000
chr9_299,chr9,30000000,29900000
chr9_300,chr9,30100000,30000000
chr9_301,chr9,30200000,30100000
chr9_302,chr9,30300000,30200000
chr9_303,chr9,30400000,30300000
chr9_304,chr9,30500000,30400000
chr9_305,chr9,30600000,30500000
chr9_306,chr9,30700000,30600000
chr9_307,chr9,30800000,30700000
chr9_308,chr9,30900000,30800000
chr9_309,chr9,31000000,30900000
chr9_310,chr9,31100000,31000000
chr9_311,chr9,31200000,31100000
chr9_312,chr9,31300000,31200000
chr9_313,chr9,31400000,31300000
chr9_314,chr9,31500000,31400000
chr9_315,chr9,31600000,31500000
chr9_316,chr9,31700000,31600000
chr9_317,chr9,31800000,31700000
chr9_318,chr9,31900000,31800000
chr9_319,chr9,32000000,31900000
chr9_320,chr9,32100000,32000000
chr9_321,chr9,32200000,32100000
chr9_322,chr9,32300000,32200000
chr9_323,chr9,32400000,32300000
chr9_324,chr9,32500000,32400000
chr9_325,chr9,32600000,32500000
chr9_326,chr9,32700000,32600000
chr9_327,chr9,32800000,32700000
chr9_328,chr9,32900000,32800000
chr9_329,chr9,33000000,32900000
chr9_330,chr9,33100000,33000000
chr9_331,chr9,33200000,33100000
chr9_332,chr9,33300000,33200000
chr9_333,chr9,33400000,33300000
chr9_334,chr9,33500000,33400000
chr9_335,chr9,33600000,33500000
chr9_336,chr9,33700000,33600000
chr9_337,chr9,33800000,33700000
chr9_338,chr9,33900000,33800000
chr9_339,chr9,34000000,33900000
chr9_340,chr9,34100000,34000000
chr9_341,chr9,34200000,34100000
chr9_342,chr9,34300000,34200000
chr9_343,chr9,34400000,34300000
chr9_344,chr9,34500000,34400000
chr9_345,chr9,34600000,34500000
chr9_346,chr9,34700000,34600000
chr9_347,chr9,34800000,34700000
chr9_348,chr9,34900000,34800000
chr9_349,chr9,35000000,34900000
chr9_350,chr9,35100000,35000000
chr9_351,chr9,35200000,35100000
chr9_352,chr9,35300000,35200000
chr9_353,chr9,35400000,35300000
chr9_354,chr9,35500000,35400000
chr9_355,chr9,35600000,35500000
chr9_356,chr9,35700000,35600000
chr9_357,chr9,35800000,35700000
chr9_358,chr9,35900000,35800000
chr9_359,chr9,36000000,35900000
chr9_360,chr9,36100000,36000000
chr9_361,chr9,36200000,36100000
chr9_362,chr9,36300000,36200000
chr9_363,chr9,36400000,36300000
chr9_364,chr9,36500000,36400000
chr9_365,chr9,36600000,36500000
chr9_366,chr9,36700000,36600000
chr9_367,chr9,36800000,36700000
chr9_368,chr9,36900000,36800000
chr9_369,chr9,37000000,36900000
chr9_370,chr9,37100000,37000000
chr9_371,chr9,37200000,37100000
chr9_372,chr9,37300000,37200000
chr9_373,chr9,37400000,37300000
chr9_374,chr9,37500000,37400000
chr9_375,chr9,37600000,37500000
chr9_376,chr9,37700000,37600000
chr9_377,chr9,37800000,37700000
chr9_378,chr9,37900000,37800000
chr9_379,chr9,38000000,37900000
chr9_380,chr9,38100000,38000000
chr9_381,chr9,38200000,38100000
chr9_382,chr9,38300000,38200000
chr9_383,chr9,38400000,38300000
chr9_384,chr9,38500000,38400000
chr9_385,chr9,38600000,38500000
chr9_386,chr9,38700000,38600000
chr9_387,chr9,38800000,38700000
chr9_388,chr9,38900000,38800000
chr9_389,chr9,39000000,38900000
chr9_390,chr9,39100000,39000000
chr9_391,chr9,39200000,39100000
chr9_392,chr9,39300000,39200000
chr9_393,chr9,39400000,39300000
chr9_394,chr9,39500000,39400000
chr9_395,chr9,39600000,39500000
chr9_396,chr9,39700000,39600000
chr9_397,chr9,39800000,39700000
chr9_398,chr9,39900000,39800000
chr9_399,chr9,40000000,39900000
chr9_400,chr9,40100000,40000000
chr9_401,chr9,40200000,40100000
chr9_402,chr9,40300000,40200000
chr9_403,chr9,40400000,40300000
chr9_404,chr9,40500000,40400000
chr9_405,chr9,40600000,40500000
chr9_406,chr9,40700000,40600000
chr9_407,chr9,40800000,40700000
chr9_408,chr9,40900000,40800000
chr9_409,chr9,41000000,40900000
chr9_410,chr9,41100000,41000000
chr9_411,chr9,41200000,41100000
chr9_412,chr9,41300000,41200000
chr9_413,chr9,41400000,41300000
chr9_414,chr9,41500000,41400000
chr9_415,chr9,41600000,41500000
chr9_416,chr9,41700000,41600000
chr9_417,chr9,41800000,41700000
chr9_418,chr9,41900000,41800000
chr9_419,chr9,42000000,41900000
chr9_420,chr9,42100000,42000000
chr9_421,chr9,42200000,42100000
chr9_422,chr9,42300000,42200000
chr9_423,chr9,42400000,42300000
chr9_424,chr9,42500000,42400000
chr9_425,chr9,42600000,42500000
chr9_426,chr9,42700000,42600000
chr9_427,chr9,42800000,42700000
chr9_428,chr9,42900000,42800000
chr9_429,chr9,43000000,42900000
chr9_430,chr9,43100000,43000000
chr9_431,chr9,43200000,43100000
chr9_432,chr9,43300000,43200000
chr9_433,chr9,43400000,43300000
chr9_434,chr9,43500000,43400000
chr9_435,chr9,43600000,43500000
chr9_436,chr9,43700000,43600000
chr9_437,chr9,43800000,43700000
chr9_438,chr9,43900000,43800000
chr9_439,chr9,44000000,43900000
chr9_440,chr9,44100000,44000000
chr9_441,chr9,44200000,44100000
chr9_442,chr9,44300000,44200000
chr9_443,chr9,44400000,44300000
chr9_444,chr9,44500000,44400000
chr9_445,chr9,44600000,44500000
chr9_446,chr9,44700000,44600000
chr9_447,chr9,44800000,44700000
chr9_448,chr9,44900000,44800000
chr9_449,chr9,45000000,44900000
chr9_450,chr9,45100000,45000000
chr9_451,chr9,45200000,45100000
chr9_452,chr9,45300000,45200000
chr9_453,chr9,45400000,45300000
chr9_454,chr9,45500000,45400000
chr9_455,chr9,45600000,45500000
chr9_456,chr9,45700000,45600000
chr9_457,chr9,45800000,45700000
chr9_458,chr9,45900000,45800000
chr9_459,chr9,46000000,45900000
chr9_460,chr9,46100000,46000000
chr9_461,chr9,46200000,46100000
chr9_462,chr9,46300000,46200000
chr9_463,chr9,46400000,46300000
chr9_464,chr9,46500000,46400000
chr9_465,chr9,46600000,46500000
chr9_466,chr9,46700000,46600000
chr9_467,chr9,46800000,46700000
chr9_468,chr9,46900000,46800000
chr9_469,chr9,47000000,46900000
chr9_470,chr9,47100000,47000000
chr9_471,chr9,47200000,47100000
chr9_472,chr9,47300000,47200000
chr9_473,chr9,47400000,47300000
chr9_474,chr9,47500000,47400000
chr9_475,chr9,47600000,47500000
chr9_476,chr9,47700000,47600000
chr9_477,chr9,47800000,47700000
chr9_478,chr9,47900000,47800000
chr9_479,chr9,48000000,47900000
chr9_480,chr9,48100000,48000000
chr9_481,chr9,48200000,48100000
chr9_482,chr9,48300000,48200000
chr9_483,chr9,48400000,48300000
chr9_484,chr9,48500000,48400000
chr9_485,chr9,48600000,48500000
chr9_486,chr9,48700000,48600000
chr9_487,chr9,48800000,48700000
chr9_488,chr9,48900000,48800000
chr9_489,chr9,49000000,48900000
chr9_490,chr9,49100000,49000000
chr9_491,chr9,49200000,49100000
chr9_492,chr9,49300000,49200000
chr9_493,chr9,49400000,49300000
chr9_494,chr9,49500000,49400000
chr9_495,chr9,49600000,49500000
chr9_496,chr9,49700000,49600000
chr9_497,chr9,49800000,49700000
chr9_498,chr9,49900000,49800000
chr9_499,chr9,50000000,49900000
chr9_500,chr9,50100000,50000000
chr9_501,chr9,50200000,50100000
chr9_502,chr9,50300000,50200000
chr9_503,chr9,50400000,50300000
chr9_504,chr9,50500000,50400000
chr9_505,chr9,50600000,50500000
chr9_506,chr9,50700000,50600000
chr9_507,chr9,50800000,50700000
chr9_508,chr9,50900000,50800000
chr9_509,chr9,51000000,50900000
chr9_510,chr9,51100000,51000000
chr9_511,chr9,51200000,51100000
chr9_512,chr9,51300000,51200000
chr9_513,chr9,51400000,51300000
chr9_514,chr9,51500000,51400000
chr9_515,chr9,51600000,51500000
chr9_516,chr9,51700000,51600000
chr9_517,chr9,51800000,51700000
chr9_518,chr9,51900000,51800000
chr9_519,chr9,52000000,51900000
chr9_520,chr9,52100000,52000000
chr9_521,chr9,52200000,52100000
chr9_522,chr9,52300000,52200000
chr9_523,chr9,52400000,52300000
chr9_524,chr9,52500000,52400000
chr9_525,chr9,52600000,52500000
chr9_526,chr9,52700000,52600000
chr9_527,chr9,52800000,52700000
chr9_528,chr9,52900000,52800000
chr9_529,chr9,53000000,52900000
chr9_530,chr9,53100000,53000000
chr9_531,chr9,53200000,53100000
chr9_532,chr9,53300000,53200000
chr9_533,chr9,53400000,53300000
chr9_534,chr9,53500000,53400000
chr9_535,chr9,53600000,53500000
chr9_536,chr9,53700000,53600000
chr9_537,chr9,53800000,53700000
chr9_538,chr9,53900000,53800000
chr9_539,chr9,54000000,53900000
chr9_540,chr9,54100000,54000000
chr9_541,chr9,54200000,54100000
chr9_542,chr9,54300000,54200000
chr9_543,chr9,54400000,54300000
chr9_544,chr9,54500000,54400000
chr9_545,chr9,54600000,54500000
chr9_546,chr9,54700000,54600000
chr9_547,chr9,54800000,54700000
chr9_548,chr9,54900000,54800000
chr9_549,chr9,55000000,54900000
chr9_550,chr9,55100000,55000000
chr9_551,chr9,55200000,55100000
chr9_552,chr9,55300000,55200000
chr9_553,chr9,55400000,55300000
chr9_554,chr9,55500000,55400000
chr9_555,chr9,55600000,55500000
chr9_556,chr9,55700000,55600000
chr9_557,chr9,55800000,55700000
chr9_558,chr9,55900000,55800000
chr9_559,chr9,56000000,55900000
chr9_560,chr9,56100000,56000000
chr9_561,chr9,56200000,56100000
chr9_562,chr9,56300000,56200000
chr9_563,chr9,56400000,56300000
chr9_564,chr9,56500000,56400000
chr9_565,chr9,56600000,56500000
chr9_566,chr9,56700000,56600000
chr9_567,chr9,56800000,56700000
chr9_568,chr9,56900000,56800000
chr9_569,chr9,57000000,56900000
chr9_570,chr9,57100000,57000000
chr9_571,chr9,57200000,57100000
chr9_572,chr9,57300000,57200000
chr9_573,chr9,57400000,57300000
chr9_574,chr9,57500000,57400000
chr9_575,chr9,57600000,57500000
chr9_576,chr9,57700000,57600000
chr9_577,chr9,57800000,57700000
chr9_578,chr9,57900000,57800000
chr9_579,chr9,58000000,57900000
chr9_580,chr9,58100000,58000000
chr9_581,chr9,58200000,58100000
chr9_582,chr9,58300000,58200000
chr9_583,chr9,58400000,58300000
chr9_584,chr9,58500000,58400000
chr9_585,chr9,58600000,58500000
chr9_586,chr9,58700000,58600000
chr9_587,chr9,58800000,58700000
chr9_588,chr9,58900000,58800000
chr9_589,chr9,59000000,58900000
chr9_590,chr9,59100000,59000000
chr9_591,chr9,59200000,59100000
chr9_592,chr9,59300000,59200000
chr9_593,chr9,59400000,59300000
chr9_594,chr9,59500000,59400000
chr9_595,chr9,59600000,59500000
chr9_596,chr9,59700000,59600000
chr9_597,chr9,59800000,59700000
chr9_598,chr9,59900000,59800000
chr9_599,chr9,60000000,59900000
chr9_600,chr9,60100000,60000000
chr9_601,chr9,60200000,60100000
chr9_602,chr9,60300000,60200000
chr9_603,chr9,60400000,60300000
chr9_604,chr9,60500000,60400000
chr9_605,chr9,60600000,60500000
chr9_606,chr9,60700000,60600000
chr9_607,chr9,60800000,60700000
chr9_608,chr9,60900000,60800000
chr9_609,chr9,61000000,60900000
chr9_610,chr9,61100000,61000000
chr9_611,chr9,61200000,61100000
chr9_612,chr9,61300000,61200000
chr9_613,chr9,61400000,61300000
chr9_614,chr9,61500000,61400000
chr9_615,chr9,61600000,61500000
chr9_616,chr9,61700000,61600000
chr9_617,chr9,61800000,61700000
chr9_618,chr9,61900000,61800000
chr9_619,chr9,62000000,61900000
chr9_620,chr9,62100000,62000000
chr9_621,chr9,62200000,62100000
chr9_622,chr9,62300000,62200000
chr9_623,chr9,62400000,62300000
chr9_624,chr9,62500000,62400000
chr9_625,chr9,62600000,62500000
chr9_626,chr9,62700000,62600000
chr9_627,chr9,62800000,62700000
chr9_628,chr9,62900000,62800000
chr9_629,chr9,63000000,62900000
chr9_630,chr9,63100000,63000000
chr9_631,chr9,63200000,63100000
chr9_632,chr9,63300000,63200000
chr9_633,chr9,63400000,63300000
chr9_634,chr9,63500000,63400000
chr9_635,chr9,63600000,63500000
chr9_636,chr9,63700000,63600000
chr9_637,chr9,63800000,63700000
chr9_638,chr9,63900000,63800000
chr9_639,chr9,64000000,63900000
chr9_640,chr9,64100000,64000000
chr9_641,chr9,64200000,64100000
chr9_642,chr9,64300000,64200000
chr9_643,chr9,64400000,64300000
chr9_644,chr9,64500000,64400000
chr9_645,chr9,64600000,64500000
chr9_646,chr9,64700000,64600000
chr9_647,chr9,64800000,64700000
chr9_648,chr9,64900000,64800000
chr9_649,chr9,65000000,64900000
chr9_650,chr9,65100000,65000000
chr9_651,chr9,65200000,65100000
chr9_652,chr9,65300000,65200000
chr9_653,chr9,65400000,65300000
chr9_654,chr9,65500000,65400000
chr9_655,chr9,65600000,65500000
chr9_656,chr9,65700000,65600000
chr9_657,chr9,65800000,65700000
chr9_658,chr9,65900000,65800000
chr9_659,chr9,66000000,65900000
chr9_660,chr9,66100000,66000000
chr9_661,chr9,66200000,66100000
chr9_662,chr9,66300000,66200000
chr9_663,chr9,66400000,66300000
chr9_664,chr9,66500000,66400000
chr9_665,chr9,66600000,66500000
chr9_666,chr9,66700000,66600000
chr9_667,chr9,66800000,66700000
chr9_668,chr9,66900000,66800000
chr9_669,chr9,67000000,66900000
chr9_670,chr9,67100000,67000000
chr9_671,chr9,67200000,67100000
chr9_672,chr9,67300000,67200000
chr9_673,chr9,67400000,67300000
chr9_674,chr9,67500000,67400000
chr9_675,chr9,67600000,67500000
chr9_676,chr9,67700000,67600000
chr9_677,chr9,67800000,67700000
chr9_678,chr9,67900000,67800000
chr9_679,chr9,68000000,67900000
chr9_680,chr9,68100000,68000000
chr9_681,chr9,68200000,68100000
chr9_682,chr9,68300000,68200000
chr9_683,chr9,68400000,68300000
chr9_684,chr9,68500000,68400000
chr9_685,chr9,68600000,68500000
chr9_686,chr9,68700000,68600000
chr9_687,chr9,68800000,68700000
chr9_688,chr9,68900000,68800000
chr9_689,chr9,69000000,68900000
chr9_690,chr9,69100000,69000000
chr9_691,chr9,69200000,69100000
chr9_692,chr9,69300000,69200000
chr9_693,chr9,69400000,69300000
chr9_694,chr9,69500000,69400000
chr9_695,chr9,69600000,69500000
chr9_696,chr9,69700000,69600000
chr9_697,chr9,69800000,69700000
chr9_698,chr9,69900000,69800000
chr9_699,chr9,70000000,69900000
chr9_700,chr9,70100000,70000000
chr9_701,chr9,70200000,70100000
chr9_702,chr9,70300000,70200000
chr9_703,chr9,70400000,70300000
chr9_704,chr9,70500000,70400000
chr9_705,chr9,70600000,70500000
chr9_706,chr9,70700000,70600000
chr9_707,chr9,70800000,70700000
chr9_708,chr9,70900000,70800000
chr9_709,chr9,71000000,70900000
chr9_710,chr9,71100000,71000000
chr9_711,chr9,71200000,71100000
chr9_712,chr9,71300000,71200000
chr9_713,chr9,71400000,71300000
chr9_714,chr9,71500000,71400000
chr9_715,chr9,71600000,71500000
chr9_716,chr9,71700000,71600000
chr9_717,chr9,71800000,71700000
chr9_718,chr9,71900000,71800000
chr9_719,chr9,72000000,71900000
chr9_720,chr9,72100000,72000000
chr9_721,chr9,72200000,72100000
chr9_722,chr9,72300000,72200000
chr9_723,chr9,72400000,72300000
chr9_724,chr9,72500000,72400000
chr9_725,chr9,72600000,72500000
chr9_726,chr9,72700000,72600000
chr9_727,chr9,72800000,72700000
chr9_728,chr9,72900000,72800000
chr9_729,chr9,73000000,72900000
chr9_730,chr9,73100000,73000000
chr9_731,chr9,73200000,73100000
chr9_732,chr9,73300000,73200000
chr9_733,chr9,73400000,73300000
chr9_734,chr9,73500000,73400000
chr9_735,chr9,73600000,73500000
chr9_736,chr9,73700000,73600000
chr9_737,chr9,73800000,73700000
chr9_738,chr9,73900000,73800000
chr9_739,chr9,74000000,73900000
chr9_740,chr9,74100000,74000000
chr9_741,chr9,74200000,74100000
chr9_742,chr9,74300000,74200000
chr9_743,chr9,74400000,74300000
chr9_744,chr9,74500000,74400000
chr9_745,chr9,74600000,74500000
chr9_746,chr9,74700000,74600000
chr9_747,chr9,74800000,74700000
chr9_748,chr9,74900000,74800000
chr9_749,chr9,75000000,74900000
chr9_750,chr9,75100000,75000000
chr9_751,chr9,75200000,75100000
chr9_752,chr9,75300000,75200000
chr9_753,chr9,75400000,75300000
chr9_754,chr9,75500000,75400000
chr9_755,chr9,75600000,75500000
chr9_756,chr9,75700000,75600000
chr9_757,chr9,75800000,75700000
chr9_758,chr9,75900000,75800000
chr9_759,chr9,76000000,75900000
chr9_760,chr9,76100000,76000000
chr9_761,chr9,76200000,76100000
chr9_762,chr9,76300000,76200000
chr9_763,chr9,76400000,76300000
chr9_764,chr9,76500000,76400000
chr9_765,chr9,76600000,76500000
chr9_766,chr9,76700000,76600000
chr9_767,chr9,76800000,76700000
chr9_768,chr9,76900000,76800000
chr9_769,chr9,77000000,76900000
chr9_770,chr9,77100000,77000000
chr9_771,chr9,77200000,77100000
chr9_772,chr9,77300000,77200000
chr9_773,chr9,77400000,77300000
chr9_774,chr9,77500000,77400000
chr9_775,chr9,77600000,77500000
chr9_776,chr9,77700000,77600000
chr9_777,chr9,77800000,77700000
chr9_778,chr9,77900000,77800000
chr9_779,chr9,78000000,77900000
chr9_780,chr9,78100000,78000000
chr9_781,chr9,78200000,78100000
chr9_782,chr9,78300000,78200000
chr9_783,chr9,78400000,78300000
chr9_784,chr9,78500000,78400000
chr9_785,chr9,78600000,78500000
chr9_786,chr9,78700000,78600000
chr9_787,chr9,78800000,78700000
chr9_788,chr9,78900000,78800000
chr9_789,chr9,79000000,78900000
chr9_790,chr9,79100000,79000000
chr9_791,chr9,79200000,79100000
chr9_792,chr9,79300000,79200000
chr9_793,chr9,79400000,79300000
chr9_794,chr9,79500000,79400000
chr9_795,chr9,79600000,79500000
chr9_796,chr9,79700000,79600000
chr9_797,chr9,79800000,79700000
chr9_798,chr9,79900000,79800000
chr9_799,chr9,80000000,79900000
chr9_800,chr9,80100000,80000000
chr9_801,chr9,80200000,80100000
chr9_802,chr9,80300000,80200000
chr9_803,chr9,80400000,80300000
chr9_804,chr9,80500000,80400000
chr9_805,chr9,80600000,80500000
chr9_806,chr9,80700000,80600000
chr9_807,chr9,80800000,80700000
chr9_808,chr9,80900000,80800000
chr9_809,chr9,81000000,80900000
chr9_810,chr9,81100000,81000000
chr9_811,chr9,81200000,81100000
chr9_812,chr9,81300000,81200000
chr9_813,chr9,81400000,81300000
chr9_814,chr9,81500000,81400000
chr9_815,chr9,81600000,81500000
chr9_816,chr9,81700000,81600000
chr9_817,chr9,81800000,81700000
chr9_818,chr9,81900000,81800000
chr9_819,chr9,82000000,81900000
chr9_820,chr9,82100000,82000000
chr9_821,chr9,82200000,82100000
chr9_822,chr9,82300000,82200000
chr9_823,chr9,82400000,82300000
chr9_824,chr9,82500000,82400000
chr9_825,chr9,82600000,82500000
chr9_826,chr9,82700000,82600000
chr9_827,chr9,82800000,82700000
chr9_828,chr9,82900000,82800000
chr9_829,chr9,83000000,82900000
chr9_830,chr9,83100000,83000000
chr9_831,chr9,83200000,83100000
chr9_832,chr9,83300000,83200000
chr9_833,chr9,83400000,83300000
chr9_834,chr9,83500000,83400000
chr9_835,chr9,83600000,83500000
chr9_836,chr9,83700000,83600000
chr9_837,chr9,83800000,83700000
chr9_838,chr9,83900000,83800000
chr9_839,chr9,84000000,83900000
chr9_840,chr9,84100000,84000000
chr9_841,chr9,84200000,84100000
chr9_842,chr9,84300000,84200000
chr9_843,chr9,84400000,84300000
chr9_844,chr9,84500000,84400000
chr9_845,chr9,84600000,84500000
chr9_846,chr9,84700000,84600000
chr9_847,chr9,84800000,84700000
chr9_848,chr9,84900000,84800000
chr9_849,chr9,85000000,84900000
chr9_850,chr9,85100000,85000000
chr9_851,chr9,85200000,85100000
chr9_852,chr9,85300000,85200000
chr9_853,chr9,85400000,85300000
chr9_854,chr9,85500000,85400000
chr9_855,chr9,85600000,85500000
chr9_856,chr9,85700000,85600000
chr9_857,chr9,85800000,85700000
chr9_858,chr9,85900000,85800000
chr9_859,chr9,86000000,85900000
chr9_860,chr9,86100000,86000000
chr9_861,chr9,86200000,86100000
chr9_862,chr9,86300000,86200000
chr9_863,chr9,86400000,86300000
chr9_864,chr9,86500000,86400000
chr9_865,chr9,86600000,86500000
chr9_866,chr9,86700000,86600000
chr9_867,chr9,86800000,86700000
chr9_868,chr9,86900000,86800000
chr9_869,chr9,87000000,86900000
chr9_870,chr9,87100000,87000000
chr9_871,chr9,87200000,87100000
chr9_872,chr9,87300000,87200000
chr9_873,chr9,87400000,87300000
chr9_874,chr9,87500000,87400000
chr9_875,chr9,87600000,87500000
chr9_876,chr9,87700000,87600000
chr9_877,chr9,87800000,87700000
chr9_878,chr9,87900000,87800000
chr9_879,chr9,88000000,87900000
chr9_880,chr9,88100000,88000000
chr9_881,chr9,88200000,88100000
chr9_882,chr9,88300000,88200000
chr9_883,chr9,88400000,88300000
chr9_884,chr9,88500000,88400000
chr9_885,chr9,88600000,88500000
chr9_886,chr9,88700000,88600000
chr9_887,chr9,88800000,88700000
chr9_888,chr9,88900000,88800000
chr9_889,chr9,89000000,88900000
chr9_890,chr9,89100000,89000000
chr9_891,chr9,89200000,89100000
chr9_892,chr9,89300000,89200000
chr9_893,chr9,89400000,89300000
chr9_894,chr9,89500000,89400000
chr9_895,chr9,89600000,89500000
chr9_896,chr9,89700000,89600000
chr9_897,chr9,89800000,89700000
chr9_898,chr9,89900000,89800000
chr9_899,chr9,90000000,89900000
chr9_900,chr9,90100000,90000000
chr9_901,chr9,90200000,90100000
chr9_902,chr9,90300000,90200000
chr9_903,chr9,90400000,90300000
chr9_904,chr9,90500000,90400000
chr9_905,chr9,90600000,90500000
chr9_906,chr9,90700000,90600000
chr9_907,chr9,90800000,90700000
chr9_908,chr9,90900000,90800000
chr9_909,chr9,91000000,90900000
chr9_910,chr9,91100000,91000000
chr9_911,chr9,91200000,91100000
chr9_912,chr9,91300000,91200000
chr9_913,chr9,91400000,91300000
chr9_914,chr9,91500000,91400000
chr9_915,chr9,91600000,91500000
chr9_916,chr9,91700000,91600000
chr9_917,chr9,91800000,91700000
chr9_918,chr9,91900000,91800000
chr9_919,chr9,92000000,91900000
chr9_920,chr9,92100000,92000000
chr9_921,chr9,92200000,92100000
chr9_922,chr9,92300000,92200000
chr9_923,chr9,92400000,92300000
chr9_924,chr9,92500000,92400000
chr9_925,chr9,92600000,92500000
chr9_926,chr9,92700000,92600000
chr9_927,chr9,92800000,92700000
chr9_928,chr9,92900000,92800000
chr9_929,chr9,93000000,92900000
chr9_930,chr9,93100000,93000000
chr9_931,chr9,93200000,93100000
chr9_932,chr9,93300000,93200000
chr9_933,chr9,93400000,93300000
chr9_934,chr9,93500000,93400000
chr9_935,chr9,93600000,93500000
chr9_936,chr9,93700000,93600000
chr9_937,chr9,93800000,93700000
chr9_938,chr9,93900000,93800000
chr9_939,chr9,94000000,93900000
chr9_940,chr9,94100000,94000000
chr9_941,chr9,94200000,94100000
chr9_942,chr9,94300000,94200000
chr9_943,chr9,94400000,94300000
chr9_944,chr9,94500000,94400000
chr9_945,chr9,94600000,94500000
chr9_946,chr9,94700000,94600000
chr9_947,chr9,94800000,94700000
chr9_948,chr9,94900000,94800000
chr9_949,chr9,95000000,94900000
chr9_950,chr9,95100000,95000000
chr9_951,chr9,95200000,95100000
chr9_952,chr9,95300000,95200000
chr9_953,chr9,95400000,95300000
chr9_954,chr9,95500000,95400000
chr9_955,chr9,95600000,95500000
chr9_956,chr9,95700000,95600000
chr9_957,chr9,95800000,95700000
chr9_958,chr9,95900000,95800000
chr9_959,chr9,96000000,95900000
chr9_960,chr9,96100000,96000000
chr9_961,chr9,96200000,96100000
chr9_962,chr9,96300000,96200000
chr9_963,chr9,96400000,96300000
chr9_964,chr9,96500000,96400000
chr9_965,chr9,96600000,96500000
chr9_966,chr9,96700000,96600000
chr9_967,chr9,96800000,96700000
chr9_968,chr9,96900000,96800000
chr9_969,chr9,97000000,96900000
chr9_970,chr9,97100000,97000000
chr9_971,chr9,97200000,97100000
chr9_972,chr9,97300000,97200000
chr9_973,chr9,97400000,97300000
chr9_974,chr9,97500000,97400000
chr9_975,chr9,97600000,97500000
chr9_976,chr9,97700000,97600000
chr9_977,chr9,97800000,97700000
chr9_978,chr9,97900000,97800000
chr9_979,chr9,98000000,97900000
chr9_980,chr9,98100000,98000000
chr9_981,chr9,98200000,98100000
chr9_982,chr9,98300000,98200000
chr9_983,chr9,98400000,98300000
chr9_984,chr9,98500000,98400000
chr9_985,chr9,98600000,98500000
chr9_986,chr9,98700000,98600000
chr9_987,chr9,98800000,98700000
chr9_988,chr9,98900000,98800000
chr9_989,chr9,99000000,98900000
chr9_990,chr9,99100000,99000000
chr9_991,chr9,99200000,99100000
chr9_992,chr9,99300000,99200000
chr9_993,chr9,99400000,99300000
chr9_994,chr9,99500000,99400000
chr9_995,chr9,99600000,99500000
chr9_996,chr9,99700000,99600000
chr9_997,chr9,99800000,99700000
chr9_998,chr9,99900000,99800000
chr9_999,chr9,100000000,99900000
chr9_1000,chr9,100100000,100000000
chr9_1001,chr9,100200000,100100000
chr9_1002,chr9,100300000,100200000
chr9_1003,chr9,100400000,100300000
chr9_1004,chr9,100500000,100400000
chr9_1005,chr9,100600000,100500000
chr9_1006,chr9,100700000,100600000
chr9_1007,chr9,100800000,100700000
chr9_1008,chr9,100900000,100800000
chr9_1009,chr9,101000000,100900000
chr9_1010,chr9,101100000,101000000
chr9_1011,chr9,101200000,101100000
chr9_1012,chr9,101300000,101200000
chr9_1013,chr9,101400000,101300000
chr9_1014,chr9,101500000,101400000
chr9_1015,chr9,101600000,101500000
chr9_1016,chr9,101700000,101600000
chr9_1017,chr9,101800000,101700000
chr9_1018,chr9,101900000,101800000
chr9_1019,chr9,102000000,101900000
chr9_1020,chr9,102100000,102000000
chr9_1021,chr9,102200000,102100000
chr9_1022,chr9,102300000,102200000
chr9_1023,chr9,102400000,102300000
chr9_1024,chr9,102500000,102400000
chr9_1025,chr9,102600000,102500000
chr9_1026,chr9,102700000,102600000
chr9_1027,chr9,102800000,102700000
chr9_1028,chr9,102900000,102800000
chr9_1029,chr9,103000000,102900000
chr9_1030,chr9,103100000,103000000
chr9_1031,chr9,103200000,103100000
chr9_1032,chr9,103300000,103200000
chr9_1033,chr9,103400000,103300000
chr9_1034,chr9,103500000,103400000
chr9_1035,chr9,103600000,103500000
chr9_1036,chr9,103700000,103600000
chr9_1037,chr9,103800000,103700000
chr9_1038,chr9,103900000,103800000
chr9_1039,chr9,104000000,103900000
chr9_1040,chr9,104100000,104000000
chr9_1041,chr9,104200000,104100000
chr9_1042,chr9,104300000,104200000
chr9_1043,chr9,104400000,104300000
chr9_1044,chr9,104500000,104400000
chr9_1045,chr9,104600000,104500000
chr9_1046,chr9,104700000,104600000
chr9_1047,chr9,104800000,104700000
chr9_1048,chr9,104900000,104800000
chr9_1049,chr9,105000000,104900000
chr9_1050,chr9,105100000,105000000
chr9_1051,chr9,105200000,105100000
chr9_1052,chr9,105300000,105200000
chr9_1053,chr9,105400000,105300000
chr9_1054,chr9,105500000,105400000
chr9_1055,chr9,105600000,105500000
chr9_1056,chr9,105700000,105600000
chr9_1057,chr9,105800000,105700000
chr9_1058,chr9,105900000,105800000
chr9_1059,chr9,106000000,105900000
chr9_1060,chr9,106100000,106000000
chr9_1061,chr9,106200000,106100000
chr9_1062,chr9,106300000,106200000
chr9_1063,chr9,106400000,106300000
chr9_1064,chr9,106500000,106400000
chr9_1065,chr9,106600000,106500000
chr9_1066,chr9,106700000,106600000
chr9_1067,chr9,106800000,106700000
chr9_1068,chr9,106900000,106800000
chr9_1069,chr9,107000000,106900000
chr9_1070,chr9,107100000,107000000
chr9_1071,chr9,107200000,107100000
chr9_1072,chr9,107300000,107200000
chr9_1073,chr9,107400000,107300000
chr9_1074,chr9,107500000,107400000
chr9_1075,chr9,107600000,107500000
chr9_1076,chr9,107700000,107600000
chr9_1077,chr9,107800000,107700000
chr9_1078,chr9,107900000,107800000
chr9_1079,chr9,108000000,107900000
chr9_1080,chr9,108100000,108000000
chr9_1081,chr9,108200000,108100000
chr9_1082,chr9,108300000,108200000
chr9_1083,chr9,108400000,108300000
chr9_1084,chr9,108500000,108400000
chr9_1085,chr9,108600000,108500000
chr9_1086,chr9,108700000,108600000
chr9_1087,chr9,108800000,108700000
chr9_1088,chr9,108900000,108800000
chr9_1089,chr9,109000000,108900000
chr9_1090,chr9,109100000,109000000
chr9_1091,chr9,109200000,109100000
chr9_1092,chr9,109300000,109200000
chr9_1093,chr9,109400000,109300000
chr9_1094,chr9,109500000,109400000
chr9_1095,chr9,109600000,109500000
chr9_1096,chr9,109700000,109600000
chr9_1097,chr9,109800000,109700000
chr9_1098,chr9,109900000,109800000
chr9_1099,chr9,110000000,109900000
chr9_1100,chr9,110100000,110000000
chr9_1101,chr9,110200000,110100000
chr9_1102,chr9,110300000,110200000
chr9_1103,chr9,110400000,110300000
chr9_1104,chr9,110500000,110400000
chr9_1105,chr9,110600000,110500000
chr9_1106,chr9,110700000,110600000
chr9_1107,chr9,110800000,110700000
chr9_1108,chr9,110900000,110800000
chr9_1109,chr9,111000000,110900000
chr9_1110,chr9,111100000,111000000
chr9_1111,chr9,111200000,111100000
chr9_1112,chr9,111300000,111200000
chr9_1113,chr9,111400000,111300000
chr9_1114,chr9,111500000,111400000
chr9_1115,chr9,111600000,111500000
chr9_1116,chr9,111700000,111600000
chr9_1117,chr9,111800000,111700000
chr9_1118,chr9,111900000,111800000
chr9_1119,chr9,112000000,111900000
chr9_1120,chr9,112100000,112000000
chr9_1121,chr9,112200000,112100000
chr9_1122,chr9,112300000,112200000
chr9_1123,chr9,112400000,112300000
chr9_1124,chr9,112500000,112400000
chr9_1125,chr9,112600000,112500000
chr9_1126,chr9,112700000,112600000
chr9_1127,chr9,112800000,112700000
chr9_1128,chr9,112900000,112800000
chr9_1129,chr9,113000000,112900000
chr9_1130,chr9,113100000,113000000
chr9_1131,chr9,113200000,113100000
chr9_1132,chr9,113300000,113200000
chr9_1133,chr9,113400000,113300000
chr9_1134,chr9,113500000,113400000
chr9_1135,chr9,113600000,113500000
chr9_1136,chr9,113700000,113600000
chr9_1137,chr9,113800000,113700000
chr9_1138,chr9,113900000,113800000
chr9_1139,chr9,114000000,113900000
chr9_1140,chr9,114100000,114000000
chr9_1141,chr9,114200000,114100000
chr9_1142,chr9,114300000,114200000
chr9_1143,chr9,114400000,114300000
chr9_1144,chr9,114500000,114400000
chr9_1145,chr9,114600000,114500000
chr9_1146,chr9,114700000,114600000
chr9_1147,chr9,114800000,114700000
chr9_1148,chr9,114900000,114800000
chr9_1149,chr9,115000000,114900000
chr9_1150,chr9,115100000,115000000
chr9_1151,chr9,115200000,115100000
chr9_1152,chr9,115300000,115200000
chr9_1153,chr9,115400000,115300000
chr9_1154,chr9,115500000,115400000
chr9_1155,chr9,115600000,115500000
chr9_1156,chr9,115700000,115600000
chr9_1157,chr9,115800000,115700000
chr9_1158,chr9,115900000,115800000
chr9_1159,chr9,116000000,115900000
chr9_1160,chr9,116100000,116000000
chr9_1161,chr9,116200000,116100000
chr9_1162,chr9,116300000,116200000
chr9_1163,chr9,116400000,116300000
chr9_1164,chr9,116500000,116400000
chr9_1165,chr9,116600000,116500000
chr9_1166,chr9,116700000,116600000
chr9_1167,chr9,116800000,116700000
chr9_1168,chr9,116900000,116800000
chr9_1169,chr9,117000000,116900000
chr9_1170,chr9,117100000,117000000
chr9_1171,chr9,117200000,117100000
chr9_1172,chr9,117300000,117200000
chr9_1173,chr9,117400000,117300000
chr9_1174,chr9,117500000,117400000
chr9_1175,chr9,117600000,117500000
chr9_1176,chr9,117700000,117600000
chr9_1177,chr9,117800000,117700000
chr9_1178,chr9,117900000,117800000
chr9_1179,chr9,118000000,117900000
chr9_1180,chr9,118100000,118000000
chr9_1181,chr9,118200000,118100000
chr9_1182,chr9,118300000,118200000
chr9_1183,chr9,118400000,118300000
chr9_1184,chr9,118500000,118400000
chr9_1185,chr9,118600000,118500000
chr9_1186,chr9,118700000,118600000
chr9_1187,chr9,118800000,118700000
chr9_1188,chr9,118900000,118800000
chr9_1189,chr9,119000000,118900000
chr9_1190,chr9,119100000,119000000
chr9_1191,chr9,119200000,119100000
chr9_1192,chr9,119300000,119200000
chr9_1193,chr9,119400000,119300000
chr9_1194,chr9,119500000,119400000
chr9_1195,chr9,119600000,119500000
chr9_1196,chr9,119700000,119600000
chr9_1197,chr9,119800000,119700000
chr9_1198,chr9,119900000,119800000
chr9_1199,chr9,120000000,119900000
chr9_1200,chr9,120100000,120000000
chr9_1201,chr9,120200000,120100000
chr9_1202,chr9,120300000,120200000
chr9_1203,chr9,120400000,120300000
chr9_1204,chr9,120500000,120400000
chr9_1205,chr9,120600000,120500000
chr9_1206,chr9,120700000,120600000
chr9_1207,chr9,120800000,120700000
chr9_1208,chr9,120900000,120800000
chr9_1209,chr9,121000000,120900000
chr9_1210,chr9,121100000,121000000
chr9_1211,chr9,121200000,121100000
chr9_1212,chr9,121300000,121200000
chr9_1213,chr9,121400000,121300000
chr9_1214,chr9,121500000,121400000
chr9_1215,chr9,121600000,121500000
chr9_1216,chr9,121700000,121600000
chr9_1217,chr9,121800000,121700000
chr9_1218,chr9,121900000,121800000
chr9_1219,chr9,122000000,121900000
chr9_1220,chr9,122100000,122000000
chr9_1221,chr9,122200000,122100000
chr9_1222,chr9,122300000,122200000
chr9_1223,chr9,122400000,122300000
chr9_1224,chr9,122500000,122400000
chr9_1225,chr9,122600000,122500000
chr9_1226,chr9,122700000,122600000
chr9_1227,chr9,122800000,122700000
chr9_1228,chr9,122900000,122800000
chr9_1229,chr9,123000000,122900000
chr9_1230,chr9,123100000,123000000
chr9_1231,chr9,123200000,123100000
chr9_1232,chr9,123300000,123200000
chr9_1233,chr9,123400000,123300000
chr9_1234,chr9,123500000,123400000
chr9_1235,chr9,123600000,123500000
chr9_1236,chr9,123700000,123600000
chr9_1237,chr9,123800000,123700000
chr9_1238,chr9,123900000,123800000
chr9_1239,chr9,124000000,123900000
chr9_1240,chr9,124100000,124000000
chr9_1241,chr9,124200000,124100000
chr9_1242,chr9,124300000,124200000
chr9_1243,chr9,124400000,124300000
chr9_1244,chr9,124500000,124400000
chr9_1245,chr9,124595110,124500000
